Loading universe + FOIA id orders ...
  n universe = 1,860,867
  n FOIA anchors = 208
Loading shocks from /n/holylabs/LABS/pakes_lab/Lab/sci_eq/analysis/first_stage/output/did_coefs_eb_price.dta ...
  markets with shocks: 46
  g_k stats: mean=0.0669  sd=0.1804  min=-0.3961  max=0.7120
Loading W (tag='', k=3) ...
  W shape: (1860867, 208)  nnz: 5,011,841
  W rows with any weight: 1,783,003/1,860,867
  W row-sum stats (nonzero rows): mean=1.0000  p5=1.0000  p95=1.0000
Computing FOIA pre-period characteristics ...

==============================================================================
version=hc   method=knn   tag=''
==============================================================================
Building FOIA share matrix S from ../../external/exposure_wts/athr_exposure_by_category_hc.dta (version=hc) ...
  S shape: (208, 46)  nnz: 1,414  density: 0.1478
  FOIA PIs with >=1 treated-market share: 208 / 208
  per-market raw FOIA coverage: min=3  p5=3  p50=27  p95=66  max=106

  EB information spend cap: $53,308
  raw denominator spend: median=$12,108  p90=$53,308  max=$102,969
  effective EB spend: median=$12,108  p90=$52,728  max=$53,308

  --- Treated-market anchor support ---
  effective FOIA count by market: min=1.52  p25=3.82  p50=9.05  p75=15.38  max=44.44
  ten thinnest treated markets:
    nucleic acid modifying enzymes - klenow fragment  raw_n=  5  N_eff= 1.52  top_share=81%
    dulbecco's phosphate-buffered saline (dpbs) buffer  raw_n=  9  N_eff= 1.85  top_share=72%
    mes-sds buffer                            raw_n=  8  N_eff= 2.12  top_share=66%
    column-based microbial dna purification kits  raw_n=  3  N_eff= 2.14  top_share=56%
    pre-cast tris-tricine gels                raw_n=  3  N_eff= 2.33  top_share=59%
    pre-cast bis-tris gels                    raw_n= 16  N_eff= 2.38  top_share=63%
    laemmli sample buffer                     raw_n=  3  N_eff= 2.73  top_share=42%
    horse serum                               raw_n=  9  N_eff= 2.75  top_share=53%
    lds sample buffer                         raw_n=  3  N_eff= 2.88  top_share=43%
    nucleic acid modifying enzymes - t4 polynucleotide kinase  raw_n=  8  N_eff= 3.29  top_share=48%

Imputing shares (method=knn) ...
Aggregating: z_hat = S_hat @ g, S_sum = rowsum(S_hat) ...
  effective number of shocks (BHJ-style): 19.06

  --- Exposure level comparison ---
  FOIA exposure after chosen EB specification:
    n nonzero PIs: 208/208
    mean=+0.02374  sd=0.05634  med=+0.01117
  Universe imputed exposure:
    n nonzero authors: 1,783,003/1,860,867
    mean=+0.02555  sd=0.03804  med=+0.01720

--- Shock balance (Borusyak-Hull-Jaravel) ---
  Regression: g_k = a + b * X_bar_k + e, weights = Sum_i s_ik
  H0: shocks are quasi-randomly assigned wrt pre-period X => b approx 0

  characteristic                beta          se        t       p
  log_total_spend            +0.1082      0.0382    +2.83   0.005
  log_lab_spend              +0.0979      0.0349    +2.81   0.005
  n_cats                     +0.0032      0.0013    +2.54   0.011
  lab_share                  -0.0207      0.3763    -0.05   0.956

  top-10 |Rotemberg weight| markets:
    us fbs                                    alpha_k=+0.656  s_bar=0.0334  g=+0.4812  N_eff_anchor=25.97
    chemiluminescent substrates               alpha_k=+0.121  s_bar=0.0192  g=+0.1540  N_eff_anchor=44.44
    site-directed mutagenesis systems         alpha_k=-0.120  s_bar=0.0074  g=-0.3961  N_eff_anchor=17.30
    column-based microbial dna purification kits  alpha_k=+0.108  s_bar=0.0069  g=+0.3817  N_eff_anchor=2.14
    first-strand cdna synthesis systems       alpha_k=+0.085  s_bar=0.0106  g=+0.1964  N_eff_anchor=13.31
    column-based gel dna extraction kits      alpha_k=-0.083  s_bar=0.0212  g=-0.0957  N_eff_anchor=12.35
    pre-cast bis-tris gels                    alpha_k=+0.080  s_bar=0.0066  g=+0.2985  N_eff_anchor=2.38
    cell culture dissociation reagents        alpha_k=+0.053  s_bar=0.0051  g=+0.2543  N_eff_anchor=3.81
    cell culture nutritional supplements - tryptone  alpha_k=+0.050  s_bar=0.0082  g=+0.1471  N_eff_anchor=12.15
    rnase inhibitors                          alpha_k=-0.044  s_bar=0.0048  g=-0.2215  N_eff_anchor=6.85
  ls filter (../../external/us_appended_text/author_ls_authors_indiv.csv): kept 1,420,921/1,860,867
  Saved ../../output/eb_market_support_hc_lsa_k3.csv
  Saved ../../output/shock_balance_hc_lsa_k3.csv
  Saved ../../output/final_imputed_shift_share_hc_lsa_k3.csv
  Saved ../../output/imputed_shares_matrix_hc_lsa_k3.npz
  Saved ../../output/imputed_shares_markets_hc_lsa_k3.csv

==============================================================================
version=all   method=knn   tag=''
==============================================================================
Building FOIA share matrix S from ../../external/exposure_wts/athr_exposure_by_category_all.dta (version=all) ...
  S shape: (208, 46)  nnz: 1,414  density: 0.1478
  FOIA PIs with >=1 treated-market share: 208 / 208
  per-market raw FOIA coverage: min=3  p5=3  p50=27  p95=66  max=106

  EB information spend cap: $130,173
  raw denominator spend: median=$32,071  p90=$130,173  max=$218,213
  effective EB spend: median=$32,071  p90=$129,558  max=$130,173

  --- Treated-market anchor support ---
  effective FOIA count by market: min=1.52  p25=3.82  p50=8.93  p75=14.93  max=46.93
  ten thinnest treated markets:
    nucleic acid modifying enzymes - klenow fragment  raw_n=  5  N_eff= 1.52  top_share=81%
    dulbecco's phosphate-buffered saline (dpbs) buffer  raw_n=  9  N_eff= 1.88  top_share=71%
    mes-sds buffer                            raw_n=  8  N_eff= 2.13  top_share=66%
    column-based microbial dna purification kits  raw_n=  3  N_eff= 2.14  top_share=56%
    pre-cast bis-tris gels                    raw_n= 16  N_eff= 2.33  top_share=64%
    laemmli sample buffer                     raw_n=  3  N_eff= 2.62  top_share=44%
    pre-cast tris-tricine gels                raw_n=  3  N_eff= 2.64  top_share=50%
    lds sample buffer                         raw_n=  3  N_eff= 2.74  top_share=48%
    horse serum                               raw_n=  9  N_eff= 2.84  top_share=49%
    high-fidelity dna polymerase              raw_n= 27  N_eff= 3.31  top_share=53%

Imputing shares (method=knn) ...
Aggregating: z_hat = S_hat @ g, S_sum = rowsum(S_hat) ...
  effective number of shocks (BHJ-style): 18.08

  --- Exposure level comparison ---
  FOIA exposure after chosen EB specification:
    n nonzero PIs: 208/208
    mean=+0.01120  sd=0.03150  med=+0.00402
  Universe imputed exposure:
    n nonzero authors: 1,783,003/1,860,867
    mean=+0.01313  sd=0.02276  med=+0.00741

--- Shock balance (Borusyak-Hull-Jaravel) ---
  Regression: g_k = a + b * X_bar_k + e, weights = Sum_i s_ik
  H0: shocks are quasi-randomly assigned wrt pre-period X => b approx 0

  characteristic                beta          se        t       p
  log_total_spend            +0.0480      0.0295    +1.63   0.104
  log_lab_spend              +0.0471      0.0286    +1.65   0.100
  n_cats                     +0.0018      0.0012    +1.47   0.142
  lab_share                  -0.3938      0.4526    -0.87   0.384

  top-10 |Rotemberg weight| markets:
    us fbs                                    alpha_k=+0.542  s_bar=0.0142  g=+0.4812  N_eff_anchor=26.30
    column-based microbial dna purification kits  alpha_k=+0.188  s_bar=0.0062  g=+0.3817  N_eff_anchor=2.14
    chemiluminescent substrates               alpha_k=+0.114  s_bar=0.0093  g=+0.1540  N_eff_anchor=46.93
    first-strand cdna synthesis systems       alpha_k=+0.101  s_bar=0.0065  g=+0.1964  N_eff_anchor=13.58
    site-directed mutagenesis systems         alpha_k=-0.076  s_bar=0.0024  g=-0.3961  N_eff_anchor=17.38
    pre-cast bis-tris gels                    alpha_k=+0.063  s_bar=0.0026  g=+0.2985  N_eff_anchor=2.33
    column-based gel dna extraction kits      alpha_k=-0.051  s_bar=0.0067  g=-0.0957  N_eff_anchor=12.35
    cell culture nutritional supplements - tryptone  alpha_k=+0.051  s_bar=0.0043  g=+0.1471  N_eff_anchor=11.36
    cell culture dissociation reagents        alpha_k=+0.037  s_bar=0.0018  g=+0.2543  N_eff_anchor=3.73
    rnase inhibitors                          alpha_k=-0.031  s_bar=0.0017  g=-0.2215  N_eff_anchor=6.85
  ls filter (../../external/us_appended_text/author_ls_authors_indiv.csv): kept 1,420,921/1,860,867
  Saved ../../output/eb_market_support_all_lsa_k3.csv
  Saved ../../output/shock_balance_all_lsa_k3.csv
  Saved ../../output/final_imputed_shift_share_all_lsa_k3.csv
  Saved ../../output/imputed_shares_matrix_all_lsa_k3.npz
  Saved ../../output/imputed_shares_markets_all_lsa_k3.csv

==============================================================================
version=treated_hc   method=knn   tag=''
==============================================================================
Building FOIA share matrix S from ../../external/exposure_wts/athr_exposure_by_category_treated_hc.dta (version=treated_hc) ...
  S shape: (208, 46)  nnz: 1,414  density: 0.1478
  FOIA PIs with >=1 treated-market share: 208 / 208
  per-market raw FOIA coverage: min=3  p5=3  p50=27  p95=66  max=106

  EB information spend cap: $13,716
  raw denominator spend: median=$2,175  p90=$13,716  max=$51,286
  effective EB spend: median=$2,175  p90=$13,403  max=$13,716

  --- Treated-market anchor support ---
  effective FOIA count by market: min=1.52  p25=5.04  p50=8.15  p75=16.58  max=45.72
  ten thinnest treated markets:
    nucleic acid modifying enzymes - klenow fragment  raw_n=  5  N_eff= 1.52  top_share=81%
    column-based microbial dna purification kits  raw_n=  3  N_eff= 2.14  top_share=56%
    dulbecco's phosphate-buffered saline (dpbs) buffer  raw_n=  9  N_eff= 2.32  top_share=62%
    pre-cast tris-tricine gels                raw_n=  3  N_eff= 2.57  top_share=53%
    mes-sds buffer                            raw_n=  8  N_eff= 2.62  top_share=58%
    lds sample buffer                         raw_n=  3  N_eff= 2.64  top_share=50%
    laemmli sample buffer                     raw_n=  3  N_eff= 2.67  top_share=48%
    horse serum                               raw_n=  9  N_eff= 2.97  top_share=42%
    nucleic acid modifying enzymes - t4 polynucleotide kinase  raw_n=  8  N_eff= 3.16  top_share=53%
    pre-cast bis-tris gels                    raw_n= 16  N_eff= 3.30  top_share=52%

Imputing shares (method=knn) ...
Aggregating: z_hat = S_hat @ g, S_sum = rowsum(S_hat) ...
  effective number of shocks (BHJ-style): 19.31

  --- Exposure level comparison ---
  FOIA exposure after chosen EB specification:
    n nonzero PIs: 208/208
    mean=+0.08127  sd=0.13144  med=+0.05980
  Universe imputed exposure:
    n nonzero authors: 1,783,003/1,860,867
    mean=+0.09710  sd=0.09350  med=+0.08637

--- Shock balance (Borusyak-Hull-Jaravel) ---
  Regression: g_k = a + b * X_bar_k + e, weights = Sum_i s_ik
  H0: shocks are quasi-randomly assigned wrt pre-period X => b approx 0

  characteristic                beta          se        t       p
  log_total_spend            +0.1909      0.0543    +3.51   0.000
  log_lab_spend              +0.1793      0.0508    +3.53   0.000
  n_cats                     +0.0048      0.0016    +2.98   0.003
  lab_share                  +0.0794      0.5774    +0.14   0.891

  top-10 |Rotemberg weight| markets:
    us fbs                                    alpha_k=+0.615  s_bar=0.1189  g=+0.4812  N_eff_anchor=32.00
    chemiluminescent substrates               alpha_k=+0.148  s_bar=0.0895  g=+0.1540  N_eff_anchor=45.72
    first-strand cdna synthesis systems       alpha_k=+0.115  s_bar=0.0547  g=+0.1964  N_eff_anchor=19.56
    site-directed mutagenesis systems         alpha_k=-0.108  s_bar=0.0253  g=-0.3961  N_eff_anchor=17.98
    cell culture nutritional supplements - tryptone  alpha_k=+0.058  s_bar=0.0370  g=+0.1471  N_eff_anchor=11.69
    pre-cast bis-tris gels                    alpha_k=+0.056  s_bar=0.0174  g=+0.2985  N_eff_anchor=3.30
    column-based gel dna extraction kits      alpha_k=-0.051  s_bar=0.0499  g=-0.0957  N_eff_anchor=11.41
    acrylamide-bis solution                   alpha_k=+0.049  s_bar=0.0418  g=+0.1082  N_eff_anchor=18.18
    cell culture dissociation reagents        alpha_k=+0.038  s_bar=0.0139  g=+0.2543  N_eff_anchor=5.48
    column-based dna plasmid miniprep         alpha_k=+0.035  s_bar=0.0251  g=+0.1307  N_eff_anchor=16.74
  ls filter (../../external/us_appended_text/author_ls_authors_indiv.csv): kept 1,420,921/1,860,867
  Saved ../../output/eb_market_support_treated_hc_lsa_k3.csv
  Saved ../../output/shock_balance_treated_hc_lsa_k3.csv
  Saved ../../output/final_imputed_shift_share_treated_hc_lsa_k3.csv
  Saved ../../output/imputed_shares_matrix_treated_hc_lsa_k3.npz
  Saved ../../output/imputed_shares_markets_treated_hc_lsa_k3.csv

==============================================================================
Per-version shift-share imputation summary
==============================================================================
   version method  eb_enabled eb_prior  eb_field_eta  eb_spend_cap  n_foia_with_raw_shares  n_foia_nonzero_after_eb  z_hat_mean_universe  z_hat_sd_universe  S_sum_mean_universe  S_sum_sd_universe  eff_n_shocks  min_market_anchor_neff  median_market_anchor_neff
        hc    knn       False     none           NaN    53307.8746                     208                      208               0.0245             0.0376               0.2526             0.1307       19.0640                  1.5156                     9.0524
       all    knn       False     none           NaN   130172.8219                     208                      208               0.0126             0.0224               0.1098             0.0768       18.0821                  1.5156                     8.9335
treated_hc    knn       False     none           NaN    13716.4630                     208                      208               0.0930             0.0936               0.9582             0.2002       19.3124                  1.5156                     8.1467

Saved ../../output/shift_share_summary_lsa_k3.csv
Done!
Loading universe + FOIA id orders ...
  n universe = 1,860,867
  n FOIA anchors = 208
Loading shocks from /n/holylabs/LABS/pakes_lab/Lab/sci_eq/analysis/first_stage/output/did_coefs_eb_price.dta ...
  markets with shocks: 46
  g_k stats: mean=0.0669  sd=0.1804  min=-0.3961  max=0.7120
Loading W (tag='', k=3) ...
  W shape: (1860867, 208)  nnz: 5,011,841
  W rows with any weight: 1,783,003/1,860,867
  W row-sum stats (nonzero rows): mean=1.0000  p5=1.0000  p95=1.0000
Computing FOIA pre-period characteristics ...

==============================================================================
version=hc   method=knn   tag=''
==============================================================================
Building FOIA share matrix S from ../../external/exposure_wts/athr_exposure_by_category_hc.dta (version=hc) ...
  S shape: (208, 46)  nnz: 1,414  density: 0.1478
  FOIA PIs with >=1 treated-market share: 208 / 208
  per-market raw FOIA coverage: min=3  p5=3  p50=27  p95=66  max=106

  EB information spend cap: $53,308
  raw denominator spend: median=$12,108  p90=$53,308  max=$102,969
  effective EB spend: median=$12,108  p90=$52,728  max=$53,308

  --- Treated-market anchor support ---
  effective FOIA count by market: min=1.52  p25=3.82  p50=9.05  p75=15.38  max=44.44
  ten thinnest treated markets:
    nucleic acid modifying enzymes - klenow fragment  raw_n=  5  N_eff= 1.52  top_share=81%
    dulbecco's phosphate-buffered saline (dpbs) buffer  raw_n=  9  N_eff= 1.85  top_share=72%
    mes-sds buffer                            raw_n=  8  N_eff= 2.12  top_share=66%
    column-based microbial dna purification kits  raw_n=  3  N_eff= 2.14  top_share=56%
    pre-cast tris-tricine gels                raw_n=  3  N_eff= 2.33  top_share=59%
    pre-cast bis-tris gels                    raw_n= 16  N_eff= 2.38  top_share=63%
    laemmli sample buffer                     raw_n=  3  N_eff= 2.73  top_share=42%
    horse serum                               raw_n=  9  N_eff= 2.75  top_share=53%
    lds sample buffer                         raw_n=  3  N_eff= 2.88  top_share=43%
    nucleic acid modifying enzymes - t4 polynucleotide kinase  raw_n=  8  N_eff= 3.29  top_share=48%

Imputing shares (method=knn) ...
Aggregating: z_hat = S_hat @ g, S_sum = rowsum(S_hat) ...
  effective number of shocks (BHJ-style): 19.06

  --- Exposure level comparison ---
  FOIA exposure after chosen EB specification:
    n nonzero PIs: 208/208
    mean=+0.02374  sd=0.05634  med=+0.01117
  Universe imputed exposure:
    n nonzero authors: 1,783,003/1,860,867
    mean=+0.02555  sd=0.03804  med=+0.01720

--- Shock balance (Borusyak-Hull-Jaravel) ---
  Regression: g_k = a + b * X_bar_k + e, weights = Sum_i s_ik
  H0: shocks are quasi-randomly assigned wrt pre-period X => b approx 0

  characteristic                beta          se        t       p
  log_total_spend            +0.1082      0.0382    +2.83   0.005
  log_lab_spend              +0.0979      0.0349    +2.81   0.005
  n_cats                     +0.0032      0.0013    +2.54   0.011
  lab_share                  -0.0207      0.3763    -0.05   0.956

  top-10 |Rotemberg weight| markets:
    us fbs                                    alpha_k=+0.656  s_bar=0.0334  g=+0.4812  N_eff_anchor=25.97
    chemiluminescent substrates               alpha_k=+0.121  s_bar=0.0192  g=+0.1540  N_eff_anchor=44.44
    site-directed mutagenesis systems         alpha_k=-0.120  s_bar=0.0074  g=-0.3961  N_eff_anchor=17.30
    column-based microbial dna purification kits  alpha_k=+0.108  s_bar=0.0069  g=+0.3817  N_eff_anchor=2.14
    first-strand cdna synthesis systems       alpha_k=+0.085  s_bar=0.0106  g=+0.1964  N_eff_anchor=13.31
    column-based gel dna extraction kits      alpha_k=-0.083  s_bar=0.0212  g=-0.0957  N_eff_anchor=12.35
    pre-cast bis-tris gels                    alpha_k=+0.080  s_bar=0.0066  g=+0.2985  N_eff_anchor=2.38
    cell culture dissociation reagents        alpha_k=+0.053  s_bar=0.0051  g=+0.2543  N_eff_anchor=3.81
    cell culture nutritional supplements - tryptone  alpha_k=+0.050  s_bar=0.0082  g=+0.1471  N_eff_anchor=12.15
    rnase inhibitors                          alpha_k=-0.044  s_bar=0.0048  g=-0.2215  N_eff_anchor=6.85
  cluster filter (../../external/us_appended_text/author_static_clusters_30_lsa.csv, min-foia-per-cluster=1): kept 1,130,108/1,860,867
  ls filter (../../external/us_appended_text/author_ls_authors_indiv.csv): kept 1,130,108/1,130,108
  Saved ../../output/eb_market_support_hc_cf_lsa_k3.csv
  Saved ../../output/shock_balance_hc_cf_lsa_k3.csv
  Saved ../../output/final_imputed_shift_share_hc_cf_lsa_k3.csv
  Saved ../../output/imputed_shares_matrix_hc_cf_lsa_k3.npz
  Saved ../../output/imputed_shares_markets_hc_cf_lsa_k3.csv

==============================================================================
version=all   method=knn   tag=''
==============================================================================
Building FOIA share matrix S from ../../external/exposure_wts/athr_exposure_by_category_all.dta (version=all) ...
  S shape: (208, 46)  nnz: 1,414  density: 0.1478
  FOIA PIs with >=1 treated-market share: 208 / 208
  per-market raw FOIA coverage: min=3  p5=3  p50=27  p95=66  max=106

  EB information spend cap: $130,173
  raw denominator spend: median=$32,071  p90=$130,173  max=$218,213
  effective EB spend: median=$32,071  p90=$129,558  max=$130,173

  --- Treated-market anchor support ---
  effective FOIA count by market: min=1.52  p25=3.82  p50=8.93  p75=14.93  max=46.93
  ten thinnest treated markets:
    nucleic acid modifying enzymes - klenow fragment  raw_n=  5  N_eff= 1.52  top_share=81%
    dulbecco's phosphate-buffered saline (dpbs) buffer  raw_n=  9  N_eff= 1.88  top_share=71%
    mes-sds buffer                            raw_n=  8  N_eff= 2.13  top_share=66%
    column-based microbial dna purification kits  raw_n=  3  N_eff= 2.14  top_share=56%
    pre-cast bis-tris gels                    raw_n= 16  N_eff= 2.33  top_share=64%
    laemmli sample buffer                     raw_n=  3  N_eff= 2.62  top_share=44%
    pre-cast tris-tricine gels                raw_n=  3  N_eff= 2.64  top_share=50%
    lds sample buffer                         raw_n=  3  N_eff= 2.74  top_share=48%
    horse serum                               raw_n=  9  N_eff= 2.84  top_share=49%
    high-fidelity dna polymerase              raw_n= 27  N_eff= 3.31  top_share=53%

Imputing shares (method=knn) ...
Aggregating: z_hat = S_hat @ g, S_sum = rowsum(S_hat) ...
  effective number of shocks (BHJ-style): 18.08

  --- Exposure level comparison ---
  FOIA exposure after chosen EB specification:
    n nonzero PIs: 208/208
    mean=+0.01120  sd=0.03150  med=+0.00402
  Universe imputed exposure:
    n nonzero authors: 1,783,003/1,860,867
    mean=+0.01313  sd=0.02276  med=+0.00741

--- Shock balance (Borusyak-Hull-Jaravel) ---
  Regression: g_k = a + b * X_bar_k + e, weights = Sum_i s_ik
  H0: shocks are quasi-randomly assigned wrt pre-period X => b approx 0

  characteristic                beta          se        t       p
  log_total_spend            +0.0480      0.0295    +1.63   0.104
  log_lab_spend              +0.0471      0.0286    +1.65   0.100
  n_cats                     +0.0018      0.0012    +1.47   0.142
  lab_share                  -0.3938      0.4526    -0.87   0.384

  top-10 |Rotemberg weight| markets:
    us fbs                                    alpha_k=+0.542  s_bar=0.0142  g=+0.4812  N_eff_anchor=26.30
    column-based microbial dna purification kits  alpha_k=+0.188  s_bar=0.0062  g=+0.3817  N_eff_anchor=2.14
    chemiluminescent substrates               alpha_k=+0.114  s_bar=0.0093  g=+0.1540  N_eff_anchor=46.93
    first-strand cdna synthesis systems       alpha_k=+0.101  s_bar=0.0065  g=+0.1964  N_eff_anchor=13.58
    site-directed mutagenesis systems         alpha_k=-0.076  s_bar=0.0024  g=-0.3961  N_eff_anchor=17.38
    pre-cast bis-tris gels                    alpha_k=+0.063  s_bar=0.0026  g=+0.2985  N_eff_anchor=2.33
    column-based gel dna extraction kits      alpha_k=-0.051  s_bar=0.0067  g=-0.0957  N_eff_anchor=12.35
    cell culture nutritional supplements - tryptone  alpha_k=+0.051  s_bar=0.0043  g=+0.1471  N_eff_anchor=11.36
    cell culture dissociation reagents        alpha_k=+0.037  s_bar=0.0018  g=+0.2543  N_eff_anchor=3.73
    rnase inhibitors                          alpha_k=-0.031  s_bar=0.0017  g=-0.2215  N_eff_anchor=6.85
  cluster filter (../../external/us_appended_text/author_static_clusters_30_lsa.csv, min-foia-per-cluster=1): kept 1,130,108/1,860,867
  ls filter (../../external/us_appended_text/author_ls_authors_indiv.csv): kept 1,130,108/1,130,108
  Saved ../../output/eb_market_support_all_cf_lsa_k3.csv
  Saved ../../output/shock_balance_all_cf_lsa_k3.csv
  Saved ../../output/final_imputed_shift_share_all_cf_lsa_k3.csv
  Saved ../../output/imputed_shares_matrix_all_cf_lsa_k3.npz
  Saved ../../output/imputed_shares_markets_all_cf_lsa_k3.csv

==============================================================================
version=treated_hc   method=knn   tag=''
==============================================================================
Building FOIA share matrix S from ../../external/exposure_wts/athr_exposure_by_category_treated_hc.dta (version=treated_hc) ...
  S shape: (208, 46)  nnz: 1,414  density: 0.1478
  FOIA PIs with >=1 treated-market share: 208 / 208
  per-market raw FOIA coverage: min=3  p5=3  p50=27  p95=66  max=106

  EB information spend cap: $13,716
  raw denominator spend: median=$2,175  p90=$13,716  max=$51,286
  effective EB spend: median=$2,175  p90=$13,403  max=$13,716

  --- Treated-market anchor support ---
  effective FOIA count by market: min=1.52  p25=5.04  p50=8.15  p75=16.58  max=45.72
  ten thinnest treated markets:
    nucleic acid modifying enzymes - klenow fragment  raw_n=  5  N_eff= 1.52  top_share=81%
    column-based microbial dna purification kits  raw_n=  3  N_eff= 2.14  top_share=56%
    dulbecco's phosphate-buffered saline (dpbs) buffer  raw_n=  9  N_eff= 2.32  top_share=62%
    pre-cast tris-tricine gels                raw_n=  3  N_eff= 2.57  top_share=53%
    mes-sds buffer                            raw_n=  8  N_eff= 2.62  top_share=58%
    lds sample buffer                         raw_n=  3  N_eff= 2.64  top_share=50%
    laemmli sample buffer                     raw_n=  3  N_eff= 2.67  top_share=48%
    horse serum                               raw_n=  9  N_eff= 2.97  top_share=42%
    nucleic acid modifying enzymes - t4 polynucleotide kinase  raw_n=  8  N_eff= 3.16  top_share=53%
    pre-cast bis-tris gels                    raw_n= 16  N_eff= 3.30  top_share=52%

Imputing shares (method=knn) ...
Aggregating: z_hat = S_hat @ g, S_sum = rowsum(S_hat) ...
  effective number of shocks (BHJ-style): 19.31

  --- Exposure level comparison ---
  FOIA exposure after chosen EB specification:
    n nonzero PIs: 208/208
    mean=+0.08127  sd=0.13144  med=+0.05980
  Universe imputed exposure:
    n nonzero authors: 1,783,003/1,860,867
    mean=+0.09710  sd=0.09350  med=+0.08637

--- Shock balance (Borusyak-Hull-Jaravel) ---
  Regression: g_k = a + b * X_bar_k + e, weights = Sum_i s_ik
  H0: shocks are quasi-randomly assigned wrt pre-period X => b approx 0

  characteristic                beta          se        t       p
  log_total_spend            +0.1909      0.0543    +3.51   0.000
  log_lab_spend              +0.1793      0.0508    +3.53   0.000
  n_cats                     +0.0048      0.0016    +2.98   0.003
  lab_share                  +0.0794      0.5774    +0.14   0.891

  top-10 |Rotemberg weight| markets:
    us fbs                                    alpha_k=+0.615  s_bar=0.1189  g=+0.4812  N_eff_anchor=32.00
    chemiluminescent substrates               alpha_k=+0.148  s_bar=0.0895  g=+0.1540  N_eff_anchor=45.72
    first-strand cdna synthesis systems       alpha_k=+0.115  s_bar=0.0547  g=+0.1964  N_eff_anchor=19.56
    site-directed mutagenesis systems         alpha_k=-0.108  s_bar=0.0253  g=-0.3961  N_eff_anchor=17.98
    cell culture nutritional supplements - tryptone  alpha_k=+0.058  s_bar=0.0370  g=+0.1471  N_eff_anchor=11.69
    pre-cast bis-tris gels                    alpha_k=+0.056  s_bar=0.0174  g=+0.2985  N_eff_anchor=3.30
    column-based gel dna extraction kits      alpha_k=-0.051  s_bar=0.0499  g=-0.0957  N_eff_anchor=11.41
    acrylamide-bis solution                   alpha_k=+0.049  s_bar=0.0418  g=+0.1082  N_eff_anchor=18.18
    cell culture dissociation reagents        alpha_k=+0.038  s_bar=0.0139  g=+0.2543  N_eff_anchor=5.48
    column-based dna plasmid miniprep         alpha_k=+0.035  s_bar=0.0251  g=+0.1307  N_eff_anchor=16.74
  cluster filter (../../external/us_appended_text/author_static_clusters_30_lsa.csv, min-foia-per-cluster=1): kept 1,130,108/1,860,867
  ls filter (../../external/us_appended_text/author_ls_authors_indiv.csv): kept 1,130,108/1,130,108
  Saved ../../output/eb_market_support_treated_hc_cf_lsa_k3.csv
  Saved ../../output/shock_balance_treated_hc_cf_lsa_k3.csv
  Saved ../../output/final_imputed_shift_share_treated_hc_cf_lsa_k3.csv
  Saved ../../output/imputed_shares_matrix_treated_hc_cf_lsa_k3.npz
  Saved ../../output/imputed_shares_markets_treated_hc_cf_lsa_k3.csv

==============================================================================
Per-version shift-share imputation summary
==============================================================================
   version method  eb_enabled eb_prior  eb_field_eta  eb_spend_cap  n_foia_with_raw_shares  n_foia_nonzero_after_eb  z_hat_mean_universe  z_hat_sd_universe  S_sum_mean_universe  S_sum_sd_universe  eff_n_shocks  min_market_anchor_neff  median_market_anchor_neff
        hc    knn       False     none           NaN    53307.8746                     208                      208               0.0245             0.0376               0.2526             0.1307       19.0640                  1.5156                     9.0524
       all    knn       False     none           NaN   130172.8219                     208                      208               0.0126             0.0224               0.1098             0.0768       18.0821                  1.5156                     8.9335
treated_hc    knn       False     none           NaN    13716.4630                     208                      208               0.0930             0.0936               0.9582             0.2002       19.3124                  1.5156                     8.1467

Saved ../../output/shift_share_summary_cf_lsa_k3.csv
Done!
Loading universe + FOIA id orders ...
  n universe = 1,860,867
  n FOIA anchors = 208
Loading shocks from /n/holylabs/LABS/pakes_lab/Lab/sci_eq/analysis/first_stage/output/did_coefs_eb_price.dta ...
  markets with shocks: 46
  g_k stats: mean=0.0669  sd=0.1804  min=-0.3961  max=0.7120
Loading W (tag='', k=3) ...
  W shape: (1860867, 208)  nnz: 5,011,841
  W rows with any weight: 1,783,003/1,860,867
  W row-sum stats (nonzero rows): mean=1.0000  p5=1.0000  p95=1.0000
Computing FOIA pre-period characteristics ...

==============================================================================
version=hc   method=knn   tag=''
==============================================================================
Building FOIA share matrix S from ../../external/exposure_wts/athr_exposure_by_category_hc.dta (version=hc) ...
  S shape: (208, 46)  nnz: 1,414  density: 0.1478
  FOIA PIs with >=1 treated-market share: 208 / 208
  per-market raw FOIA coverage: min=3  p5=3  p50=27  p95=66  max=106

  EB information spend cap: $53,308
  raw denominator spend: median=$12,108  p90=$53,308  max=$102,969
  effective EB spend: median=$12,108  p90=$52,728  max=$53,308

  --- Treated-market anchor support ---
  effective FOIA count by market: min=1.52  p25=3.82  p50=9.05  p75=15.38  max=44.44
  ten thinnest treated markets:
    nucleic acid modifying enzymes - klenow fragment  raw_n=  5  N_eff= 1.52  top_share=81%
    dulbecco's phosphate-buffered saline (dpbs) buffer  raw_n=  9  N_eff= 1.85  top_share=72%
    mes-sds buffer                            raw_n=  8  N_eff= 2.12  top_share=66%
    column-based microbial dna purification kits  raw_n=  3  N_eff= 2.14  top_share=56%
    pre-cast tris-tricine gels                raw_n=  3  N_eff= 2.33  top_share=59%
    pre-cast bis-tris gels                    raw_n= 16  N_eff= 2.38  top_share=63%
    laemmli sample buffer                     raw_n=  3  N_eff= 2.73  top_share=42%
    horse serum                               raw_n=  9  N_eff= 2.75  top_share=53%
    lds sample buffer                         raw_n=  3  N_eff= 2.88  top_share=43%
    nucleic acid modifying enzymes - t4 polynucleotide kinase  raw_n=  8  N_eff= 3.29  top_share=48%

Imputing shares (method=knn) ...
Aggregating: z_hat = S_hat @ g, S_sum = rowsum(S_hat) ...
  effective number of shocks (BHJ-style): 19.06

  --- Exposure level comparison ---
  FOIA exposure after chosen EB specification:
    n nonzero PIs: 208/208
    mean=+0.02374  sd=0.05634  med=+0.01117
  Universe imputed exposure:
    n nonzero authors: 1,783,003/1,860,867
    mean=+0.02555  sd=0.03804  med=+0.01720

--- Shock balance (Borusyak-Hull-Jaravel) ---
  Regression: g_k = a + b * X_bar_k + e, weights = Sum_i s_ik
  H0: shocks are quasi-randomly assigned wrt pre-period X => b approx 0

  characteristic                beta          se        t       p
  log_total_spend            +0.1082      0.0382    +2.83   0.005
  log_lab_spend              +0.0979      0.0349    +2.81   0.005
  n_cats                     +0.0032      0.0013    +2.54   0.011
  lab_share                  -0.0207      0.3763    -0.05   0.956

  top-10 |Rotemberg weight| markets:
    us fbs                                    alpha_k=+0.656  s_bar=0.0334  g=+0.4812  N_eff_anchor=25.97
    chemiluminescent substrates               alpha_k=+0.121  s_bar=0.0192  g=+0.1540  N_eff_anchor=44.44
    site-directed mutagenesis systems         alpha_k=-0.120  s_bar=0.0074  g=-0.3961  N_eff_anchor=17.30
    column-based microbial dna purification kits  alpha_k=+0.108  s_bar=0.0069  g=+0.3817  N_eff_anchor=2.14
    first-strand cdna synthesis systems       alpha_k=+0.085  s_bar=0.0106  g=+0.1964  N_eff_anchor=13.31
    column-based gel dna extraction kits      alpha_k=-0.083  s_bar=0.0212  g=-0.0957  N_eff_anchor=12.35
    pre-cast bis-tris gels                    alpha_k=+0.080  s_bar=0.0066  g=+0.2985  N_eff_anchor=2.38
    cell culture dissociation reagents        alpha_k=+0.053  s_bar=0.0051  g=+0.2543  N_eff_anchor=3.81
    cell culture nutritional supplements - tryptone  alpha_k=+0.050  s_bar=0.0082  g=+0.1471  N_eff_anchor=12.15
    rnase inhibitors                          alpha_k=-0.044  s_bar=0.0048  g=-0.2215  N_eff_anchor=6.85
  cluster filter (../../external/us_appended_text/author_static_clusters_30_lsa.csv, min-foia-per-cluster=2): kept 940,424/1,860,867
  ls filter (../../external/us_appended_text/author_ls_authors_indiv.csv): kept 940,424/940,424
  Saved ../../output/eb_market_support_hc_cf2_lsa_k3.csv
  Saved ../../output/shock_balance_hc_cf2_lsa_k3.csv
  Saved ../../output/final_imputed_shift_share_hc_cf2_lsa_k3.csv
  Saved ../../output/imputed_shares_matrix_hc_cf2_lsa_k3.npz
  Saved ../../output/imputed_shares_markets_hc_cf2_lsa_k3.csv

==============================================================================
version=all   method=knn   tag=''
==============================================================================
Building FOIA share matrix S from ../../external/exposure_wts/athr_exposure_by_category_all.dta (version=all) ...
  S shape: (208, 46)  nnz: 1,414  density: 0.1478
  FOIA PIs with >=1 treated-market share: 208 / 208
  per-market raw FOIA coverage: min=3  p5=3  p50=27  p95=66  max=106

  EB information spend cap: $130,173
  raw denominator spend: median=$32,071  p90=$130,173  max=$218,213
  effective EB spend: median=$32,071  p90=$129,558  max=$130,173

  --- Treated-market anchor support ---
  effective FOIA count by market: min=1.52  p25=3.82  p50=8.93  p75=14.93  max=46.93
  ten thinnest treated markets:
    nucleic acid modifying enzymes - klenow fragment  raw_n=  5  N_eff= 1.52  top_share=81%
    dulbecco's phosphate-buffered saline (dpbs) buffer  raw_n=  9  N_eff= 1.88  top_share=71%
    mes-sds buffer                            raw_n=  8  N_eff= 2.13  top_share=66%
    column-based microbial dna purification kits  raw_n=  3  N_eff= 2.14  top_share=56%
    pre-cast bis-tris gels                    raw_n= 16  N_eff= 2.33  top_share=64%
    laemmli sample buffer                     raw_n=  3  N_eff= 2.62  top_share=44%
    pre-cast tris-tricine gels                raw_n=  3  N_eff= 2.64  top_share=50%
    lds sample buffer                         raw_n=  3  N_eff= 2.74  top_share=48%
    horse serum                               raw_n=  9  N_eff= 2.84  top_share=49%
    high-fidelity dna polymerase              raw_n= 27  N_eff= 3.31  top_share=53%

Imputing shares (method=knn) ...
Aggregating: z_hat = S_hat @ g, S_sum = rowsum(S_hat) ...
  effective number of shocks (BHJ-style): 18.08

  --- Exposure level comparison ---
  FOIA exposure after chosen EB specification:
    n nonzero PIs: 208/208
    mean=+0.01120  sd=0.03150  med=+0.00402
  Universe imputed exposure:
    n nonzero authors: 1,783,003/1,860,867
    mean=+0.01313  sd=0.02276  med=+0.00741

--- Shock balance (Borusyak-Hull-Jaravel) ---
  Regression: g_k = a + b * X_bar_k + e, weights = Sum_i s_ik
  H0: shocks are quasi-randomly assigned wrt pre-period X => b approx 0

  characteristic                beta          se        t       p
  log_total_spend            +0.0480      0.0295    +1.63   0.104
  log_lab_spend              +0.0471      0.0286    +1.65   0.100
  n_cats                     +0.0018      0.0012    +1.47   0.142
  lab_share                  -0.3938      0.4526    -0.87   0.384

  top-10 |Rotemberg weight| markets:
    us fbs                                    alpha_k=+0.542  s_bar=0.0142  g=+0.4812  N_eff_anchor=26.30
    column-based microbial dna purification kits  alpha_k=+0.188  s_bar=0.0062  g=+0.3817  N_eff_anchor=2.14
    chemiluminescent substrates               alpha_k=+0.114  s_bar=0.0093  g=+0.1540  N_eff_anchor=46.93
    first-strand cdna synthesis systems       alpha_k=+0.101  s_bar=0.0065  g=+0.1964  N_eff_anchor=13.58
    site-directed mutagenesis systems         alpha_k=-0.076  s_bar=0.0024  g=-0.3961  N_eff_anchor=17.38
    pre-cast bis-tris gels                    alpha_k=+0.063  s_bar=0.0026  g=+0.2985  N_eff_anchor=2.33
    column-based gel dna extraction kits      alpha_k=-0.051  s_bar=0.0067  g=-0.0957  N_eff_anchor=12.35
    cell culture nutritional supplements - tryptone  alpha_k=+0.051  s_bar=0.0043  g=+0.1471  N_eff_anchor=11.36
    cell culture dissociation reagents        alpha_k=+0.037  s_bar=0.0018  g=+0.2543  N_eff_anchor=3.73
    rnase inhibitors                          alpha_k=-0.031  s_bar=0.0017  g=-0.2215  N_eff_anchor=6.85
  cluster filter (../../external/us_appended_text/author_static_clusters_30_lsa.csv, min-foia-per-cluster=2): kept 940,424/1,860,867
  ls filter (../../external/us_appended_text/author_ls_authors_indiv.csv): kept 940,424/940,424
  Saved ../../output/eb_market_support_all_cf2_lsa_k3.csv
  Saved ../../output/shock_balance_all_cf2_lsa_k3.csv
  Saved ../../output/final_imputed_shift_share_all_cf2_lsa_k3.csv
  Saved ../../output/imputed_shares_matrix_all_cf2_lsa_k3.npz
  Saved ../../output/imputed_shares_markets_all_cf2_lsa_k3.csv

==============================================================================
version=treated_hc   method=knn   tag=''
==============================================================================
Building FOIA share matrix S from ../../external/exposure_wts/athr_exposure_by_category_treated_hc.dta (version=treated_hc) ...
  S shape: (208, 46)  nnz: 1,414  density: 0.1478
  FOIA PIs with >=1 treated-market share: 208 / 208
  per-market raw FOIA coverage: min=3  p5=3  p50=27  p95=66  max=106

  EB information spend cap: $13,716
  raw denominator spend: median=$2,175  p90=$13,716  max=$51,286
  effective EB spend: median=$2,175  p90=$13,403  max=$13,716

  --- Treated-market anchor support ---
  effective FOIA count by market: min=1.52  p25=5.04  p50=8.15  p75=16.58  max=45.72
  ten thinnest treated markets:
    nucleic acid modifying enzymes - klenow fragment  raw_n=  5  N_eff= 1.52  top_share=81%
    column-based microbial dna purification kits  raw_n=  3  N_eff= 2.14  top_share=56%
    dulbecco's phosphate-buffered saline (dpbs) buffer  raw_n=  9  N_eff= 2.32  top_share=62%
    pre-cast tris-tricine gels                raw_n=  3  N_eff= 2.57  top_share=53%
    mes-sds buffer                            raw_n=  8  N_eff= 2.62  top_share=58%
    lds sample buffer                         raw_n=  3  N_eff= 2.64  top_share=50%
    laemmli sample buffer                     raw_n=  3  N_eff= 2.67  top_share=48%
    horse serum                               raw_n=  9  N_eff= 2.97  top_share=42%
    nucleic acid modifying enzymes - t4 polynucleotide kinase  raw_n=  8  N_eff= 3.16  top_share=53%
    pre-cast bis-tris gels                    raw_n= 16  N_eff= 3.30  top_share=52%

Imputing shares (method=knn) ...
Aggregating: z_hat = S_hat @ g, S_sum = rowsum(S_hat) ...
  effective number of shocks (BHJ-style): 19.31

  --- Exposure level comparison ---
  FOIA exposure after chosen EB specification:
    n nonzero PIs: 208/208
    mean=+0.08127  sd=0.13144  med=+0.05980
  Universe imputed exposure:
    n nonzero authors: 1,783,003/1,860,867
    mean=+0.09710  sd=0.09350  med=+0.08637

--- Shock balance (Borusyak-Hull-Jaravel) ---
  Regression: g_k = a + b * X_bar_k + e, weights = Sum_i s_ik
  H0: shocks are quasi-randomly assigned wrt pre-period X => b approx 0

  characteristic                beta          se        t       p
  log_total_spend            +0.1909      0.0543    +3.51   0.000
  log_lab_spend              +0.1793      0.0508    +3.53   0.000
  n_cats                     +0.0048      0.0016    +2.98   0.003
  lab_share                  +0.0794      0.5774    +0.14   0.891

  top-10 |Rotemberg weight| markets:
    us fbs                                    alpha_k=+0.615  s_bar=0.1189  g=+0.4812  N_eff_anchor=32.00
    chemiluminescent substrates               alpha_k=+0.148  s_bar=0.0895  g=+0.1540  N_eff_anchor=45.72
    first-strand cdna synthesis systems       alpha_k=+0.115  s_bar=0.0547  g=+0.1964  N_eff_anchor=19.56
    site-directed mutagenesis systems         alpha_k=-0.108  s_bar=0.0253  g=-0.3961  N_eff_anchor=17.98
    cell culture nutritional supplements - tryptone  alpha_k=+0.058  s_bar=0.0370  g=+0.1471  N_eff_anchor=11.69
    pre-cast bis-tris gels                    alpha_k=+0.056  s_bar=0.0174  g=+0.2985  N_eff_anchor=3.30
    column-based gel dna extraction kits      alpha_k=-0.051  s_bar=0.0499  g=-0.0957  N_eff_anchor=11.41
    acrylamide-bis solution                   alpha_k=+0.049  s_bar=0.0418  g=+0.1082  N_eff_anchor=18.18
    cell culture dissociation reagents        alpha_k=+0.038  s_bar=0.0139  g=+0.2543  N_eff_anchor=5.48
    column-based dna plasmid miniprep         alpha_k=+0.035  s_bar=0.0251  g=+0.1307  N_eff_anchor=16.74
  cluster filter (../../external/us_appended_text/author_static_clusters_30_lsa.csv, min-foia-per-cluster=2): kept 940,424/1,860,867
  ls filter (../../external/us_appended_text/author_ls_authors_indiv.csv): kept 940,424/940,424
  Saved ../../output/eb_market_support_treated_hc_cf2_lsa_k3.csv
  Saved ../../output/shock_balance_treated_hc_cf2_lsa_k3.csv
  Saved ../../output/final_imputed_shift_share_treated_hc_cf2_lsa_k3.csv
  Saved ../../output/imputed_shares_matrix_treated_hc_cf2_lsa_k3.npz
  Saved ../../output/imputed_shares_markets_treated_hc_cf2_lsa_k3.csv

==============================================================================
Per-version shift-share imputation summary
==============================================================================
   version method  eb_enabled eb_prior  eb_field_eta  eb_spend_cap  n_foia_with_raw_shares  n_foia_nonzero_after_eb  z_hat_mean_universe  z_hat_sd_universe  S_sum_mean_universe  S_sum_sd_universe  eff_n_shocks  min_market_anchor_neff  median_market_anchor_neff
        hc    knn       False     none           NaN    53307.8746                     208                      208               0.0245             0.0376               0.2526             0.1307       19.0640                  1.5156                     9.0524
       all    knn       False     none           NaN   130172.8219                     208                      208               0.0126             0.0224               0.1098             0.0768       18.0821                  1.5156                     8.9335
treated_hc    knn       False     none           NaN    13716.4630                     208                      208               0.0930             0.0936               0.9582             0.2002       19.3124                  1.5156                     8.1467

Saved ../../output/shift_share_summary_cf2_lsa_k3.csv
Done!
Loading universe + FOIA id orders ...
  n universe = 1,860,867
  n FOIA anchors = 208
Loading shocks from /n/holylabs/LABS/pakes_lab/Lab/sci_eq/analysis/first_stage/output/did_coefs_eb_price.dta ...
  markets with shocks: 46
  g_k stats: mean=0.0669  sd=0.1804  min=-0.3961  max=0.7120
Loading W (tag='', k=3) ...
  W shape: (1860867, 208)  nnz: 5,011,841
  W rows with any weight: 1,783,003/1,860,867
  W row-sum stats (nonzero rows): mean=1.0000  p5=1.0000  p95=1.0000
Computing FOIA pre-period characteristics ...

==============================================================================
version=hc   method=knn   tag=''
==============================================================================
Building FOIA share matrix S from ../../external/exposure_wts/athr_exposure_by_category_hc.dta (version=hc) ...
  S shape: (208, 46)  nnz: 1,414  density: 0.1478
  FOIA PIs with >=1 treated-market share: 208 / 208
  per-market raw FOIA coverage: min=3  p5=3  p50=27  p95=66  max=106

  EB information spend cap: $53,308
  raw denominator spend: median=$12,108  p90=$53,308  max=$102,969
  effective EB spend: median=$12,108  p90=$52,728  max=$53,308

  --- Treated-market anchor support ---
  effective FOIA count by market: min=1.52  p25=3.82  p50=9.05  p75=15.38  max=44.44
  ten thinnest treated markets:
    nucleic acid modifying enzymes - klenow fragment  raw_n=  5  N_eff= 1.52  top_share=81%
    dulbecco's phosphate-buffered saline (dpbs) buffer  raw_n=  9  N_eff= 1.85  top_share=72%
    mes-sds buffer                            raw_n=  8  N_eff= 2.12  top_share=66%
    column-based microbial dna purification kits  raw_n=  3  N_eff= 2.14  top_share=56%
    pre-cast tris-tricine gels                raw_n=  3  N_eff= 2.33  top_share=59%
    pre-cast bis-tris gels                    raw_n= 16  N_eff= 2.38  top_share=63%
    laemmli sample buffer                     raw_n=  3  N_eff= 2.73  top_share=42%
    horse serum                               raw_n=  9  N_eff= 2.75  top_share=53%
    lds sample buffer                         raw_n=  3  N_eff= 2.88  top_share=43%
    nucleic acid modifying enzymes - t4 polynucleotide kinase  raw_n=  8  N_eff= 3.29  top_share=48%

Imputing shares (method=knn) ...
Aggregating: z_hat = S_hat @ g, S_sum = rowsum(S_hat) ...
  effective number of shocks (BHJ-style): 19.06

  --- Exposure level comparison ---
  FOIA exposure after chosen EB specification:
    n nonzero PIs: 208/208
    mean=+0.02374  sd=0.05634  med=+0.01117
  Universe imputed exposure:
    n nonzero authors: 1,783,003/1,860,867
    mean=+0.02555  sd=0.03804  med=+0.01720

--- Shock balance (Borusyak-Hull-Jaravel) ---
  Regression: g_k = a + b * X_bar_k + e, weights = Sum_i s_ik
  H0: shocks are quasi-randomly assigned wrt pre-period X => b approx 0

  characteristic                beta          se        t       p
  log_total_spend            +0.1082      0.0382    +2.83   0.005
  log_lab_spend              +0.0979      0.0349    +2.81   0.005
  n_cats                     +0.0032      0.0013    +2.54   0.011
  lab_share                  -0.0207      0.3763    -0.05   0.956

  top-10 |Rotemberg weight| markets:
    us fbs                                    alpha_k=+0.656  s_bar=0.0334  g=+0.4812  N_eff_anchor=25.97
    chemiluminescent substrates               alpha_k=+0.121  s_bar=0.0192  g=+0.1540  N_eff_anchor=44.44
    site-directed mutagenesis systems         alpha_k=-0.120  s_bar=0.0074  g=-0.3961  N_eff_anchor=17.30
    column-based microbial dna purification kits  alpha_k=+0.108  s_bar=0.0069  g=+0.3817  N_eff_anchor=2.14
    first-strand cdna synthesis systems       alpha_k=+0.085  s_bar=0.0106  g=+0.1964  N_eff_anchor=13.31
    column-based gel dna extraction kits      alpha_k=-0.083  s_bar=0.0212  g=-0.0957  N_eff_anchor=12.35
    pre-cast bis-tris gels                    alpha_k=+0.080  s_bar=0.0066  g=+0.2985  N_eff_anchor=2.38
    cell culture dissociation reagents        alpha_k=+0.053  s_bar=0.0051  g=+0.2543  N_eff_anchor=3.81
    cell culture nutritional supplements - tryptone  alpha_k=+0.050  s_bar=0.0082  g=+0.1471  N_eff_anchor=12.15
    rnase inhibitors                          alpha_k=-0.044  s_bar=0.0048  g=-0.2215  N_eff_anchor=6.85
  cluster filter (../../external/us_appended_text/author_static_clusters_30_lsa.csv, min-foia-per-cluster=5): kept 686,241/1,860,867
  ls filter (../../external/us_appended_text/author_ls_authors_indiv.csv): kept 686,241/686,241
  Saved ../../output/eb_market_support_hc_cf5_lsa_k3.csv
  Saved ../../output/shock_balance_hc_cf5_lsa_k3.csv
  Saved ../../output/final_imputed_shift_share_hc_cf5_lsa_k3.csv
  Saved ../../output/imputed_shares_matrix_hc_cf5_lsa_k3.npz
  Saved ../../output/imputed_shares_markets_hc_cf5_lsa_k3.csv

==============================================================================
version=all   method=knn   tag=''
==============================================================================
Building FOIA share matrix S from ../../external/exposure_wts/athr_exposure_by_category_all.dta (version=all) ...
  S shape: (208, 46)  nnz: 1,414  density: 0.1478
  FOIA PIs with >=1 treated-market share: 208 / 208
  per-market raw FOIA coverage: min=3  p5=3  p50=27  p95=66  max=106

  EB information spend cap: $130,173
  raw denominator spend: median=$32,071  p90=$130,173  max=$218,213
  effective EB spend: median=$32,071  p90=$129,558  max=$130,173

  --- Treated-market anchor support ---
  effective FOIA count by market: min=1.52  p25=3.82  p50=8.93  p75=14.93  max=46.93
  ten thinnest treated markets:
    nucleic acid modifying enzymes - klenow fragment  raw_n=  5  N_eff= 1.52  top_share=81%
    dulbecco's phosphate-buffered saline (dpbs) buffer  raw_n=  9  N_eff= 1.88  top_share=71%
    mes-sds buffer                            raw_n=  8  N_eff= 2.13  top_share=66%
    column-based microbial dna purification kits  raw_n=  3  N_eff= 2.14  top_share=56%
    pre-cast bis-tris gels                    raw_n= 16  N_eff= 2.33  top_share=64%
    laemmli sample buffer                     raw_n=  3  N_eff= 2.62  top_share=44%
    pre-cast tris-tricine gels                raw_n=  3  N_eff= 2.64  top_share=50%
    lds sample buffer                         raw_n=  3  N_eff= 2.74  top_share=48%
    horse serum                               raw_n=  9  N_eff= 2.84  top_share=49%
    high-fidelity dna polymerase              raw_n= 27  N_eff= 3.31  top_share=53%

Imputing shares (method=knn) ...
Aggregating: z_hat = S_hat @ g, S_sum = rowsum(S_hat) ...
  effective number of shocks (BHJ-style): 18.08

  --- Exposure level comparison ---
  FOIA exposure after chosen EB specification:
    n nonzero PIs: 208/208
    mean=+0.01120  sd=0.03150  med=+0.00402
  Universe imputed exposure:
    n nonzero authors: 1,783,003/1,860,867
    mean=+0.01313  sd=0.02276  med=+0.00741

--- Shock balance (Borusyak-Hull-Jaravel) ---
  Regression: g_k = a + b * X_bar_k + e, weights = Sum_i s_ik
  H0: shocks are quasi-randomly assigned wrt pre-period X => b approx 0

  characteristic                beta          se        t       p
  log_total_spend            +0.0480      0.0295    +1.63   0.104
  log_lab_spend              +0.0471      0.0286    +1.65   0.100
  n_cats                     +0.0018      0.0012    +1.47   0.142
  lab_share                  -0.3938      0.4526    -0.87   0.384

  top-10 |Rotemberg weight| markets:
    us fbs                                    alpha_k=+0.542  s_bar=0.0142  g=+0.4812  N_eff_anchor=26.30
    column-based microbial dna purification kits  alpha_k=+0.188  s_bar=0.0062  g=+0.3817  N_eff_anchor=2.14
    chemiluminescent substrates               alpha_k=+0.114  s_bar=0.0093  g=+0.1540  N_eff_anchor=46.93
    first-strand cdna synthesis systems       alpha_k=+0.101  s_bar=0.0065  g=+0.1964  N_eff_anchor=13.58
    site-directed mutagenesis systems         alpha_k=-0.076  s_bar=0.0024  g=-0.3961  N_eff_anchor=17.38
    pre-cast bis-tris gels                    alpha_k=+0.063  s_bar=0.0026  g=+0.2985  N_eff_anchor=2.33
    column-based gel dna extraction kits      alpha_k=-0.051  s_bar=0.0067  g=-0.0957  N_eff_anchor=12.35
    cell culture nutritional supplements - tryptone  alpha_k=+0.051  s_bar=0.0043  g=+0.1471  N_eff_anchor=11.36
    cell culture dissociation reagents        alpha_k=+0.037  s_bar=0.0018  g=+0.2543  N_eff_anchor=3.73
    rnase inhibitors                          alpha_k=-0.031  s_bar=0.0017  g=-0.2215  N_eff_anchor=6.85
  cluster filter (../../external/us_appended_text/author_static_clusters_30_lsa.csv, min-foia-per-cluster=5): kept 686,241/1,860,867
  ls filter (../../external/us_appended_text/author_ls_authors_indiv.csv): kept 686,241/686,241
  Saved ../../output/eb_market_support_all_cf5_lsa_k3.csv
  Saved ../../output/shock_balance_all_cf5_lsa_k3.csv
  Saved ../../output/final_imputed_shift_share_all_cf5_lsa_k3.csv
  Saved ../../output/imputed_shares_matrix_all_cf5_lsa_k3.npz
  Saved ../../output/imputed_shares_markets_all_cf5_lsa_k3.csv

==============================================================================
version=treated_hc   method=knn   tag=''
==============================================================================
Building FOIA share matrix S from ../../external/exposure_wts/athr_exposure_by_category_treated_hc.dta (version=treated_hc) ...
  S shape: (208, 46)  nnz: 1,414  density: 0.1478
  FOIA PIs with >=1 treated-market share: 208 / 208
  per-market raw FOIA coverage: min=3  p5=3  p50=27  p95=66  max=106

  EB information spend cap: $13,716
  raw denominator spend: median=$2,175  p90=$13,716  max=$51,286
  effective EB spend: median=$2,175  p90=$13,403  max=$13,716

  --- Treated-market anchor support ---
  effective FOIA count by market: min=1.52  p25=5.04  p50=8.15  p75=16.58  max=45.72
  ten thinnest treated markets:
    nucleic acid modifying enzymes - klenow fragment  raw_n=  5  N_eff= 1.52  top_share=81%
    column-based microbial dna purification kits  raw_n=  3  N_eff= 2.14  top_share=56%
    dulbecco's phosphate-buffered saline (dpbs) buffer  raw_n=  9  N_eff= 2.32  top_share=62%
    pre-cast tris-tricine gels                raw_n=  3  N_eff= 2.57  top_share=53%
    mes-sds buffer                            raw_n=  8  N_eff= 2.62  top_share=58%
    lds sample buffer                         raw_n=  3  N_eff= 2.64  top_share=50%
    laemmli sample buffer                     raw_n=  3  N_eff= 2.67  top_share=48%
    horse serum                               raw_n=  9  N_eff= 2.97  top_share=42%
    nucleic acid modifying enzymes - t4 polynucleotide kinase  raw_n=  8  N_eff= 3.16  top_share=53%
    pre-cast bis-tris gels                    raw_n= 16  N_eff= 3.30  top_share=52%

Imputing shares (method=knn) ...
Aggregating: z_hat = S_hat @ g, S_sum = rowsum(S_hat) ...
  effective number of shocks (BHJ-style): 19.31

  --- Exposure level comparison ---
  FOIA exposure after chosen EB specification:
    n nonzero PIs: 208/208
    mean=+0.08127  sd=0.13144  med=+0.05980
  Universe imputed exposure:
    n nonzero authors: 1,783,003/1,860,867
    mean=+0.09710  sd=0.09350  med=+0.08637

--- Shock balance (Borusyak-Hull-Jaravel) ---
  Regression: g_k = a + b * X_bar_k + e, weights = Sum_i s_ik
  H0: shocks are quasi-randomly assigned wrt pre-period X => b approx 0

  characteristic                beta          se        t       p
  log_total_spend            +0.1909      0.0543    +3.51   0.000
  log_lab_spend              +0.1793      0.0508    +3.53   0.000
  n_cats                     +0.0048      0.0016    +2.98   0.003
  lab_share                  +0.0794      0.5774    +0.14   0.891

  top-10 |Rotemberg weight| markets:
    us fbs                                    alpha_k=+0.615  s_bar=0.1189  g=+0.4812  N_eff_anchor=32.00
    chemiluminescent substrates               alpha_k=+0.148  s_bar=0.0895  g=+0.1540  N_eff_anchor=45.72
    first-strand cdna synthesis systems       alpha_k=+0.115  s_bar=0.0547  g=+0.1964  N_eff_anchor=19.56
    site-directed mutagenesis systems         alpha_k=-0.108  s_bar=0.0253  g=-0.3961  N_eff_anchor=17.98
    cell culture nutritional supplements - tryptone  alpha_k=+0.058  s_bar=0.0370  g=+0.1471  N_eff_anchor=11.69
    pre-cast bis-tris gels                    alpha_k=+0.056  s_bar=0.0174  g=+0.2985  N_eff_anchor=3.30
    column-based gel dna extraction kits      alpha_k=-0.051  s_bar=0.0499  g=-0.0957  N_eff_anchor=11.41
    acrylamide-bis solution                   alpha_k=+0.049  s_bar=0.0418  g=+0.1082  N_eff_anchor=18.18
    cell culture dissociation reagents        alpha_k=+0.038  s_bar=0.0139  g=+0.2543  N_eff_anchor=5.48
    column-based dna plasmid miniprep         alpha_k=+0.035  s_bar=0.0251  g=+0.1307  N_eff_anchor=16.74
  cluster filter (../../external/us_appended_text/author_static_clusters_30_lsa.csv, min-foia-per-cluster=5): kept 686,241/1,860,867
  ls filter (../../external/us_appended_text/author_ls_authors_indiv.csv): kept 686,241/686,241
  Saved ../../output/eb_market_support_treated_hc_cf5_lsa_k3.csv
  Saved ../../output/shock_balance_treated_hc_cf5_lsa_k3.csv
  Saved ../../output/final_imputed_shift_share_treated_hc_cf5_lsa_k3.csv
  Saved ../../output/imputed_shares_matrix_treated_hc_cf5_lsa_k3.npz
  Saved ../../output/imputed_shares_markets_treated_hc_cf5_lsa_k3.csv

==============================================================================
Per-version shift-share imputation summary
==============================================================================
   version method  eb_enabled eb_prior  eb_field_eta  eb_spend_cap  n_foia_with_raw_shares  n_foia_nonzero_after_eb  z_hat_mean_universe  z_hat_sd_universe  S_sum_mean_universe  S_sum_sd_universe  eff_n_shocks  min_market_anchor_neff  median_market_anchor_neff
        hc    knn       False     none           NaN    53307.8746                     208                      208               0.0245             0.0376               0.2526             0.1307       19.0640                  1.5156                     9.0524
       all    knn       False     none           NaN   130172.8219                     208                      208               0.0126             0.0224               0.1098             0.0768       18.0821                  1.5156                     8.9335
treated_hc    knn       False     none           NaN    13716.4630                     208                      208               0.0930             0.0936               0.9582             0.2002       19.3124                  1.5156                     8.1467

Saved ../../output/shift_share_summary_cf5_lsa_k3.csv
Done!
Loading universe + FOIA id orders ...
  n universe = 1,860,867
  n FOIA anchors = 208
Loading shocks from /n/holylabs/LABS/pakes_lab/Lab/sci_eq/analysis/first_stage/output/did_coefs_eb_price.dta ...
  markets with shocks: 46
  g_k stats: mean=0.0669  sd=0.1804  min=-0.3961  max=0.7120
Loading W (tag='', k=3) ...
  W shape: (1860867, 208)  nnz: 5,011,841
  W rows with any weight: 1,783,003/1,860,867
  W row-sum stats (nonzero rows): mean=1.0000  p5=1.0000  p95=1.0000
Computing FOIA pre-period characteristics ...

==============================================================================
version=hc   method=knn   tag=''
==============================================================================
Building FOIA share matrix S from ../../external/exposure_wts/athr_exposure_by_category_hc.dta (version=hc) ...
  S shape: (208, 46)  nnz: 1,414  density: 0.1478
  FOIA PIs with >=1 treated-market share: 208 / 208
  per-market raw FOIA coverage: min=3  p5=3  p50=27  p95=66  max=106

  EB information spend cap: $53,308
  raw denominator spend: median=$12,108  p90=$53,308  max=$102,969
  effective EB spend: median=$12,108  p90=$52,728  max=$53,308

  --- Treated-market anchor support ---
  effective FOIA count by market: min=1.52  p25=3.82  p50=9.05  p75=15.38  max=44.44
  ten thinnest treated markets:
    nucleic acid modifying enzymes - klenow fragment  raw_n=  5  N_eff= 1.52  top_share=81%
    dulbecco's phosphate-buffered saline (dpbs) buffer  raw_n=  9  N_eff= 1.85  top_share=72%
    mes-sds buffer                            raw_n=  8  N_eff= 2.12  top_share=66%
    column-based microbial dna purification kits  raw_n=  3  N_eff= 2.14  top_share=56%
    pre-cast tris-tricine gels                raw_n=  3  N_eff= 2.33  top_share=59%
    pre-cast bis-tris gels                    raw_n= 16  N_eff= 2.38  top_share=63%
    laemmli sample buffer                     raw_n=  3  N_eff= 2.73  top_share=42%
    horse serum                               raw_n=  9  N_eff= 2.75  top_share=53%
    lds sample buffer                         raw_n=  3  N_eff= 2.88  top_share=43%
    nucleic acid modifying enzymes - t4 polynucleotide kinase  raw_n=  8  N_eff= 3.29  top_share=48%

Imputing shares (method=knn) ...
Aggregating: z_hat = S_hat @ g, S_sum = rowsum(S_hat) ...
  effective number of shocks (BHJ-style): 19.06

  --- Exposure level comparison ---
  FOIA exposure after chosen EB specification:
    n nonzero PIs: 208/208
    mean=+0.02374  sd=0.05634  med=+0.01117
  Universe imputed exposure:
    n nonzero authors: 1,783,003/1,860,867
    mean=+0.02555  sd=0.03804  med=+0.01720

--- Shock balance (Borusyak-Hull-Jaravel) ---
  Regression: g_k = a + b * X_bar_k + e, weights = Sum_i s_ik
  H0: shocks are quasi-randomly assigned wrt pre-period X => b approx 0

  characteristic                beta          se        t       p
  log_total_spend            +0.1082      0.0382    +2.83   0.005
  log_lab_spend              +0.0979      0.0349    +2.81   0.005
  n_cats                     +0.0032      0.0013    +2.54   0.011
  lab_share                  -0.0207      0.3763    -0.05   0.956

  top-10 |Rotemberg weight| markets:
    us fbs                                    alpha_k=+0.656  s_bar=0.0334  g=+0.4812  N_eff_anchor=25.97
    chemiluminescent substrates               alpha_k=+0.121  s_bar=0.0192  g=+0.1540  N_eff_anchor=44.44
    site-directed mutagenesis systems         alpha_k=-0.120  s_bar=0.0074  g=-0.3961  N_eff_anchor=17.30
    column-based microbial dna purification kits  alpha_k=+0.108  s_bar=0.0069  g=+0.3817  N_eff_anchor=2.14
    first-strand cdna synthesis systems       alpha_k=+0.085  s_bar=0.0106  g=+0.1964  N_eff_anchor=13.31
    column-based gel dna extraction kits      alpha_k=-0.083  s_bar=0.0212  g=-0.0957  N_eff_anchor=12.35
    pre-cast bis-tris gels                    alpha_k=+0.080  s_bar=0.0066  g=+0.2985  N_eff_anchor=2.38
    cell culture dissociation reagents        alpha_k=+0.053  s_bar=0.0051  g=+0.2543  N_eff_anchor=3.81
    cell culture nutritional supplements - tryptone  alpha_k=+0.050  s_bar=0.0082  g=+0.1471  N_eff_anchor=12.15
    rnase inhibitors                          alpha_k=-0.044  s_bar=0.0048  g=-0.2215  N_eff_anchor=6.85
  cluster filter (../../external/us_appended_text/author_static_clusters_30.csv, min-foia-per-cluster=1): kept 1,613,853/1,860,867
  Saved ../../output/eb_market_support_hc_cf_k3.csv
  Saved ../../output/shock_balance_hc_cf_k3.csv
  Saved ../../output/final_imputed_shift_share_hc_cf_k3.csv
  Saved ../../output/imputed_shares_matrix_hc_cf_k3.npz
  Saved ../../output/imputed_shares_markets_hc_cf_k3.csv

==============================================================================
version=all   method=knn   tag=''
==============================================================================
Building FOIA share matrix S from ../../external/exposure_wts/athr_exposure_by_category_all.dta (version=all) ...
  S shape: (208, 46)  nnz: 1,414  density: 0.1478
  FOIA PIs with >=1 treated-market share: 208 / 208
  per-market raw FOIA coverage: min=3  p5=3  p50=27  p95=66  max=106

  EB information spend cap: $130,173
  raw denominator spend: median=$32,071  p90=$130,173  max=$218,213
  effective EB spend: median=$32,071  p90=$129,558  max=$130,173

  --- Treated-market anchor support ---
  effective FOIA count by market: min=1.52  p25=3.82  p50=8.93  p75=14.93  max=46.93
  ten thinnest treated markets:
    nucleic acid modifying enzymes - klenow fragment  raw_n=  5  N_eff= 1.52  top_share=81%
    dulbecco's phosphate-buffered saline (dpbs) buffer  raw_n=  9  N_eff= 1.88  top_share=71%
    mes-sds buffer                            raw_n=  8  N_eff= 2.13  top_share=66%
    column-based microbial dna purification kits  raw_n=  3  N_eff= 2.14  top_share=56%
    pre-cast bis-tris gels                    raw_n= 16  N_eff= 2.33  top_share=64%
    laemmli sample buffer                     raw_n=  3  N_eff= 2.62  top_share=44%
    pre-cast tris-tricine gels                raw_n=  3  N_eff= 2.64  top_share=50%
    lds sample buffer                         raw_n=  3  N_eff= 2.74  top_share=48%
    horse serum                               raw_n=  9  N_eff= 2.84  top_share=49%
    high-fidelity dna polymerase              raw_n= 27  N_eff= 3.31  top_share=53%

Imputing shares (method=knn) ...
Aggregating: z_hat = S_hat @ g, S_sum = rowsum(S_hat) ...
  effective number of shocks (BHJ-style): 18.08

  --- Exposure level comparison ---
  FOIA exposure after chosen EB specification:
    n nonzero PIs: 208/208
    mean=+0.01120  sd=0.03150  med=+0.00402
  Universe imputed exposure:
    n nonzero authors: 1,783,003/1,860,867
    mean=+0.01313  sd=0.02276  med=+0.00741

--- Shock balance (Borusyak-Hull-Jaravel) ---
  Regression: g_k = a + b * X_bar_k + e, weights = Sum_i s_ik
  H0: shocks are quasi-randomly assigned wrt pre-period X => b approx 0

  characteristic                beta          se        t       p
  log_total_spend            +0.0480      0.0295    +1.63   0.104
  log_lab_spend              +0.0471      0.0286    +1.65   0.100
  n_cats                     +0.0018      0.0012    +1.47   0.142
  lab_share                  -0.3938      0.4526    -0.87   0.384

  top-10 |Rotemberg weight| markets:
    us fbs                                    alpha_k=+0.542  s_bar=0.0142  g=+0.4812  N_eff_anchor=26.30
    column-based microbial dna purification kits  alpha_k=+0.188  s_bar=0.0062  g=+0.3817  N_eff_anchor=2.14
    chemiluminescent substrates               alpha_k=+0.114  s_bar=0.0093  g=+0.1540  N_eff_anchor=46.93
    first-strand cdna synthesis systems       alpha_k=+0.101  s_bar=0.0065  g=+0.1964  N_eff_anchor=13.58
    site-directed mutagenesis systems         alpha_k=-0.076  s_bar=0.0024  g=-0.3961  N_eff_anchor=17.38
    pre-cast bis-tris gels                    alpha_k=+0.063  s_bar=0.0026  g=+0.2985  N_eff_anchor=2.33
    column-based gel dna extraction kits      alpha_k=-0.051  s_bar=0.0067  g=-0.0957  N_eff_anchor=12.35
    cell culture nutritional supplements - tryptone  alpha_k=+0.051  s_bar=0.0043  g=+0.1471  N_eff_anchor=11.36
    cell culture dissociation reagents        alpha_k=+0.037  s_bar=0.0018  g=+0.2543  N_eff_anchor=3.73
    rnase inhibitors                          alpha_k=-0.031  s_bar=0.0017  g=-0.2215  N_eff_anchor=6.85
  cluster filter (../../external/us_appended_text/author_static_clusters_30.csv, min-foia-per-cluster=1): kept 1,613,853/1,860,867
  Saved ../../output/eb_market_support_all_cf_k3.csv
  Saved ../../output/shock_balance_all_cf_k3.csv
  Saved ../../output/final_imputed_shift_share_all_cf_k3.csv
  Saved ../../output/imputed_shares_matrix_all_cf_k3.npz
  Saved ../../output/imputed_shares_markets_all_cf_k3.csv

==============================================================================
version=treated_hc   method=knn   tag=''
==============================================================================
Building FOIA share matrix S from ../../external/exposure_wts/athr_exposure_by_category_treated_hc.dta (version=treated_hc) ...
  S shape: (208, 46)  nnz: 1,414  density: 0.1478
  FOIA PIs with >=1 treated-market share: 208 / 208
  per-market raw FOIA coverage: min=3  p5=3  p50=27  p95=66  max=106

  EB information spend cap: $13,716
  raw denominator spend: median=$2,175  p90=$13,716  max=$51,286
  effective EB spend: median=$2,175  p90=$13,403  max=$13,716

  --- Treated-market anchor support ---
  effective FOIA count by market: min=1.52  p25=5.04  p50=8.15  p75=16.58  max=45.72
  ten thinnest treated markets:
    nucleic acid modifying enzymes - klenow fragment  raw_n=  5  N_eff= 1.52  top_share=81%
    column-based microbial dna purification kits  raw_n=  3  N_eff= 2.14  top_share=56%
    dulbecco's phosphate-buffered saline (dpbs) buffer  raw_n=  9  N_eff= 2.32  top_share=62%
    pre-cast tris-tricine gels                raw_n=  3  N_eff= 2.57  top_share=53%
    mes-sds buffer                            raw_n=  8  N_eff= 2.62  top_share=58%
    lds sample buffer                         raw_n=  3  N_eff= 2.64  top_share=50%
    laemmli sample buffer                     raw_n=  3  N_eff= 2.67  top_share=48%
    horse serum                               raw_n=  9  N_eff= 2.97  top_share=42%
    nucleic acid modifying enzymes - t4 polynucleotide kinase  raw_n=  8  N_eff= 3.16  top_share=53%
    pre-cast bis-tris gels                    raw_n= 16  N_eff= 3.30  top_share=52%

Imputing shares (method=knn) ...
Aggregating: z_hat = S_hat @ g, S_sum = rowsum(S_hat) ...
  effective number of shocks (BHJ-style): 19.31

  --- Exposure level comparison ---
  FOIA exposure after chosen EB specification:
    n nonzero PIs: 208/208
    mean=+0.08127  sd=0.13144  med=+0.05980
  Universe imputed exposure:
    n nonzero authors: 1,783,003/1,860,867
    mean=+0.09710  sd=0.09350  med=+0.08637

--- Shock balance (Borusyak-Hull-Jaravel) ---
  Regression: g_k = a + b * X_bar_k + e, weights = Sum_i s_ik
  H0: shocks are quasi-randomly assigned wrt pre-period X => b approx 0

  characteristic                beta          se        t       p
  log_total_spend            +0.1909      0.0543    +3.51   0.000
  log_lab_spend              +0.1793      0.0508    +3.53   0.000
  n_cats                     +0.0048      0.0016    +2.98   0.003
  lab_share                  +0.0794      0.5774    +0.14   0.891

  top-10 |Rotemberg weight| markets:
    us fbs                                    alpha_k=+0.615  s_bar=0.1189  g=+0.4812  N_eff_anchor=32.00
    chemiluminescent substrates               alpha_k=+0.148  s_bar=0.0895  g=+0.1540  N_eff_anchor=45.72
    first-strand cdna synthesis systems       alpha_k=+0.115  s_bar=0.0547  g=+0.1964  N_eff_anchor=19.56
    site-directed mutagenesis systems         alpha_k=-0.108  s_bar=0.0253  g=-0.3961  N_eff_anchor=17.98
    cell culture nutritional supplements - tryptone  alpha_k=+0.058  s_bar=0.0370  g=+0.1471  N_eff_anchor=11.69
    pre-cast bis-tris gels                    alpha_k=+0.056  s_bar=0.0174  g=+0.2985  N_eff_anchor=3.30
    column-based gel dna extraction kits      alpha_k=-0.051  s_bar=0.0499  g=-0.0957  N_eff_anchor=11.41
    acrylamide-bis solution                   alpha_k=+0.049  s_bar=0.0418  g=+0.1082  N_eff_anchor=18.18
    cell culture dissociation reagents        alpha_k=+0.038  s_bar=0.0139  g=+0.2543  N_eff_anchor=5.48
    column-based dna plasmid miniprep         alpha_k=+0.035  s_bar=0.0251  g=+0.1307  N_eff_anchor=16.74
  cluster filter (../../external/us_appended_text/author_static_clusters_30.csv, min-foia-per-cluster=1): kept 1,613,853/1,860,867
  Saved ../../output/eb_market_support_treated_hc_cf_k3.csv
  Saved ../../output/shock_balance_treated_hc_cf_k3.csv
  Saved ../../output/final_imputed_shift_share_treated_hc_cf_k3.csv
  Saved ../../output/imputed_shares_matrix_treated_hc_cf_k3.npz
  Saved ../../output/imputed_shares_markets_treated_hc_cf_k3.csv

==============================================================================
Per-version shift-share imputation summary
==============================================================================
   version method  eb_enabled eb_prior  eb_field_eta  eb_spend_cap  n_foia_with_raw_shares  n_foia_nonzero_after_eb  z_hat_mean_universe  z_hat_sd_universe  S_sum_mean_universe  S_sum_sd_universe  eff_n_shocks  min_market_anchor_neff  median_market_anchor_neff
        hc    knn       False     none           NaN    53307.8746                     208                      208               0.0245             0.0376               0.2526             0.1307       19.0640                  1.5156                     9.0524
       all    knn       False     none           NaN   130172.8219                     208                      208               0.0126             0.0224               0.1098             0.0768       18.0821                  1.5156                     8.9335
treated_hc    knn       False     none           NaN    13716.4630                     208                      208               0.0930             0.0936               0.9582             0.2002       19.3124                  1.5156                     8.1467

Saved ../../output/shift_share_summary_cf_k3.csv
Done!
Loading universe + FOIA id orders ...
  n universe = 1,860,867
  n FOIA anchors = 208
Loading shocks from /n/holylabs/LABS/pakes_lab/Lab/sci_eq/analysis/first_stage/output/did_coefs_eb_price.dta ...
  markets with shocks: 46
  g_k stats: mean=0.0669  sd=0.1804  min=-0.3961  max=0.7120
Loading W (tag='', k=3) ...
  W shape: (1860867, 208)  nnz: 5,011,841
  W rows with any weight: 1,783,003/1,860,867
  W row-sum stats (nonzero rows): mean=1.0000  p5=1.0000  p95=1.0000
Computing FOIA pre-period characteristics ...

==============================================================================
version=hc   method=knn   tag=''
==============================================================================
Building FOIA share matrix S from ../../external/exposure_wts/athr_exposure_by_category_hc.dta (version=hc) ...
  S shape: (208, 46)  nnz: 1,414  density: 0.1478
  FOIA PIs with >=1 treated-market share: 208 / 208
  per-market raw FOIA coverage: min=3  p5=3  p50=27  p95=66  max=106

  EB information spend cap: $53,308
  raw denominator spend: median=$12,108  p90=$53,308  max=$102,969
  effective EB spend: median=$12,108  p90=$52,728  max=$53,308

  --- Treated-market anchor support ---
  effective FOIA count by market: min=1.52  p25=3.82  p50=9.05  p75=15.38  max=44.44
  ten thinnest treated markets:
    nucleic acid modifying enzymes - klenow fragment  raw_n=  5  N_eff= 1.52  top_share=81%
    dulbecco's phosphate-buffered saline (dpbs) buffer  raw_n=  9  N_eff= 1.85  top_share=72%
    mes-sds buffer                            raw_n=  8  N_eff= 2.12  top_share=66%
    column-based microbial dna purification kits  raw_n=  3  N_eff= 2.14  top_share=56%
    pre-cast tris-tricine gels                raw_n=  3  N_eff= 2.33  top_share=59%
    pre-cast bis-tris gels                    raw_n= 16  N_eff= 2.38  top_share=63%
    laemmli sample buffer                     raw_n=  3  N_eff= 2.73  top_share=42%
    horse serum                               raw_n=  9  N_eff= 2.75  top_share=53%
    lds sample buffer                         raw_n=  3  N_eff= 2.88  top_share=43%
    nucleic acid modifying enzymes - t4 polynucleotide kinase  raw_n=  8  N_eff= 3.29  top_share=48%

Imputing shares (method=knn) ...
Aggregating: z_hat = S_hat @ g, S_sum = rowsum(S_hat) ...
  effective number of shocks (BHJ-style): 19.06

  --- Exposure level comparison ---
  FOIA exposure after chosen EB specification:
    n nonzero PIs: 208/208
    mean=+0.02374  sd=0.05634  med=+0.01117
  Universe imputed exposure:
    n nonzero authors: 1,783,003/1,860,867
    mean=+0.02555  sd=0.03804  med=+0.01720

--- Shock balance (Borusyak-Hull-Jaravel) ---
  Regression: g_k = a + b * X_bar_k + e, weights = Sum_i s_ik
  H0: shocks are quasi-randomly assigned wrt pre-period X => b approx 0

  characteristic                beta          se        t       p
  log_total_spend            +0.1082      0.0382    +2.83   0.005
  log_lab_spend              +0.0979      0.0349    +2.81   0.005
  n_cats                     +0.0032      0.0013    +2.54   0.011
  lab_share                  -0.0207      0.3763    -0.05   0.956

  top-10 |Rotemberg weight| markets:
    us fbs                                    alpha_k=+0.656  s_bar=0.0334  g=+0.4812  N_eff_anchor=25.97
    chemiluminescent substrates               alpha_k=+0.121  s_bar=0.0192  g=+0.1540  N_eff_anchor=44.44
    site-directed mutagenesis systems         alpha_k=-0.120  s_bar=0.0074  g=-0.3961  N_eff_anchor=17.30
    column-based microbial dna purification kits  alpha_k=+0.108  s_bar=0.0069  g=+0.3817  N_eff_anchor=2.14
    first-strand cdna synthesis systems       alpha_k=+0.085  s_bar=0.0106  g=+0.1964  N_eff_anchor=13.31
    column-based gel dna extraction kits      alpha_k=-0.083  s_bar=0.0212  g=-0.0957  N_eff_anchor=12.35
    pre-cast bis-tris gels                    alpha_k=+0.080  s_bar=0.0066  g=+0.2985  N_eff_anchor=2.38
    cell culture dissociation reagents        alpha_k=+0.053  s_bar=0.0051  g=+0.2543  N_eff_anchor=3.81
    cell culture nutritional supplements - tryptone  alpha_k=+0.050  s_bar=0.0082  g=+0.1471  N_eff_anchor=12.15
    rnase inhibitors                          alpha_k=-0.044  s_bar=0.0048  g=-0.2215  N_eff_anchor=6.85
  cluster filter (../../external/us_appended_text/author_static_clusters_30.csv, min-foia-per-cluster=2): kept 1,077,936/1,860,867
  Saved ../../output/eb_market_support_hc_cf2_k3.csv
  Saved ../../output/shock_balance_hc_cf2_k3.csv
  Saved ../../output/final_imputed_shift_share_hc_cf2_k3.csv
  Saved ../../output/imputed_shares_matrix_hc_cf2_k3.npz
  Saved ../../output/imputed_shares_markets_hc_cf2_k3.csv

==============================================================================
version=all   method=knn   tag=''
==============================================================================
Building FOIA share matrix S from ../../external/exposure_wts/athr_exposure_by_category_all.dta (version=all) ...
  S shape: (208, 46)  nnz: 1,414  density: 0.1478
  FOIA PIs with >=1 treated-market share: 208 / 208
  per-market raw FOIA coverage: min=3  p5=3  p50=27  p95=66  max=106

  EB information spend cap: $130,173
  raw denominator spend: median=$32,071  p90=$130,173  max=$218,213
  effective EB spend: median=$32,071  p90=$129,558  max=$130,173

  --- Treated-market anchor support ---
  effective FOIA count by market: min=1.52  p25=3.82  p50=8.93  p75=14.93  max=46.93
  ten thinnest treated markets:
    nucleic acid modifying enzymes - klenow fragment  raw_n=  5  N_eff= 1.52  top_share=81%
    dulbecco's phosphate-buffered saline (dpbs) buffer  raw_n=  9  N_eff= 1.88  top_share=71%
    mes-sds buffer                            raw_n=  8  N_eff= 2.13  top_share=66%
    column-based microbial dna purification kits  raw_n=  3  N_eff= 2.14  top_share=56%
    pre-cast bis-tris gels                    raw_n= 16  N_eff= 2.33  top_share=64%
    laemmli sample buffer                     raw_n=  3  N_eff= 2.62  top_share=44%
    pre-cast tris-tricine gels                raw_n=  3  N_eff= 2.64  top_share=50%
    lds sample buffer                         raw_n=  3  N_eff= 2.74  top_share=48%
    horse serum                               raw_n=  9  N_eff= 2.84  top_share=49%
    high-fidelity dna polymerase              raw_n= 27  N_eff= 3.31  top_share=53%

Imputing shares (method=knn) ...
Aggregating: z_hat = S_hat @ g, S_sum = rowsum(S_hat) ...
  effective number of shocks (BHJ-style): 18.08

  --- Exposure level comparison ---
  FOIA exposure after chosen EB specification:
    n nonzero PIs: 208/208
    mean=+0.01120  sd=0.03150  med=+0.00402
  Universe imputed exposure:
    n nonzero authors: 1,783,003/1,860,867
    mean=+0.01313  sd=0.02276  med=+0.00741

--- Shock balance (Borusyak-Hull-Jaravel) ---
  Regression: g_k = a + b * X_bar_k + e, weights = Sum_i s_ik
  H0: shocks are quasi-randomly assigned wrt pre-period X => b approx 0

  characteristic                beta          se        t       p
  log_total_spend            +0.0480      0.0295    +1.63   0.104
  log_lab_spend              +0.0471      0.0286    +1.65   0.100
  n_cats                     +0.0018      0.0012    +1.47   0.142
  lab_share                  -0.3938      0.4526    -0.87   0.384

  top-10 |Rotemberg weight| markets:
    us fbs                                    alpha_k=+0.542  s_bar=0.0142  g=+0.4812  N_eff_anchor=26.30
    column-based microbial dna purification kits  alpha_k=+0.188  s_bar=0.0062  g=+0.3817  N_eff_anchor=2.14
    chemiluminescent substrates               alpha_k=+0.114  s_bar=0.0093  g=+0.1540  N_eff_anchor=46.93
    first-strand cdna synthesis systems       alpha_k=+0.101  s_bar=0.0065  g=+0.1964  N_eff_anchor=13.58
    site-directed mutagenesis systems         alpha_k=-0.076  s_bar=0.0024  g=-0.3961  N_eff_anchor=17.38
    pre-cast bis-tris gels                    alpha_k=+0.063  s_bar=0.0026  g=+0.2985  N_eff_anchor=2.33
    column-based gel dna extraction kits      alpha_k=-0.051  s_bar=0.0067  g=-0.0957  N_eff_anchor=12.35
    cell culture nutritional supplements - tryptone  alpha_k=+0.051  s_bar=0.0043  g=+0.1471  N_eff_anchor=11.36
    cell culture dissociation reagents        alpha_k=+0.037  s_bar=0.0018  g=+0.2543  N_eff_anchor=3.73
    rnase inhibitors                          alpha_k=-0.031  s_bar=0.0017  g=-0.2215  N_eff_anchor=6.85
  cluster filter (../../external/us_appended_text/author_static_clusters_30.csv, min-foia-per-cluster=2): kept 1,077,936/1,860,867
  Saved ../../output/eb_market_support_all_cf2_k3.csv
  Saved ../../output/shock_balance_all_cf2_k3.csv
  Saved ../../output/final_imputed_shift_share_all_cf2_k3.csv
  Saved ../../output/imputed_shares_matrix_all_cf2_k3.npz
  Saved ../../output/imputed_shares_markets_all_cf2_k3.csv

==============================================================================
version=treated_hc   method=knn   tag=''
==============================================================================
Building FOIA share matrix S from ../../external/exposure_wts/athr_exposure_by_category_treated_hc.dta (version=treated_hc) ...
  S shape: (208, 46)  nnz: 1,414  density: 0.1478
  FOIA PIs with >=1 treated-market share: 208 / 208
  per-market raw FOIA coverage: min=3  p5=3  p50=27  p95=66  max=106

  EB information spend cap: $13,716
  raw denominator spend: median=$2,175  p90=$13,716  max=$51,286
  effective EB spend: median=$2,175  p90=$13,403  max=$13,716

  --- Treated-market anchor support ---
  effective FOIA count by market: min=1.52  p25=5.04  p50=8.15  p75=16.58  max=45.72
  ten thinnest treated markets:
    nucleic acid modifying enzymes - klenow fragment  raw_n=  5  N_eff= 1.52  top_share=81%
    column-based microbial dna purification kits  raw_n=  3  N_eff= 2.14  top_share=56%
    dulbecco's phosphate-buffered saline (dpbs) buffer  raw_n=  9  N_eff= 2.32  top_share=62%
    pre-cast tris-tricine gels                raw_n=  3  N_eff= 2.57  top_share=53%
    mes-sds buffer                            raw_n=  8  N_eff= 2.62  top_share=58%
    lds sample buffer                         raw_n=  3  N_eff= 2.64  top_share=50%
    laemmli sample buffer                     raw_n=  3  N_eff= 2.67  top_share=48%
    horse serum                               raw_n=  9  N_eff= 2.97  top_share=42%
    nucleic acid modifying enzymes - t4 polynucleotide kinase  raw_n=  8  N_eff= 3.16  top_share=53%
    pre-cast bis-tris gels                    raw_n= 16  N_eff= 3.30  top_share=52%

Imputing shares (method=knn) ...
Aggregating: z_hat = S_hat @ g, S_sum = rowsum(S_hat) ...
  effective number of shocks (BHJ-style): 19.31

  --- Exposure level comparison ---
  FOIA exposure after chosen EB specification:
    n nonzero PIs: 208/208
    mean=+0.08127  sd=0.13144  med=+0.05980
  Universe imputed exposure:
    n nonzero authors: 1,783,003/1,860,867
    mean=+0.09710  sd=0.09350  med=+0.08637

--- Shock balance (Borusyak-Hull-Jaravel) ---
  Regression: g_k = a + b * X_bar_k + e, weights = Sum_i s_ik
  H0: shocks are quasi-randomly assigned wrt pre-period X => b approx 0

  characteristic                beta          se        t       p
  log_total_spend            +0.1909      0.0543    +3.51   0.000
  log_lab_spend              +0.1793      0.0508    +3.53   0.000
  n_cats                     +0.0048      0.0016    +2.98   0.003
  lab_share                  +0.0794      0.5774    +0.14   0.891

  top-10 |Rotemberg weight| markets:
    us fbs                                    alpha_k=+0.615  s_bar=0.1189  g=+0.4812  N_eff_anchor=32.00
    chemiluminescent substrates               alpha_k=+0.148  s_bar=0.0895  g=+0.1540  N_eff_anchor=45.72
    first-strand cdna synthesis systems       alpha_k=+0.115  s_bar=0.0547  g=+0.1964  N_eff_anchor=19.56
    site-directed mutagenesis systems         alpha_k=-0.108  s_bar=0.0253  g=-0.3961  N_eff_anchor=17.98
    cell culture nutritional supplements - tryptone  alpha_k=+0.058  s_bar=0.0370  g=+0.1471  N_eff_anchor=11.69
    pre-cast bis-tris gels                    alpha_k=+0.056  s_bar=0.0174  g=+0.2985  N_eff_anchor=3.30
    column-based gel dna extraction kits      alpha_k=-0.051  s_bar=0.0499  g=-0.0957  N_eff_anchor=11.41
    acrylamide-bis solution                   alpha_k=+0.049  s_bar=0.0418  g=+0.1082  N_eff_anchor=18.18
    cell culture dissociation reagents        alpha_k=+0.038  s_bar=0.0139  g=+0.2543  N_eff_anchor=5.48
    column-based dna plasmid miniprep         alpha_k=+0.035  s_bar=0.0251  g=+0.1307  N_eff_anchor=16.74
  cluster filter (../../external/us_appended_text/author_static_clusters_30.csv, min-foia-per-cluster=2): kept 1,077,936/1,860,867
  Saved ../../output/eb_market_support_treated_hc_cf2_k3.csv
  Saved ../../output/shock_balance_treated_hc_cf2_k3.csv
  Saved ../../output/final_imputed_shift_share_treated_hc_cf2_k3.csv
  Saved ../../output/imputed_shares_matrix_treated_hc_cf2_k3.npz
  Saved ../../output/imputed_shares_markets_treated_hc_cf2_k3.csv

==============================================================================
Per-version shift-share imputation summary
==============================================================================
   version method  eb_enabled eb_prior  eb_field_eta  eb_spend_cap  n_foia_with_raw_shares  n_foia_nonzero_after_eb  z_hat_mean_universe  z_hat_sd_universe  S_sum_mean_universe  S_sum_sd_universe  eff_n_shocks  min_market_anchor_neff  median_market_anchor_neff
        hc    knn       False     none           NaN    53307.8746                     208                      208               0.0245             0.0376               0.2526             0.1307       19.0640                  1.5156                     9.0524
       all    knn       False     none           NaN   130172.8219                     208                      208               0.0126             0.0224               0.1098             0.0768       18.0821                  1.5156                     8.9335
treated_hc    knn       False     none           NaN    13716.4630                     208                      208               0.0930             0.0936               0.9582             0.2002       19.3124                  1.5156                     8.1467

Saved ../../output/shift_share_summary_cf2_k3.csv
Done!
Loading universe + FOIA id orders ...
  n universe = 1,860,867
  n FOIA anchors = 208
Loading shocks from /n/holylabs/LABS/pakes_lab/Lab/sci_eq/analysis/first_stage/output/did_coefs_eb_price.dta ...
  markets with shocks: 46
  g_k stats: mean=0.0669  sd=0.1804  min=-0.3961  max=0.7120
Loading W (tag='', k=3) ...
  W shape: (1860867, 208)  nnz: 5,011,841
  W rows with any weight: 1,783,003/1,860,867
  W row-sum stats (nonzero rows): mean=1.0000  p5=1.0000  p95=1.0000
Computing FOIA pre-period characteristics ...

==============================================================================
version=hc   method=knn   tag=''
==============================================================================
Building FOIA share matrix S from ../../external/exposure_wts/athr_exposure_by_category_hc.dta (version=hc) ...
  S shape: (208, 46)  nnz: 1,414  density: 0.1478
  FOIA PIs with >=1 treated-market share: 208 / 208
  per-market raw FOIA coverage: min=3  p5=3  p50=27  p95=66  max=106

  EB information spend cap: $53,308
  raw denominator spend: median=$12,108  p90=$53,308  max=$102,969
  effective EB spend: median=$12,108  p90=$52,728  max=$53,308

  --- Treated-market anchor support ---
  effective FOIA count by market: min=1.52  p25=3.82  p50=9.05  p75=15.38  max=44.44
  ten thinnest treated markets:
    nucleic acid modifying enzymes - klenow fragment  raw_n=  5  N_eff= 1.52  top_share=81%
    dulbecco's phosphate-buffered saline (dpbs) buffer  raw_n=  9  N_eff= 1.85  top_share=72%
    mes-sds buffer                            raw_n=  8  N_eff= 2.12  top_share=66%
    column-based microbial dna purification kits  raw_n=  3  N_eff= 2.14  top_share=56%
    pre-cast tris-tricine gels                raw_n=  3  N_eff= 2.33  top_share=59%
    pre-cast bis-tris gels                    raw_n= 16  N_eff= 2.38  top_share=63%
    laemmli sample buffer                     raw_n=  3  N_eff= 2.73  top_share=42%
    horse serum                               raw_n=  9  N_eff= 2.75  top_share=53%
    lds sample buffer                         raw_n=  3  N_eff= 2.88  top_share=43%
    nucleic acid modifying enzymes - t4 polynucleotide kinase  raw_n=  8  N_eff= 3.29  top_share=48%

Imputing shares (method=knn) ...
Aggregating: z_hat = S_hat @ g, S_sum = rowsum(S_hat) ...
  effective number of shocks (BHJ-style): 19.06

  --- Exposure level comparison ---
  FOIA exposure after chosen EB specification:
    n nonzero PIs: 208/208
    mean=+0.02374  sd=0.05634  med=+0.01117
  Universe imputed exposure:
    n nonzero authors: 1,783,003/1,860,867
    mean=+0.02555  sd=0.03804  med=+0.01720

--- Shock balance (Borusyak-Hull-Jaravel) ---
  Regression: g_k = a + b * X_bar_k + e, weights = Sum_i s_ik
  H0: shocks are quasi-randomly assigned wrt pre-period X => b approx 0

  characteristic                beta          se        t       p
  log_total_spend            +0.1082      0.0382    +2.83   0.005
  log_lab_spend              +0.0979      0.0349    +2.81   0.005
  n_cats                     +0.0032      0.0013    +2.54   0.011
  lab_share                  -0.0207      0.3763    -0.05   0.956

  top-10 |Rotemberg weight| markets:
    us fbs                                    alpha_k=+0.656  s_bar=0.0334  g=+0.4812  N_eff_anchor=25.97
    chemiluminescent substrates               alpha_k=+0.121  s_bar=0.0192  g=+0.1540  N_eff_anchor=44.44
    site-directed mutagenesis systems         alpha_k=-0.120  s_bar=0.0074  g=-0.3961  N_eff_anchor=17.30
    column-based microbial dna purification kits  alpha_k=+0.108  s_bar=0.0069  g=+0.3817  N_eff_anchor=2.14
    first-strand cdna synthesis systems       alpha_k=+0.085  s_bar=0.0106  g=+0.1964  N_eff_anchor=13.31
    column-based gel dna extraction kits      alpha_k=-0.083  s_bar=0.0212  g=-0.0957  N_eff_anchor=12.35
    pre-cast bis-tris gels                    alpha_k=+0.080  s_bar=0.0066  g=+0.2985  N_eff_anchor=2.38
    cell culture dissociation reagents        alpha_k=+0.053  s_bar=0.0051  g=+0.2543  N_eff_anchor=3.81
    cell culture nutritional supplements - tryptone  alpha_k=+0.050  s_bar=0.0082  g=+0.1471  N_eff_anchor=12.15
    rnase inhibitors                          alpha_k=-0.044  s_bar=0.0048  g=-0.2215  N_eff_anchor=6.85
  cluster filter (../../external/us_appended_text/author_static_clusters_30.csv, min-foia-per-cluster=5): kept 834,756/1,860,867
  Saved ../../output/eb_market_support_hc_cf5_k3.csv
  Saved ../../output/shock_balance_hc_cf5_k3.csv
  Saved ../../output/final_imputed_shift_share_hc_cf5_k3.csv
  Saved ../../output/imputed_shares_matrix_hc_cf5_k3.npz
  Saved ../../output/imputed_shares_markets_hc_cf5_k3.csv

==============================================================================
version=all   method=knn   tag=''
==============================================================================
Building FOIA share matrix S from ../../external/exposure_wts/athr_exposure_by_category_all.dta (version=all) ...
  S shape: (208, 46)  nnz: 1,414  density: 0.1478
  FOIA PIs with >=1 treated-market share: 208 / 208
  per-market raw FOIA coverage: min=3  p5=3  p50=27  p95=66  max=106

  EB information spend cap: $130,173
  raw denominator spend: median=$32,071  p90=$130,173  max=$218,213
  effective EB spend: median=$32,071  p90=$129,558  max=$130,173

  --- Treated-market anchor support ---
  effective FOIA count by market: min=1.52  p25=3.82  p50=8.93  p75=14.93  max=46.93
  ten thinnest treated markets:
    nucleic acid modifying enzymes - klenow fragment  raw_n=  5  N_eff= 1.52  top_share=81%
    dulbecco's phosphate-buffered saline (dpbs) buffer  raw_n=  9  N_eff= 1.88  top_share=71%
    mes-sds buffer                            raw_n=  8  N_eff= 2.13  top_share=66%
    column-based microbial dna purification kits  raw_n=  3  N_eff= 2.14  top_share=56%
    pre-cast bis-tris gels                    raw_n= 16  N_eff= 2.33  top_share=64%
    laemmli sample buffer                     raw_n=  3  N_eff= 2.62  top_share=44%
    pre-cast tris-tricine gels                raw_n=  3  N_eff= 2.64  top_share=50%
    lds sample buffer                         raw_n=  3  N_eff= 2.74  top_share=48%
    horse serum                               raw_n=  9  N_eff= 2.84  top_share=49%
    high-fidelity dna polymerase              raw_n= 27  N_eff= 3.31  top_share=53%

Imputing shares (method=knn) ...
Aggregating: z_hat = S_hat @ g, S_sum = rowsum(S_hat) ...
  effective number of shocks (BHJ-style): 18.08

  --- Exposure level comparison ---
  FOIA exposure after chosen EB specification:
    n nonzero PIs: 208/208
    mean=+0.01120  sd=0.03150  med=+0.00402
  Universe imputed exposure:
    n nonzero authors: 1,783,003/1,860,867
    mean=+0.01313  sd=0.02276  med=+0.00741

--- Shock balance (Borusyak-Hull-Jaravel) ---
  Regression: g_k = a + b * X_bar_k + e, weights = Sum_i s_ik
  H0: shocks are quasi-randomly assigned wrt pre-period X => b approx 0

  characteristic                beta          se        t       p
  log_total_spend            +0.0480      0.0295    +1.63   0.104
  log_lab_spend              +0.0471      0.0286    +1.65   0.100
  n_cats                     +0.0018      0.0012    +1.47   0.142
  lab_share                  -0.3938      0.4526    -0.87   0.384

  top-10 |Rotemberg weight| markets:
    us fbs                                    alpha_k=+0.542  s_bar=0.0142  g=+0.4812  N_eff_anchor=26.30
    column-based microbial dna purification kits  alpha_k=+0.188  s_bar=0.0062  g=+0.3817  N_eff_anchor=2.14
    chemiluminescent substrates               alpha_k=+0.114  s_bar=0.0093  g=+0.1540  N_eff_anchor=46.93
    first-strand cdna synthesis systems       alpha_k=+0.101  s_bar=0.0065  g=+0.1964  N_eff_anchor=13.58
    site-directed mutagenesis systems         alpha_k=-0.076  s_bar=0.0024  g=-0.3961  N_eff_anchor=17.38
    pre-cast bis-tris gels                    alpha_k=+0.063  s_bar=0.0026  g=+0.2985  N_eff_anchor=2.33
    column-based gel dna extraction kits      alpha_k=-0.051  s_bar=0.0067  g=-0.0957  N_eff_anchor=12.35
    cell culture nutritional supplements - tryptone  alpha_k=+0.051  s_bar=0.0043  g=+0.1471  N_eff_anchor=11.36
    cell culture dissociation reagents        alpha_k=+0.037  s_bar=0.0018  g=+0.2543  N_eff_anchor=3.73
    rnase inhibitors                          alpha_k=-0.031  s_bar=0.0017  g=-0.2215  N_eff_anchor=6.85
  cluster filter (../../external/us_appended_text/author_static_clusters_30.csv, min-foia-per-cluster=5): kept 834,756/1,860,867
  Saved ../../output/eb_market_support_all_cf5_k3.csv
  Saved ../../output/shock_balance_all_cf5_k3.csv
  Saved ../../output/final_imputed_shift_share_all_cf5_k3.csv
  Saved ../../output/imputed_shares_matrix_all_cf5_k3.npz
  Saved ../../output/imputed_shares_markets_all_cf5_k3.csv

==============================================================================
version=treated_hc   method=knn   tag=''
==============================================================================
Building FOIA share matrix S from ../../external/exposure_wts/athr_exposure_by_category_treated_hc.dta (version=treated_hc) ...
  S shape: (208, 46)  nnz: 1,414  density: 0.1478
  FOIA PIs with >=1 treated-market share: 208 / 208
  per-market raw FOIA coverage: min=3  p5=3  p50=27  p95=66  max=106

  EB information spend cap: $13,716
  raw denominator spend: median=$2,175  p90=$13,716  max=$51,286
  effective EB spend: median=$2,175  p90=$13,403  max=$13,716

  --- Treated-market anchor support ---
  effective FOIA count by market: min=1.52  p25=5.04  p50=8.15  p75=16.58  max=45.72
  ten thinnest treated markets:
    nucleic acid modifying enzymes - klenow fragment  raw_n=  5  N_eff= 1.52  top_share=81%
    column-based microbial dna purification kits  raw_n=  3  N_eff= 2.14  top_share=56%
    dulbecco's phosphate-buffered saline (dpbs) buffer  raw_n=  9  N_eff= 2.32  top_share=62%
    pre-cast tris-tricine gels                raw_n=  3  N_eff= 2.57  top_share=53%
    mes-sds buffer                            raw_n=  8  N_eff= 2.62  top_share=58%
    lds sample buffer                         raw_n=  3  N_eff= 2.64  top_share=50%
    laemmli sample buffer                     raw_n=  3  N_eff= 2.67  top_share=48%
    horse serum                               raw_n=  9  N_eff= 2.97  top_share=42%
    nucleic acid modifying enzymes - t4 polynucleotide kinase  raw_n=  8  N_eff= 3.16  top_share=53%
    pre-cast bis-tris gels                    raw_n= 16  N_eff= 3.30  top_share=52%

Imputing shares (method=knn) ...
Aggregating: z_hat = S_hat @ g, S_sum = rowsum(S_hat) ...
  effective number of shocks (BHJ-style): 19.31

  --- Exposure level comparison ---
  FOIA exposure after chosen EB specification:
    n nonzero PIs: 208/208
    mean=+0.08127  sd=0.13144  med=+0.05980
  Universe imputed exposure:
    n nonzero authors: 1,783,003/1,860,867
    mean=+0.09710  sd=0.09350  med=+0.08637

--- Shock balance (Borusyak-Hull-Jaravel) ---
  Regression: g_k = a + b * X_bar_k + e, weights = Sum_i s_ik
  H0: shocks are quasi-randomly assigned wrt pre-period X => b approx 0

  characteristic                beta          se        t       p
  log_total_spend            +0.1909      0.0543    +3.51   0.000
  log_lab_spend              +0.1793      0.0508    +3.53   0.000
  n_cats                     +0.0048      0.0016    +2.98   0.003
  lab_share                  +0.0794      0.5774    +0.14   0.891

  top-10 |Rotemberg weight| markets:
    us fbs                                    alpha_k=+0.615  s_bar=0.1189  g=+0.4812  N_eff_anchor=32.00
    chemiluminescent substrates               alpha_k=+0.148  s_bar=0.0895  g=+0.1540  N_eff_anchor=45.72
    first-strand cdna synthesis systems       alpha_k=+0.115  s_bar=0.0547  g=+0.1964  N_eff_anchor=19.56
    site-directed mutagenesis systems         alpha_k=-0.108  s_bar=0.0253  g=-0.3961  N_eff_anchor=17.98
    cell culture nutritional supplements - tryptone  alpha_k=+0.058  s_bar=0.0370  g=+0.1471  N_eff_anchor=11.69
    pre-cast bis-tris gels                    alpha_k=+0.056  s_bar=0.0174  g=+0.2985  N_eff_anchor=3.30
    column-based gel dna extraction kits      alpha_k=-0.051  s_bar=0.0499  g=-0.0957  N_eff_anchor=11.41
    acrylamide-bis solution                   alpha_k=+0.049  s_bar=0.0418  g=+0.1082  N_eff_anchor=18.18
    cell culture dissociation reagents        alpha_k=+0.038  s_bar=0.0139  g=+0.2543  N_eff_anchor=5.48
    column-based dna plasmid miniprep         alpha_k=+0.035  s_bar=0.0251  g=+0.1307  N_eff_anchor=16.74
  cluster filter (../../external/us_appended_text/author_static_clusters_30.csv, min-foia-per-cluster=5): kept 834,756/1,860,867
  Saved ../../output/eb_market_support_treated_hc_cf5_k3.csv
  Saved ../../output/shock_balance_treated_hc_cf5_k3.csv
  Saved ../../output/final_imputed_shift_share_treated_hc_cf5_k3.csv
  Saved ../../output/imputed_shares_matrix_treated_hc_cf5_k3.npz
  Saved ../../output/imputed_shares_markets_treated_hc_cf5_k3.csv

==============================================================================
Per-version shift-share imputation summary
==============================================================================
   version method  eb_enabled eb_prior  eb_field_eta  eb_spend_cap  n_foia_with_raw_shares  n_foia_nonzero_after_eb  z_hat_mean_universe  z_hat_sd_universe  S_sum_mean_universe  S_sum_sd_universe  eff_n_shocks  min_market_anchor_neff  median_market_anchor_neff
        hc    knn       False     none           NaN    53307.8746                     208                      208               0.0245             0.0376               0.2526             0.1307       19.0640                  1.5156                     9.0524
       all    knn       False     none           NaN   130172.8219                     208                      208               0.0126             0.0224               0.1098             0.0768       18.0821                  1.5156                     8.9335
treated_hc    knn       False     none           NaN    13716.4630                     208                      208               0.0930             0.0936               0.9582             0.2002       19.3124                  1.5156                     8.1467

Saved ../../output/shift_share_summary_cf5_k3.csv
Done!
