Loading universe + FOIA id orders ...
Loading shocks from /n/holylabs/LABS/pakes_lab/Lab/sci_eq/analysis/first_stage/output/did_coefs_eb_price.dta ...
  markets with shocks: 46
  g_k stats: mean=0.0669  sd=0.1804  min=-0.3961  max=0.7120
Loading W (tag='', k=3) ...
  W shape: (1860867, 208)  nnz: 5,011,841
  W rows with any weight: 1,783,003/1,860,867
  W row-sum stats (nonzero rows): mean=1.0000  p5=1.0000  p95=1.0000
Computing FOIA pre-period characteristics ...

==============================================================================
version=hc   method=knn   tag=''
==============================================================================
Building FOIA share matrix S from ../../external/exposure_wts/athr_exposure_by_category_hc.dta (version=hc) ...
  S shape: (208, 46)  nnz: 1,414  density: 0.1478
  FOIA PIs with >=1 treated-market share: 208 / 208
  per-market coverage: min=3  p5=3  p50=27  p95=66  max=106
Imputing shares  (method=knn)  ...
Aggregating: z_hat = S_hat @ g,  S_sum = rowsum(S_hat) ...
  effective number of shocks (BHJ-style): 19.06

  --- Exposure level comparison ---
  Self-imputed FOIA exposure (S @ g):
    n nonzero PIs: 208/208
    mean=+0.02374  sd=0.05634  med=+0.01117
  Universe imputed exposure (S_hat @ g):
    n nonzero authors: 1,783,003/1,860,867
    mean=+0.02555  sd=0.03804  med=+0.01720

--- Shock balance (Borusyak-Hull-Jaravel) ---
  Regression: g_k = a + b * X_bar_k + e,  weights = Sum_i s_ik
  H0: shocks are quasi-randomly assigned wrt pre-period X => b approx 0

  characteristic                beta          se        t       p
  log_total_spend            +0.1082      0.0382    +2.83   0.005
  log_lab_spend              +0.0979      0.0349    +2.81   0.005
  n_cats                     +0.0032      0.0013    +2.54   0.011
  lab_share                  -0.0207      0.3763    -0.05   0.956
  top-10 |Rotemberg weight| markets:
    us fbs                                    alpha_k=+0.656  s_bar=0.0334  g=+0.4812
    chemiluminescent substrates               alpha_k=+0.121  s_bar=0.0192  g=+0.1540
    site-directed mutagenesis systems         alpha_k=-0.120  s_bar=0.0074  g=-0.3961
    column-based microbial dna purification kits  alpha_k=+0.108  s_bar=0.0069  g=+0.3817
    first-strand cdna synthesis systems       alpha_k=+0.085  s_bar=0.0106  g=+0.1964
    column-based gel dna extraction kits      alpha_k=-0.083  s_bar=0.0212  g=-0.0957
    pre-cast bis-tris gels                    alpha_k=+0.080  s_bar=0.0066  g=+0.2985
    cell culture dissociation reagents        alpha_k=+0.053  s_bar=0.0051  g=+0.2543
    cell culture nutritional supplements - tryptone  alpha_k=+0.050  s_bar=0.0082  g=+0.1471
    rnase inhibitors                          alpha_k=-0.044  s_bar=0.0048  g=-0.2215
  ls filter (../../external/us_appended_text/author_ls_authors_indiv.csv): kept 1,462,984/1,860,867
  Saved ../../output/shock_balance_hc_lsa_k3.csv
  Saved ../../output/final_imputed_shift_share_hc_lsa_k3.csv
  Saved ../../output/imputed_shares_matrix_hc_lsa_k3.npz  (universe x K_treated imputed share matrix)
  Saved ../../output/imputed_shares_markets_hc_lsa_k3.csv

==============================================================================
version=all   method=knn   tag=''
==============================================================================
Building FOIA share matrix S from ../../external/exposure_wts/athr_exposure_by_category_all.dta (version=all) ...
  S shape: (208, 46)  nnz: 1,414  density: 0.1478
  FOIA PIs with >=1 treated-market share: 208 / 208
  per-market coverage: min=3  p5=3  p50=27  p95=66  max=106
Imputing shares  (method=knn)  ...
Aggregating: z_hat = S_hat @ g,  S_sum = rowsum(S_hat) ...
  effective number of shocks (BHJ-style): 18.08

  --- Exposure level comparison ---
  Self-imputed FOIA exposure (S @ g):
    n nonzero PIs: 208/208
    mean=+0.01120  sd=0.03150  med=+0.00402
  Universe imputed exposure (S_hat @ g):
    n nonzero authors: 1,783,003/1,860,867
    mean=+0.01313  sd=0.02276  med=+0.00741

--- Shock balance (Borusyak-Hull-Jaravel) ---
  Regression: g_k = a + b * X_bar_k + e,  weights = Sum_i s_ik
  H0: shocks are quasi-randomly assigned wrt pre-period X => b approx 0

  characteristic                beta          se        t       p
  log_total_spend            +0.0480      0.0295    +1.63   0.104
  log_lab_spend              +0.0471      0.0286    +1.65   0.100
  n_cats                     +0.0018      0.0012    +1.47   0.142
  lab_share                  -0.3938      0.4526    -0.87   0.384
  top-10 |Rotemberg weight| markets:
    us fbs                                    alpha_k=+0.542  s_bar=0.0142  g=+0.4812
    column-based microbial dna purification kits  alpha_k=+0.188  s_bar=0.0062  g=+0.3817
    chemiluminescent substrates               alpha_k=+0.114  s_bar=0.0093  g=+0.1540
    first-strand cdna synthesis systems       alpha_k=+0.101  s_bar=0.0065  g=+0.1964
    site-directed mutagenesis systems         alpha_k=-0.076  s_bar=0.0024  g=-0.3961
    pre-cast bis-tris gels                    alpha_k=+0.063  s_bar=0.0026  g=+0.2985
    column-based gel dna extraction kits      alpha_k=-0.051  s_bar=0.0067  g=-0.0957
    cell culture nutritional supplements - tryptone  alpha_k=+0.051  s_bar=0.0043  g=+0.1471
    cell culture dissociation reagents        alpha_k=+0.037  s_bar=0.0018  g=+0.2543
    rnase inhibitors                          alpha_k=-0.031  s_bar=0.0017  g=-0.2215
  ls filter (../../external/us_appended_text/author_ls_authors_indiv.csv): kept 1,462,984/1,860,867
  Saved ../../output/shock_balance_all_lsa_k3.csv
  Saved ../../output/final_imputed_shift_share_all_lsa_k3.csv
  Saved ../../output/imputed_shares_matrix_all_lsa_k3.npz  (universe x K_treated imputed share matrix)
  Saved ../../output/imputed_shares_markets_all_lsa_k3.csv

==============================================================================
version=treated_hc   method=knn   tag=''
==============================================================================
Building FOIA share matrix S from ../../external/exposure_wts/athr_exposure_by_category_treated_hc.dta (version=treated_hc) ...
  S shape: (208, 46)  nnz: 1,414  density: 0.1478
  FOIA PIs with >=1 treated-market share: 208 / 208
  per-market coverage: min=3  p5=3  p50=27  p95=66  max=106
Imputing shares  (method=knn)  ...
Aggregating: z_hat = S_hat @ g,  S_sum = rowsum(S_hat) ...
  effective number of shocks (BHJ-style): 19.31

  --- Exposure level comparison ---
  Self-imputed FOIA exposure (S @ g):
    n nonzero PIs: 208/208
    mean=+0.08127  sd=0.13144  med=+0.05980
  Universe imputed exposure (S_hat @ g):
    n nonzero authors: 1,783,003/1,860,867
    mean=+0.09710  sd=0.09350  med=+0.08637

--- Shock balance (Borusyak-Hull-Jaravel) ---
  Regression: g_k = a + b * X_bar_k + e,  weights = Sum_i s_ik
  H0: shocks are quasi-randomly assigned wrt pre-period X => b approx 0

  characteristic                beta          se        t       p
  log_total_spend            +0.1909      0.0543    +3.51   0.000
  log_lab_spend              +0.1793      0.0508    +3.53   0.000
  n_cats                     +0.0048      0.0016    +2.98   0.003
  lab_share                  +0.0794      0.5774    +0.14   0.891
  top-10 |Rotemberg weight| markets:
    us fbs                                    alpha_k=+0.615  s_bar=0.1189  g=+0.4812
    chemiluminescent substrates               alpha_k=+0.148  s_bar=0.0895  g=+0.1540
    first-strand cdna synthesis systems       alpha_k=+0.115  s_bar=0.0547  g=+0.1964
    site-directed mutagenesis systems         alpha_k=-0.108  s_bar=0.0253  g=-0.3961
    cell culture nutritional supplements - tryptone  alpha_k=+0.058  s_bar=0.0370  g=+0.1471
    pre-cast bis-tris gels                    alpha_k=+0.056  s_bar=0.0174  g=+0.2985
    column-based gel dna extraction kits      alpha_k=-0.051  s_bar=0.0499  g=-0.0957
    acrylamide-bis solution                   alpha_k=+0.049  s_bar=0.0418  g=+0.1082
    cell culture dissociation reagents        alpha_k=+0.038  s_bar=0.0139  g=+0.2543
    column-based dna plasmid miniprep         alpha_k=+0.035  s_bar=0.0251  g=+0.1307
  ls filter (../../external/us_appended_text/author_ls_authors_indiv.csv): kept 1,462,984/1,860,867
  Saved ../../output/shock_balance_treated_hc_lsa_k3.csv
  Saved ../../output/final_imputed_shift_share_treated_hc_lsa_k3.csv
  Saved ../../output/imputed_shares_matrix_treated_hc_lsa_k3.npz  (universe x K_treated imputed share matrix)
  Saved ../../output/imputed_shares_markets_treated_hc_lsa_k3.csv

==============================================================================
Per-version shift-share imputation summary
==============================================================================
   version method  n_foia_with_shares  z_hat_mean_universe  z_hat_sd_universe  S_sum_mean_universe  S_sum_sd_universe  eff_n_shocks
        hc    knn                 208               0.0245             0.0376               0.2526             0.1307       19.0640
       all    knn                 208               0.0126             0.0224               0.1098             0.0768       18.0821
treated_hc    knn                 208               0.0930             0.0936               0.9582             0.2002       19.3124

Saved ../../output/shift_share_summary_lsa_k3.csv
Done!
Loading universe + FOIA id orders ...
Loading shocks from /n/holylabs/LABS/pakes_lab/Lab/sci_eq/analysis/first_stage/output/did_coefs_eb_price.dta ...
  markets with shocks: 46
  g_k stats: mean=0.0669  sd=0.1804  min=-0.3961  max=0.7120
Loading W (tag='', k=3) ...
  W shape: (1860867, 208)  nnz: 5,011,841
  W rows with any weight: 1,783,003/1,860,867
  W row-sum stats (nonzero rows): mean=1.0000  p5=1.0000  p95=1.0000
Computing FOIA pre-period characteristics ...

==============================================================================
version=hc   method=knn   tag=''
==============================================================================
Building FOIA share matrix S from ../../external/exposure_wts/athr_exposure_by_category_hc.dta (version=hc) ...
  S shape: (208, 46)  nnz: 1,414  density: 0.1478
  FOIA PIs with >=1 treated-market share: 208 / 208
  per-market coverage: min=3  p5=3  p50=27  p95=66  max=106
Imputing shares  (method=knn)  ...
Aggregating: z_hat = S_hat @ g,  S_sum = rowsum(S_hat) ...
  effective number of shocks (BHJ-style): 19.06

  --- Exposure level comparison ---
  Self-imputed FOIA exposure (S @ g):
    n nonzero PIs: 208/208
    mean=+0.02374  sd=0.05634  med=+0.01117
  Universe imputed exposure (S_hat @ g):
    n nonzero authors: 1,783,003/1,860,867
    mean=+0.02555  sd=0.03804  med=+0.01720

--- Shock balance (Borusyak-Hull-Jaravel) ---
  Regression: g_k = a + b * X_bar_k + e,  weights = Sum_i s_ik
  H0: shocks are quasi-randomly assigned wrt pre-period X => b approx 0

  characteristic                beta          se        t       p
  log_total_spend            +0.1082      0.0382    +2.83   0.005
  log_lab_spend              +0.0979      0.0349    +2.81   0.005
  n_cats                     +0.0032      0.0013    +2.54   0.011
  lab_share                  -0.0207      0.3763    -0.05   0.956
  top-10 |Rotemberg weight| markets:
    us fbs                                    alpha_k=+0.656  s_bar=0.0334  g=+0.4812
    chemiluminescent substrates               alpha_k=+0.121  s_bar=0.0192  g=+0.1540
    site-directed mutagenesis systems         alpha_k=-0.120  s_bar=0.0074  g=-0.3961
    column-based microbial dna purification kits  alpha_k=+0.108  s_bar=0.0069  g=+0.3817
    first-strand cdna synthesis systems       alpha_k=+0.085  s_bar=0.0106  g=+0.1964
    column-based gel dna extraction kits      alpha_k=-0.083  s_bar=0.0212  g=-0.0957
    pre-cast bis-tris gels                    alpha_k=+0.080  s_bar=0.0066  g=+0.2985
    cell culture dissociation reagents        alpha_k=+0.053  s_bar=0.0051  g=+0.2543
    cell culture nutritional supplements - tryptone  alpha_k=+0.050  s_bar=0.0082  g=+0.1471
    rnase inhibitors                          alpha_k=-0.044  s_bar=0.0048  g=-0.2215
  cluster filter (../../external/us_appended_text/author_static_clusters_30.csv, min-foia-per-cluster=1): kept 1,613,853/1,860,867
  ls filter (../../external/us_appended_text/author_ls_authors_indiv.csv): kept 1,320,966/1,613,853
  Saved ../../output/shock_balance_hc_cf_lsa_k3.csv
  Saved ../../output/final_imputed_shift_share_hc_cf_lsa_k3.csv
  Saved ../../output/imputed_shares_matrix_hc_cf_lsa_k3.npz  (universe x K_treated imputed share matrix)
  Saved ../../output/imputed_shares_markets_hc_cf_lsa_k3.csv

==============================================================================
version=all   method=knn   tag=''
==============================================================================
Building FOIA share matrix S from ../../external/exposure_wts/athr_exposure_by_category_all.dta (version=all) ...
  S shape: (208, 46)  nnz: 1,414  density: 0.1478
  FOIA PIs with >=1 treated-market share: 208 / 208
  per-market coverage: min=3  p5=3  p50=27  p95=66  max=106
Imputing shares  (method=knn)  ...
Aggregating: z_hat = S_hat @ g,  S_sum = rowsum(S_hat) ...
  effective number of shocks (BHJ-style): 18.08

  --- Exposure level comparison ---
  Self-imputed FOIA exposure (S @ g):
    n nonzero PIs: 208/208
    mean=+0.01120  sd=0.03150  med=+0.00402
  Universe imputed exposure (S_hat @ g):
    n nonzero authors: 1,783,003/1,860,867
    mean=+0.01313  sd=0.02276  med=+0.00741

--- Shock balance (Borusyak-Hull-Jaravel) ---
  Regression: g_k = a + b * X_bar_k + e,  weights = Sum_i s_ik
  H0: shocks are quasi-randomly assigned wrt pre-period X => b approx 0

  characteristic                beta          se        t       p
  log_total_spend            +0.0480      0.0295    +1.63   0.104
  log_lab_spend              +0.0471      0.0286    +1.65   0.100
  n_cats                     +0.0018      0.0012    +1.47   0.142
  lab_share                  -0.3938      0.4526    -0.87   0.384
  top-10 |Rotemberg weight| markets:
    us fbs                                    alpha_k=+0.542  s_bar=0.0142  g=+0.4812
    column-based microbial dna purification kits  alpha_k=+0.188  s_bar=0.0062  g=+0.3817
    chemiluminescent substrates               alpha_k=+0.114  s_bar=0.0093  g=+0.1540
    first-strand cdna synthesis systems       alpha_k=+0.101  s_bar=0.0065  g=+0.1964
    site-directed mutagenesis systems         alpha_k=-0.076  s_bar=0.0024  g=-0.3961
    pre-cast bis-tris gels                    alpha_k=+0.063  s_bar=0.0026  g=+0.2985
    column-based gel dna extraction kits      alpha_k=-0.051  s_bar=0.0067  g=-0.0957
    cell culture nutritional supplements - tryptone  alpha_k=+0.051  s_bar=0.0043  g=+0.1471
    cell culture dissociation reagents        alpha_k=+0.037  s_bar=0.0018  g=+0.2543
    rnase inhibitors                          alpha_k=-0.031  s_bar=0.0017  g=-0.2215
  cluster filter (../../external/us_appended_text/author_static_clusters_30.csv, min-foia-per-cluster=1): kept 1,613,853/1,860,867
  ls filter (../../external/us_appended_text/author_ls_authors_indiv.csv): kept 1,320,966/1,613,853
  Saved ../../output/shock_balance_all_cf_lsa_k3.csv
  Saved ../../output/final_imputed_shift_share_all_cf_lsa_k3.csv
  Saved ../../output/imputed_shares_matrix_all_cf_lsa_k3.npz  (universe x K_treated imputed share matrix)
  Saved ../../output/imputed_shares_markets_all_cf_lsa_k3.csv

==============================================================================
version=treated_hc   method=knn   tag=''
==============================================================================
Building FOIA share matrix S from ../../external/exposure_wts/athr_exposure_by_category_treated_hc.dta (version=treated_hc) ...
  S shape: (208, 46)  nnz: 1,414  density: 0.1478
  FOIA PIs with >=1 treated-market share: 208 / 208
  per-market coverage: min=3  p5=3  p50=27  p95=66  max=106
Imputing shares  (method=knn)  ...
Aggregating: z_hat = S_hat @ g,  S_sum = rowsum(S_hat) ...
  effective number of shocks (BHJ-style): 19.31

  --- Exposure level comparison ---
  Self-imputed FOIA exposure (S @ g):
    n nonzero PIs: 208/208
    mean=+0.08127  sd=0.13144  med=+0.05980
  Universe imputed exposure (S_hat @ g):
    n nonzero authors: 1,783,003/1,860,867
    mean=+0.09710  sd=0.09350  med=+0.08637

--- Shock balance (Borusyak-Hull-Jaravel) ---
  Regression: g_k = a + b * X_bar_k + e,  weights = Sum_i s_ik
  H0: shocks are quasi-randomly assigned wrt pre-period X => b approx 0

  characteristic                beta          se        t       p
  log_total_spend            +0.1909      0.0543    +3.51   0.000
  log_lab_spend              +0.1793      0.0508    +3.53   0.000
  n_cats                     +0.0048      0.0016    +2.98   0.003
  lab_share                  +0.0794      0.5774    +0.14   0.891
  top-10 |Rotemberg weight| markets:
    us fbs                                    alpha_k=+0.615  s_bar=0.1189  g=+0.4812
    chemiluminescent substrates               alpha_k=+0.148  s_bar=0.0895  g=+0.1540
    first-strand cdna synthesis systems       alpha_k=+0.115  s_bar=0.0547  g=+0.1964
    site-directed mutagenesis systems         alpha_k=-0.108  s_bar=0.0253  g=-0.3961
    cell culture nutritional supplements - tryptone  alpha_k=+0.058  s_bar=0.0370  g=+0.1471
    pre-cast bis-tris gels                    alpha_k=+0.056  s_bar=0.0174  g=+0.2985
    column-based gel dna extraction kits      alpha_k=-0.051  s_bar=0.0499  g=-0.0957
    acrylamide-bis solution                   alpha_k=+0.049  s_bar=0.0418  g=+0.1082
    cell culture dissociation reagents        alpha_k=+0.038  s_bar=0.0139  g=+0.2543
    column-based dna plasmid miniprep         alpha_k=+0.035  s_bar=0.0251  g=+0.1307
  cluster filter (../../external/us_appended_text/author_static_clusters_30.csv, min-foia-per-cluster=1): kept 1,613,853/1,860,867
  ls filter (../../external/us_appended_text/author_ls_authors_indiv.csv): kept 1,320,966/1,613,853
  Saved ../../output/shock_balance_treated_hc_cf_lsa_k3.csv
  Saved ../../output/final_imputed_shift_share_treated_hc_cf_lsa_k3.csv
  Saved ../../output/imputed_shares_matrix_treated_hc_cf_lsa_k3.npz  (universe x K_treated imputed share matrix)
  Saved ../../output/imputed_shares_markets_treated_hc_cf_lsa_k3.csv

==============================================================================
Per-version shift-share imputation summary
==============================================================================
   version method  n_foia_with_shares  z_hat_mean_universe  z_hat_sd_universe  S_sum_mean_universe  S_sum_sd_universe  eff_n_shocks
        hc    knn                 208               0.0245             0.0376               0.2526             0.1307       19.0640
       all    knn                 208               0.0126             0.0224               0.1098             0.0768       18.0821
treated_hc    knn                 208               0.0930             0.0936               0.9582             0.2002       19.3124

Saved ../../output/shift_share_summary_cf_lsa_k3.csv
Done!
Loading universe + FOIA id orders ...
Loading shocks from /n/holylabs/LABS/pakes_lab/Lab/sci_eq/analysis/first_stage/output/did_coefs_eb_price.dta ...
  markets with shocks: 46
  g_k stats: mean=0.0669  sd=0.1804  min=-0.3961  max=0.7120
Loading W (tag='', k=3) ...
  W shape: (1860867, 208)  nnz: 5,011,841
  W rows with any weight: 1,783,003/1,860,867
  W row-sum stats (nonzero rows): mean=1.0000  p5=1.0000  p95=1.0000
Computing FOIA pre-period characteristics ...

==============================================================================
version=hc   method=knn   tag=''
==============================================================================
Building FOIA share matrix S from ../../external/exposure_wts/athr_exposure_by_category_hc.dta (version=hc) ...
  S shape: (208, 46)  nnz: 1,414  density: 0.1478
  FOIA PIs with >=1 treated-market share: 208 / 208
  per-market coverage: min=3  p5=3  p50=27  p95=66  max=106

  --- EB shrinkage (alpha=$2,500, prior=global) ---
  rows shrunk: 208/208  (T=0 rows left at zero)
  self-exposure sd across anchors: raw=0.0563  shrunk=0.0358  (retained 64%)
  own-data weight T/(T+alpha): p25=0.64  p50=0.83  p75=0.92
  largest self-exposure changes:
    A5009411980: -0.2589 -> -0.0257  (T=$661, own_wt=0.21)
    A5087101891: +0.3817 -> +0.2052  (T=$2,397, own_wt=0.49)
    A5014945614: +0.2768 -> +0.1332  (T=$1,694, own_wt=0.40)
    A5067529915: -0.1451 -> -0.0221  (T=$1,179, own_wt=0.32)
    A5006559011: -0.0819 -> +0.0020  (T=$1,014, own_wt=0.29)
Imputing shares  (method=knn)  ...
Aggregating: z_hat = S_hat @ g,  S_sum = rowsum(S_hat) ...
  effective number of shocks (BHJ-style): 15.72

  --- Exposure level comparison ---
  Self-imputed FOIA exposure (S @ g):
    n nonzero PIs: 208/208
    mean=+0.02874  sd=0.03583  med=+0.01933
  Universe imputed exposure (S_hat @ g):
    n nonzero authors: 1,783,003/1,860,867
    mean=+0.03095  sd=0.02372  med=+0.02348

--- Shock balance (Borusyak-Hull-Jaravel) ---
  Regression: g_k = a + b * X_bar_k + e,  weights = Sum_i s_ik
  H0: shocks are quasi-randomly assigned wrt pre-period X => b approx 0

  characteristic                beta          se        t       p
  log_total_spend            +0.2199      0.0932    +2.36   0.018
  log_lab_spend              +0.1999      0.0910    +2.20   0.028
  n_cats                     +0.0038      0.0026    +1.50   0.134
  lab_share                  -0.9670      0.9342    -1.04   0.301
  top-10 |Rotemberg weight| markets:
    us fbs                                    alpha_k=+0.698  s_bar=0.0430  g=+0.4812
    chemiluminescent substrates               alpha_k=+0.113  s_bar=0.0218  g=+0.1540
    first-strand cdna synthesis systems       alpha_k=+0.080  s_bar=0.0121  g=+0.1964
    site-directed mutagenesis systems         alpha_k=-0.080  s_bar=0.0060  g=-0.3961
    column-based microbial dna purification kits  alpha_k=+0.048  s_bar=0.0037  g=+0.3817
    pre-cast bis-tris gels                    alpha_k=+0.045  s_bar=0.0045  g=+0.2985
    cell culture dissociation reagents        alpha_k=+0.040  s_bar=0.0047  g=+0.2543
    rnase inhibitors                          alpha_k=-0.028  s_bar=0.0037  g=-0.2215
    cell culture nutritional supplements - tryptone  alpha_k=+0.026  s_bar=0.0053  g=+0.1471
    column-based dna plasmid miniprep         alpha_k=+0.025  s_bar=0.0056  g=+0.1307
  ls filter (../../external/us_appended_text/author_ls_authors_indiv.csv): kept 1,462,984/1,860,867
  Saved ../../output/shock_balance_hc_eb2.5k_lsa_k3.csv
  Saved ../../output/foia_self_exposure_hc_eb2.5k_lsa_k3.csv  (shrunk anchor-level self exposure)
  Saved ../../output/final_imputed_shift_share_hc_eb2.5k_lsa_k3.csv
  Saved ../../output/imputed_shares_matrix_hc_eb2.5k_lsa_k3.npz  (universe x K_treated imputed share matrix)
  Saved ../../output/imputed_shares_markets_hc_eb2.5k_lsa_k3.csv

==============================================================================
version=all   method=knn   tag=''
==============================================================================
Building FOIA share matrix S from ../../external/exposure_wts/athr_exposure_by_category_all.dta (version=all) ...
  S shape: (208, 46)  nnz: 1,414  density: 0.1478
  FOIA PIs with >=1 treated-market share: 208 / 208
  per-market coverage: min=3  p5=3  p50=27  p95=66  max=106

  --- EB shrinkage (alpha=$2,500, prior=global) ---
  rows shrunk: 208/208  (T=0 rows left at zero)
  self-exposure sd across anchors: raw=0.0315  shrunk=0.0207  (retained 66%)
  own-data weight T/(T+alpha): p25=0.82  p50=0.93  p75=0.96
  largest self-exposure changes:
    A5087101891: +0.3466 -> +0.1850  (T=$2,640, own_wt=0.51)
    A5014945614: +0.1544 -> +0.0912  (T=$3,037, own_wt=0.55)
    A5009411980: -0.0753 -> -0.0283  (T=$2,272, own_wt=0.48)
    A5067529915: -0.0472 -> -0.0220  (T=$3,625, own_wt=0.59)
    A5023125790: +0.0389 -> +0.0154  (T=$97, own_wt=0.04)
Imputing shares  (method=knn)  ...
Aggregating: z_hat = S_hat @ g,  S_sum = rowsum(S_hat) ...
  effective number of shocks (BHJ-style): 16.33

  --- Exposure level comparison ---
  Self-imputed FOIA exposure (S @ g):
    n nonzero PIs: 208/208
    mean=+0.01146  sd=0.02070  med=+0.00583
  Universe imputed exposure (S_hat @ g):
    n nonzero authors: 1,783,003/1,860,867
    mean=+0.01309  sd=0.01475  med=+0.00863

--- Shock balance (Borusyak-Hull-Jaravel) ---
  Regression: g_k = a + b * X_bar_k + e,  weights = Sum_i s_ik
  H0: shocks are quasi-randomly assigned wrt pre-period X => b approx 0

  characteristic                beta          se        t       p
  log_total_spend            +0.1302      0.0646    +2.02   0.044
  log_lab_spend              +0.1198      0.0626    +1.92   0.055
  n_cats                     +0.0025      0.0018    +1.38   0.167
  lab_share                  -0.7159      0.6726    -1.06   0.287
  top-10 |Rotemberg weight| markets:
    us fbs                                    alpha_k=+0.636  s_bar=0.0166  g=+0.4812
    chemiluminescent substrates               alpha_k=+0.115  s_bar=0.0094  g=+0.1540
    column-based microbial dna purification kits  alpha_k=+0.100  s_bar=0.0033  g=+0.3817
    first-strand cdna synthesis systems       alpha_k=+0.093  s_bar=0.0059  g=+0.1964
    site-directed mutagenesis systems         alpha_k=-0.071  s_bar=0.0022  g=-0.3961
    pre-cast bis-tris gels                    alpha_k=+0.050  s_bar=0.0021  g=+0.2985
    cell culture dissociation reagents        alpha_k=+0.037  s_bar=0.0018  g=+0.2543
    column-based gel dna extraction kits      alpha_k=-0.033  s_bar=0.0043  g=-0.0957
    rnase inhibitors                          alpha_k=-0.028  s_bar=0.0016  g=-0.2215
    column-based dna plasmid miniprep         alpha_k=+0.025  s_bar=0.0024  g=+0.1307
  ls filter (../../external/us_appended_text/author_ls_authors_indiv.csv): kept 1,462,984/1,860,867
  Saved ../../output/shock_balance_all_eb2.5k_lsa_k3.csv
  Saved ../../output/foia_self_exposure_all_eb2.5k_lsa_k3.csv  (shrunk anchor-level self exposure)
  Saved ../../output/final_imputed_shift_share_all_eb2.5k_lsa_k3.csv
  Saved ../../output/imputed_shares_matrix_all_eb2.5k_lsa_k3.npz  (universe x K_treated imputed share matrix)
  Saved ../../output/imputed_shares_markets_all_eb2.5k_lsa_k3.csv

==============================================================================
version=treated_hc   method=knn   tag=''
==============================================================================
Building FOIA share matrix S from ../../external/exposure_wts/athr_exposure_by_category_treated_hc.dta (version=treated_hc) ...
  S shape: (208, 46)  nnz: 1,414  density: 0.1478
  FOIA PIs with >=1 treated-market share: 208 / 208
  per-market coverage: min=3  p5=3  p50=27  p95=66  max=106

  --- EB shrinkage (alpha=$2,500, prior=global) ---
  rows shrunk: 208/208  (T=0 rows left at zero)
  self-exposure sd across anchors: raw=0.1314  shrunk=0.0650  (retained 49%)
  own-data weight T/(T+alpha): p25=0.22  p50=0.47  p75=0.70
  largest self-exposure changes:
    A5009411980: -0.3961 -> +0.0626  (T=$432, own_wt=0.15)
    A5067529915: -0.3961 -> +0.0626  (T=$432, own_wt=0.15)
    A5018983460: -0.3961 -> +0.0122  (T=$794, own_wt=0.24)
    A5064294448: -0.3564 -> -0.0975  (T=$2,312, own_wt=0.48)
    A5006559011: -0.1578 -> +0.0897  (T=$527, own_wt=0.17)
Imputing shares  (method=knn)  ...
Aggregating: z_hat = S_hat @ g,  S_sum = rowsum(S_hat) ...
  effective number of shocks (BHJ-style): 14.29

  --- Exposure level comparison ---
  Self-imputed FOIA exposure (S @ g):
    n nonzero PIs: 208/208
    mean=+0.12501  sd=0.06498  med=+0.11762
  Universe imputed exposure (S_hat @ g):
    n nonzero authors: 1,783,003/1,860,867
    mean=+0.13242  sd=0.04375  med=+0.12670

--- Shock balance (Borusyak-Hull-Jaravel) ---
  Regression: g_k = a + b * X_bar_k + e,  weights = Sum_i s_ik
  H0: shocks are quasi-randomly assigned wrt pre-period X => b approx 0

  characteristic                beta          se        t       p
  log_total_spend            +0.2435      0.2210    +1.10   0.270
  log_lab_spend              +0.1906      0.2105    +0.91   0.365
  n_cats                     +0.0003      0.0048    +0.05   0.957
  lab_share                  -1.5644      1.8440    -0.85   0.396
  top-10 |Rotemberg weight| markets:
    us fbs                                    alpha_k=+0.718  s_bar=0.1893  g=+0.4812
    chemiluminescent substrates               alpha_k=+0.114  s_bar=0.0942  g=+0.1540
    first-strand cdna synthesis systems       alpha_k=+0.080  s_bar=0.0518  g=+0.1964
    site-directed mutagenesis systems         alpha_k=-0.080  s_bar=0.0256  g=-0.3961
    pre-cast bis-tris gels                    alpha_k=+0.041  s_bar=0.0174  g=+0.2985
    cell culture dissociation reagents        alpha_k=+0.028  s_bar=0.0141  g=+0.2543
    cell culture nutritional supplements - tryptone  alpha_k=+0.027  s_bar=0.0230  g=+0.1471
    column-based dna plasmid miniprep         alpha_k=+0.027  s_bar=0.0258  g=+0.1307
    rnase inhibitors                          alpha_k=-0.022  s_bar=0.0124  g=-0.2215
    high-fidelity dna polymerase              alpha_k=+0.021  s_bar=0.0255  g=+0.1055
  ls filter (../../external/us_appended_text/author_ls_authors_indiv.csv): kept 1,462,984/1,860,867
  Saved ../../output/shock_balance_treated_hc_eb2.5k_lsa_k3.csv
  Saved ../../output/foia_self_exposure_treated_hc_eb2.5k_lsa_k3.csv  (shrunk anchor-level self exposure)
  Saved ../../output/final_imputed_shift_share_treated_hc_eb2.5k_lsa_k3.csv
  Saved ../../output/imputed_shares_matrix_treated_hc_eb2.5k_lsa_k3.npz  (universe x K_treated imputed share matrix)
  Saved ../../output/imputed_shares_markets_treated_hc_eb2.5k_lsa_k3.csv

==============================================================================
Per-version shift-share imputation summary
==============================================================================
   version method  n_foia_with_shares  z_hat_mean_universe  z_hat_sd_universe  S_sum_mean_universe  S_sum_sd_universe  eff_n_shocks
        hc    knn                 208               0.0297             0.0240               0.2359             0.0871       15.7229
       all    knn                 208               0.0125             0.0147               0.0999             0.0485       16.3293
treated_hc    knn                 208               0.1269             0.0504               0.9582             0.2002       14.2863

Saved ../../output/shift_share_summary_eb2.5k_lsa_k3.csv
Done!
Loading universe + FOIA id orders ...
Loading shocks from /n/holylabs/LABS/pakes_lab/Lab/sci_eq/analysis/first_stage/output/did_coefs_eb_price.dta ...
  markets with shocks: 46
  g_k stats: mean=0.0669  sd=0.1804  min=-0.3961  max=0.7120
Loading W (tag='', k=3) ...
  W shape: (1860867, 208)  nnz: 5,011,841
  W rows with any weight: 1,783,003/1,860,867
  W row-sum stats (nonzero rows): mean=1.0000  p5=1.0000  p95=1.0000
Computing FOIA pre-period characteristics ...

==============================================================================
version=hc   method=knn   tag=''
==============================================================================
Building FOIA share matrix S from ../../external/exposure_wts/athr_exposure_by_category_hc.dta (version=hc) ...
  S shape: (208, 46)  nnz: 1,414  density: 0.1478
  FOIA PIs with >=1 treated-market share: 208 / 208
  per-market coverage: min=3  p5=3  p50=27  p95=66  max=106

  --- EB shrinkage (alpha=$2,500, prior=global) ---
  rows shrunk: 208/208  (T=0 rows left at zero)
  self-exposure sd across anchors: raw=0.0563  shrunk=0.0358  (retained 64%)
  own-data weight T/(T+alpha): p25=0.64  p50=0.83  p75=0.92
  largest self-exposure changes:
    A5009411980: -0.2589 -> -0.0257  (T=$661, own_wt=0.21)
    A5087101891: +0.3817 -> +0.2052  (T=$2,397, own_wt=0.49)
    A5014945614: +0.2768 -> +0.1332  (T=$1,694, own_wt=0.40)
    A5067529915: -0.1451 -> -0.0221  (T=$1,179, own_wt=0.32)
    A5006559011: -0.0819 -> +0.0020  (T=$1,014, own_wt=0.29)
Imputing shares  (method=knn)  ...
Aggregating: z_hat = S_hat @ g,  S_sum = rowsum(S_hat) ...
  effective number of shocks (BHJ-style): 15.72

  --- Exposure level comparison ---
  Self-imputed FOIA exposure (S @ g):
    n nonzero PIs: 208/208
    mean=+0.02874  sd=0.03583  med=+0.01933
  Universe imputed exposure (S_hat @ g):
    n nonzero authors: 1,783,003/1,860,867
    mean=+0.03095  sd=0.02372  med=+0.02348

--- Shock balance (Borusyak-Hull-Jaravel) ---
  Regression: g_k = a + b * X_bar_k + e,  weights = Sum_i s_ik
  H0: shocks are quasi-randomly assigned wrt pre-period X => b approx 0

  characteristic                beta          se        t       p
  log_total_spend            +0.2199      0.0932    +2.36   0.018
  log_lab_spend              +0.1999      0.0910    +2.20   0.028
  n_cats                     +0.0038      0.0026    +1.50   0.134
  lab_share                  -0.9670      0.9342    -1.04   0.301
  top-10 |Rotemberg weight| markets:
    us fbs                                    alpha_k=+0.698  s_bar=0.0430  g=+0.4812
    chemiluminescent substrates               alpha_k=+0.113  s_bar=0.0218  g=+0.1540
    first-strand cdna synthesis systems       alpha_k=+0.080  s_bar=0.0121  g=+0.1964
    site-directed mutagenesis systems         alpha_k=-0.080  s_bar=0.0060  g=-0.3961
    column-based microbial dna purification kits  alpha_k=+0.048  s_bar=0.0037  g=+0.3817
    pre-cast bis-tris gels                    alpha_k=+0.045  s_bar=0.0045  g=+0.2985
    cell culture dissociation reagents        alpha_k=+0.040  s_bar=0.0047  g=+0.2543
    rnase inhibitors                          alpha_k=-0.028  s_bar=0.0037  g=-0.2215
    cell culture nutritional supplements - tryptone  alpha_k=+0.026  s_bar=0.0053  g=+0.1471
    column-based dna plasmid miniprep         alpha_k=+0.025  s_bar=0.0056  g=+0.1307
  cluster filter (../../external/us_appended_text/author_static_clusters_30.csv, min-foia-per-cluster=1): kept 1,613,853/1,860,867
  ls filter (../../external/us_appended_text/author_ls_authors_indiv.csv): kept 1,320,966/1,613,853
  Saved ../../output/shock_balance_hc_eb2.5k_cf_lsa_k3.csv
  Saved ../../output/foia_self_exposure_hc_eb2.5k_cf_lsa_k3.csv  (shrunk anchor-level self exposure)
  Saved ../../output/final_imputed_shift_share_hc_eb2.5k_cf_lsa_k3.csv
  Saved ../../output/imputed_shares_matrix_hc_eb2.5k_cf_lsa_k3.npz  (universe x K_treated imputed share matrix)
  Saved ../../output/imputed_shares_markets_hc_eb2.5k_cf_lsa_k3.csv

==============================================================================
version=all   method=knn   tag=''
==============================================================================
Building FOIA share matrix S from ../../external/exposure_wts/athr_exposure_by_category_all.dta (version=all) ...
  S shape: (208, 46)  nnz: 1,414  density: 0.1478
  FOIA PIs with >=1 treated-market share: 208 / 208
  per-market coverage: min=3  p5=3  p50=27  p95=66  max=106

  --- EB shrinkage (alpha=$2,500, prior=global) ---
  rows shrunk: 208/208  (T=0 rows left at zero)
  self-exposure sd across anchors: raw=0.0315  shrunk=0.0207  (retained 66%)
  own-data weight T/(T+alpha): p25=0.82  p50=0.93  p75=0.96
  largest self-exposure changes:
    A5087101891: +0.3466 -> +0.1850  (T=$2,640, own_wt=0.51)
    A5014945614: +0.1544 -> +0.0912  (T=$3,037, own_wt=0.55)
    A5009411980: -0.0753 -> -0.0283  (T=$2,272, own_wt=0.48)
    A5067529915: -0.0472 -> -0.0220  (T=$3,625, own_wt=0.59)
    A5023125790: +0.0389 -> +0.0154  (T=$97, own_wt=0.04)
Imputing shares  (method=knn)  ...
Aggregating: z_hat = S_hat @ g,  S_sum = rowsum(S_hat) ...
  effective number of shocks (BHJ-style): 16.33

  --- Exposure level comparison ---
  Self-imputed FOIA exposure (S @ g):
    n nonzero PIs: 208/208
    mean=+0.01146  sd=0.02070  med=+0.00583
  Universe imputed exposure (S_hat @ g):
    n nonzero authors: 1,783,003/1,860,867
    mean=+0.01309  sd=0.01475  med=+0.00863

--- Shock balance (Borusyak-Hull-Jaravel) ---
  Regression: g_k = a + b * X_bar_k + e,  weights = Sum_i s_ik
  H0: shocks are quasi-randomly assigned wrt pre-period X => b approx 0

  characteristic                beta          se        t       p
  log_total_spend            +0.1302      0.0646    +2.02   0.044
  log_lab_spend              +0.1198      0.0626    +1.92   0.055
  n_cats                     +0.0025      0.0018    +1.38   0.167
  lab_share                  -0.7159      0.6726    -1.06   0.287
  top-10 |Rotemberg weight| markets:
    us fbs                                    alpha_k=+0.636  s_bar=0.0166  g=+0.4812
    chemiluminescent substrates               alpha_k=+0.115  s_bar=0.0094  g=+0.1540
    column-based microbial dna purification kits  alpha_k=+0.100  s_bar=0.0033  g=+0.3817
    first-strand cdna synthesis systems       alpha_k=+0.093  s_bar=0.0059  g=+0.1964
    site-directed mutagenesis systems         alpha_k=-0.071  s_bar=0.0022  g=-0.3961
    pre-cast bis-tris gels                    alpha_k=+0.050  s_bar=0.0021  g=+0.2985
    cell culture dissociation reagents        alpha_k=+0.037  s_bar=0.0018  g=+0.2543
    column-based gel dna extraction kits      alpha_k=-0.033  s_bar=0.0043  g=-0.0957
    rnase inhibitors                          alpha_k=-0.028  s_bar=0.0016  g=-0.2215
    column-based dna plasmid miniprep         alpha_k=+0.025  s_bar=0.0024  g=+0.1307
  cluster filter (../../external/us_appended_text/author_static_clusters_30.csv, min-foia-per-cluster=1): kept 1,613,853/1,860,867
  ls filter (../../external/us_appended_text/author_ls_authors_indiv.csv): kept 1,320,966/1,613,853
  Saved ../../output/shock_balance_all_eb2.5k_cf_lsa_k3.csv
  Saved ../../output/foia_self_exposure_all_eb2.5k_cf_lsa_k3.csv  (shrunk anchor-level self exposure)
  Saved ../../output/final_imputed_shift_share_all_eb2.5k_cf_lsa_k3.csv
  Saved ../../output/imputed_shares_matrix_all_eb2.5k_cf_lsa_k3.npz  (universe x K_treated imputed share matrix)
  Saved ../../output/imputed_shares_markets_all_eb2.5k_cf_lsa_k3.csv

==============================================================================
version=treated_hc   method=knn   tag=''
==============================================================================
Building FOIA share matrix S from ../../external/exposure_wts/athr_exposure_by_category_treated_hc.dta (version=treated_hc) ...
  S shape: (208, 46)  nnz: 1,414  density: 0.1478
  FOIA PIs with >=1 treated-market share: 208 / 208
  per-market coverage: min=3  p5=3  p50=27  p95=66  max=106

  --- EB shrinkage (alpha=$2,500, prior=global) ---
  rows shrunk: 208/208  (T=0 rows left at zero)
  self-exposure sd across anchors: raw=0.1314  shrunk=0.0650  (retained 49%)
  own-data weight T/(T+alpha): p25=0.22  p50=0.47  p75=0.70
  largest self-exposure changes:
    A5009411980: -0.3961 -> +0.0626  (T=$432, own_wt=0.15)
    A5067529915: -0.3961 -> +0.0626  (T=$432, own_wt=0.15)
    A5018983460: -0.3961 -> +0.0122  (T=$794, own_wt=0.24)
    A5064294448: -0.3564 -> -0.0975  (T=$2,312, own_wt=0.48)
    A5006559011: -0.1578 -> +0.0897  (T=$527, own_wt=0.17)
Imputing shares  (method=knn)  ...
Aggregating: z_hat = S_hat @ g,  S_sum = rowsum(S_hat) ...
  effective number of shocks (BHJ-style): 14.29

  --- Exposure level comparison ---
  Self-imputed FOIA exposure (S @ g):
    n nonzero PIs: 208/208
    mean=+0.12501  sd=0.06498  med=+0.11762
  Universe imputed exposure (S_hat @ g):
    n nonzero authors: 1,783,003/1,860,867
    mean=+0.13242  sd=0.04375  med=+0.12670

--- Shock balance (Borusyak-Hull-Jaravel) ---
  Regression: g_k = a + b * X_bar_k + e,  weights = Sum_i s_ik
  H0: shocks are quasi-randomly assigned wrt pre-period X => b approx 0

  characteristic                beta          se        t       p
  log_total_spend            +0.2435      0.2210    +1.10   0.270
  log_lab_spend              +0.1906      0.2105    +0.91   0.365
  n_cats                     +0.0003      0.0048    +0.05   0.957
  lab_share                  -1.5644      1.8440    -0.85   0.396
  top-10 |Rotemberg weight| markets:
    us fbs                                    alpha_k=+0.718  s_bar=0.1893  g=+0.4812
    chemiluminescent substrates               alpha_k=+0.114  s_bar=0.0942  g=+0.1540
    first-strand cdna synthesis systems       alpha_k=+0.080  s_bar=0.0518  g=+0.1964
    site-directed mutagenesis systems         alpha_k=-0.080  s_bar=0.0256  g=-0.3961
    pre-cast bis-tris gels                    alpha_k=+0.041  s_bar=0.0174  g=+0.2985
    cell culture dissociation reagents        alpha_k=+0.028  s_bar=0.0141  g=+0.2543
    cell culture nutritional supplements - tryptone  alpha_k=+0.027  s_bar=0.0230  g=+0.1471
    column-based dna plasmid miniprep         alpha_k=+0.027  s_bar=0.0258  g=+0.1307
    rnase inhibitors                          alpha_k=-0.022  s_bar=0.0124  g=-0.2215
    high-fidelity dna polymerase              alpha_k=+0.021  s_bar=0.0255  g=+0.1055
  cluster filter (../../external/us_appended_text/author_static_clusters_30.csv, min-foia-per-cluster=1): kept 1,613,853/1,860,867
  ls filter (../../external/us_appended_text/author_ls_authors_indiv.csv): kept 1,320,966/1,613,853
  Saved ../../output/shock_balance_treated_hc_eb2.5k_cf_lsa_k3.csv
  Saved ../../output/foia_self_exposure_treated_hc_eb2.5k_cf_lsa_k3.csv  (shrunk anchor-level self exposure)
  Saved ../../output/final_imputed_shift_share_treated_hc_eb2.5k_cf_lsa_k3.csv
  Saved ../../output/imputed_shares_matrix_treated_hc_eb2.5k_cf_lsa_k3.npz  (universe x K_treated imputed share matrix)
  Saved ../../output/imputed_shares_markets_treated_hc_eb2.5k_cf_lsa_k3.csv

==============================================================================
Per-version shift-share imputation summary
==============================================================================
   version method  n_foia_with_shares  z_hat_mean_universe  z_hat_sd_universe  S_sum_mean_universe  S_sum_sd_universe  eff_n_shocks
        hc    knn                 208               0.0297             0.0240               0.2359             0.0871       15.7229
       all    knn                 208               0.0125             0.0147               0.0999             0.0485       16.3293
treated_hc    knn                 208               0.1269             0.0504               0.9582             0.2002       14.2863

Saved ../../output/shift_share_summary_eb2.5k_cf_lsa_k3.csv
Done!
Loading universe + FOIA id orders ...
Loading shocks from /n/holylabs/LABS/pakes_lab/Lab/sci_eq/analysis/first_stage/output/did_coefs_eb_price.dta ...
  markets with shocks: 46
  g_k stats: mean=0.0669  sd=0.1804  min=-0.3961  max=0.7120
Loading W (tag='', k=3) ...
  W shape: (1860867, 208)  nnz: 5,011,841
  W rows with any weight: 1,783,003/1,860,867
  W row-sum stats (nonzero rows): mean=1.0000  p5=1.0000  p95=1.0000
Computing FOIA pre-period characteristics ...

==============================================================================
version=hc   method=knn   tag=''
==============================================================================
Building FOIA share matrix S from ../../external/exposure_wts/athr_exposure_by_category_hc.dta (version=hc) ...
  S shape: (208, 46)  nnz: 1,414  density: 0.1478
  FOIA PIs with >=1 treated-market share: 208 / 208
  per-market coverage: min=3  p5=3  p50=27  p95=66  max=106

  --- EB shrinkage (alpha=$2,500, prior=peer) ---
  rows shrunk: 208/208  (T=0 rows left at zero)
  self-exposure sd across anchors: raw=0.0563  shrunk=0.0359  (retained 64%)
  own-data weight T/(T+alpha): p25=0.64  p50=0.83  p75=0.92
  largest self-exposure changes:
    A5009411980: -0.2589 -> -0.0290  (T=$661, own_wt=0.21)
    A5087101891: +0.3817 -> +0.2037  (T=$2,397, own_wt=0.49)
    A5014945614: +0.2768 -> +0.1328  (T=$1,694, own_wt=0.40)
    A5067529915: -0.1451 -> -0.0238  (T=$1,179, own_wt=0.32)
    A5006559011: -0.0819 -> -0.0011  (T=$1,014, own_wt=0.29)
Imputing shares  (method=knn)  ...
Aggregating: z_hat = S_hat @ g,  S_sum = rowsum(S_hat) ...
  effective number of shocks (BHJ-style): 15.84

  --- Exposure level comparison ---
  Self-imputed FOIA exposure (S @ g):
    n nonzero PIs: 208/208
    mean=+0.02827  sd=0.03590  med=+0.01863
  Universe imputed exposure (S_hat @ g):
    n nonzero authors: 1,783,003/1,860,867
    mean=+0.03035  sd=0.02385  med=+0.02283

--- Shock balance (Borusyak-Hull-Jaravel) ---
  Regression: g_k = a + b * X_bar_k + e,  weights = Sum_i s_ik
  H0: shocks are quasi-randomly assigned wrt pre-period X => b approx 0

  characteristic                beta          se        t       p
  log_total_spend            +0.2257      0.0904    +2.50   0.013
  log_lab_spend              +0.2066      0.0883    +2.34   0.019
  n_cats                     +0.0041      0.0025    +1.63   0.103
  lab_share                  -0.8939      0.9183    -0.97   0.330
  top-10 |Rotemberg weight| markets:
    us fbs                                    alpha_k=+0.694  s_bar=0.0420  g=+0.4812
    chemiluminescent substrates               alpha_k=+0.117  s_bar=0.0220  g=+0.1540
    site-directed mutagenesis systems         alpha_k=-0.082  s_bar=0.0060  g=-0.3961
    first-strand cdna synthesis systems       alpha_k=+0.079  s_bar=0.0118  g=+0.1964
    column-based microbial dna purification kits  alpha_k=+0.049  s_bar=0.0037  g=+0.3817
    pre-cast bis-tris gels                    alpha_k=+0.045  s_bar=0.0044  g=+0.2985
    cell culture dissociation reagents        alpha_k=+0.040  s_bar=0.0046  g=+0.2543
    cell culture nutritional supplements - tryptone  alpha_k=+0.029  s_bar=0.0057  g=+0.1471
    rnase inhibitors                          alpha_k=-0.027  s_bar=0.0035  g=-0.2215
    column-based gel dna extraction kits      alpha_k=-0.025  s_bar=0.0076  g=-0.0957
  ls filter (../../external/us_appended_text/author_ls_authors_indiv.csv): kept 1,462,984/1,860,867
  Saved ../../output/shock_balance_hc_ebp2.5k_lsa_k3.csv
  Saved ../../output/foia_self_exposure_hc_ebp2.5k_lsa_k3.csv  (shrunk anchor-level self exposure)
  Saved ../../output/final_imputed_shift_share_hc_ebp2.5k_lsa_k3.csv
  Saved ../../output/imputed_shares_matrix_hc_ebp2.5k_lsa_k3.npz  (universe x K_treated imputed share matrix)
  Saved ../../output/imputed_shares_markets_hc_ebp2.5k_lsa_k3.csv

==============================================================================
version=all   method=knn   tag=''
==============================================================================
Building FOIA share matrix S from ../../external/exposure_wts/athr_exposure_by_category_all.dta (version=all) ...
  S shape: (208, 46)  nnz: 1,414  density: 0.1478
  FOIA PIs with >=1 treated-market share: 208 / 208
  per-market coverage: min=3  p5=3  p50=27  p95=66  max=106

  --- EB shrinkage (alpha=$2,500, prior=peer) ---
  rows shrunk: 208/208  (T=0 rows left at zero)
  self-exposure sd across anchors: raw=0.0315  shrunk=0.0207  (retained 66%)
  own-data weight T/(T+alpha): p25=0.82  p50=0.93  p75=0.96
  largest self-exposure changes:
    A5087101891: +0.3466 -> +0.1844  (T=$2,640, own_wt=0.51)
    A5014945614: +0.1544 -> +0.0910  (T=$3,037, own_wt=0.55)
    A5009411980: -0.0753 -> -0.0292  (T=$2,272, own_wt=0.48)
    A5023125790: +0.0389 -> +0.0130  (T=$97, own_wt=0.04)
    A5067529915: -0.0472 -> -0.0225  (T=$3,625, own_wt=0.59)
Imputing shares  (method=knn)  ...
Aggregating: z_hat = S_hat @ g,  S_sum = rowsum(S_hat) ...
  effective number of shocks (BHJ-style): 16.41

  --- Exposure level comparison ---
  Self-imputed FOIA exposure (S @ g):
    n nonzero PIs: 208/208
    mean=+0.01134  sd=0.02070  med=+0.00573
  Universe imputed exposure (S_hat @ g):
    n nonzero authors: 1,783,003/1,860,867
    mean=+0.01292  sd=0.01477  med=+0.00844

--- Shock balance (Borusyak-Hull-Jaravel) ---
  Regression: g_k = a + b * X_bar_k + e,  weights = Sum_i s_ik
  H0: shocks are quasi-randomly assigned wrt pre-period X => b approx 0

  characteristic                beta          se        t       p
  log_total_spend            +0.1317      0.0633    +2.08   0.038
  log_lab_spend              +0.1215      0.0613    +1.98   0.048
  n_cats                     +0.0026      0.0018    +1.44   0.150
  lab_share                  -0.6937      0.6667    -1.04   0.298
  top-10 |Rotemberg weight| markets:
    us fbs                                    alpha_k=+0.633  s_bar=0.0163  g=+0.4812
    chemiluminescent substrates               alpha_k=+0.117  s_bar=0.0094  g=+0.1540
    column-based microbial dna purification kits  alpha_k=+0.101  s_bar=0.0033  g=+0.3817
    first-strand cdna synthesis systems       alpha_k=+0.092  s_bar=0.0058  g=+0.1964
    site-directed mutagenesis systems         alpha_k=-0.072  s_bar=0.0022  g=-0.3961
    pre-cast bis-tris gels                    alpha_k=+0.050  s_bar=0.0021  g=+0.2985
    cell culture dissociation reagents        alpha_k=+0.038  s_bar=0.0018  g=+0.2543
    column-based gel dna extraction kits      alpha_k=-0.033  s_bar=0.0043  g=-0.0957
    rnase inhibitors                          alpha_k=-0.028  s_bar=0.0016  g=-0.2215
    cell culture nutritional supplements - tryptone  alpha_k=+0.025  s_bar=0.0021  g=+0.1471
  ls filter (../../external/us_appended_text/author_ls_authors_indiv.csv): kept 1,462,984/1,860,867
  Saved ../../output/shock_balance_all_ebp2.5k_lsa_k3.csv
  Saved ../../output/foia_self_exposure_all_ebp2.5k_lsa_k3.csv  (shrunk anchor-level self exposure)
  Saved ../../output/final_imputed_shift_share_all_ebp2.5k_lsa_k3.csv
  Saved ../../output/imputed_shares_matrix_all_ebp2.5k_lsa_k3.npz  (universe x K_treated imputed share matrix)
  Saved ../../output/imputed_shares_markets_all_ebp2.5k_lsa_k3.csv

==============================================================================
version=treated_hc   method=knn   tag=''
==============================================================================
Building FOIA share matrix S from ../../external/exposure_wts/athr_exposure_by_category_treated_hc.dta (version=treated_hc) ...
  S shape: (208, 46)  nnz: 1,414  density: 0.1478
  FOIA PIs with >=1 treated-market share: 208 / 208
  per-market coverage: min=3  p5=3  p50=27  p95=66  max=106

  --- EB shrinkage (alpha=$2,500, prior=peer) ---
  rows shrunk: 208/208  (T=0 rows left at zero)
  self-exposure sd across anchors: raw=0.1314  shrunk=0.0654  (retained 50%)
  own-data weight T/(T+alpha): p25=0.22  p50=0.47  p75=0.70
  largest self-exposure changes:
    A5067529915: -0.3961 -> +0.0589  (T=$432, own_wt=0.15)
    A5009411980: -0.3961 -> +0.0558  (T=$432, own_wt=0.15)
    A5018983460: -0.3961 -> +0.0173  (T=$794, own_wt=0.24)
    A5064294448: -0.3564 -> -0.1014  (T=$2,312, own_wt=0.48)
    A5006559011: -0.1578 -> +0.0815  (T=$527, own_wt=0.17)
Imputing shares  (method=knn)  ...
Aggregating: z_hat = S_hat @ g,  S_sum = rowsum(S_hat) ...
  effective number of shocks (BHJ-style): 14.38

  --- Exposure level comparison ---
  Self-imputed FOIA exposure (S @ g):
    n nonzero PIs: 208/208
    mean=+0.12346  sd=0.06537  med=+0.11744
  Universe imputed exposure (S_hat @ g):
    n nonzero authors: 1,783,003/1,860,867
    mean=+0.13101  sd=0.04458  med=+0.12501

--- Shock balance (Borusyak-Hull-Jaravel) ---
  Regression: g_k = a + b * X_bar_k + e,  weights = Sum_i s_ik
  H0: shocks are quasi-randomly assigned wrt pre-period X => b approx 0

  characteristic                beta          se        t       p
  log_total_spend            +0.3272      0.2231    +1.47   0.143
  log_lab_spend              +0.2722      0.2127    +1.28   0.200
  n_cats                     +0.0015      0.0051    +0.29   0.773
  lab_share                  -1.0963      1.7509    -0.63   0.531
  top-10 |Rotemberg weight| markets:
    us fbs                                    alpha_k=+0.712  s_bar=0.1858  g=+0.4812
    chemiluminescent substrates               alpha_k=+0.120  s_bar=0.0981  g=+0.1540
    site-directed mutagenesis systems         alpha_k=-0.083  s_bar=0.0265  g=-0.3961
    first-strand cdna synthesis systems       alpha_k=+0.078  s_bar=0.0500  g=+0.1964
    pre-cast bis-tris gels                    alpha_k=+0.041  s_bar=0.0174  g=+0.2985
    cell culture nutritional supplements - tryptone  alpha_k=+0.031  s_bar=0.0262  g=+0.1471
    cell culture dissociation reagents        alpha_k=+0.028  s_bar=0.0139  g=+0.2543
    column-based dna plasmid miniprep         alpha_k=+0.026  s_bar=0.0245  g=+0.1307
    unstained dna ladders                     alpha_k=-0.020  s_bar=0.0190  g=-0.1326
    high-fidelity dna polymerase              alpha_k=+0.020  s_bar=0.0238  g=+0.1055
  ls filter (../../external/us_appended_text/author_ls_authors_indiv.csv): kept 1,462,984/1,860,867
  Saved ../../output/shock_balance_treated_hc_ebp2.5k_lsa_k3.csv
  Saved ../../output/foia_self_exposure_treated_hc_ebp2.5k_lsa_k3.csv  (shrunk anchor-level self exposure)
  Saved ../../output/final_imputed_shift_share_treated_hc_ebp2.5k_lsa_k3.csv
  Saved ../../output/imputed_shares_matrix_treated_hc_ebp2.5k_lsa_k3.npz  (universe x K_treated imputed share matrix)
  Saved ../../output/imputed_shares_markets_treated_hc_ebp2.5k_lsa_k3.csv

==============================================================================
Per-version shift-share imputation summary
==============================================================================
   version method  n_foia_with_shares  z_hat_mean_universe  z_hat_sd_universe  S_sum_mean_universe  S_sum_sd_universe  eff_n_shocks
        hc    knn                 208               0.0291             0.0241               0.2333             0.0867       15.8417
       all    knn                 208               0.0124             0.0147               0.0991             0.0484       16.4074
treated_hc    knn                 208               0.1255             0.0509               0.9582             0.2002       14.3762

Saved ../../output/shift_share_summary_ebp2.5k_lsa_k3.csv
Done!
Loading universe + FOIA id orders ...
Loading shocks from /n/holylabs/LABS/pakes_lab/Lab/sci_eq/analysis/first_stage/output/did_coefs_eb_price.dta ...
  markets with shocks: 46
  g_k stats: mean=0.0669  sd=0.1804  min=-0.3961  max=0.7120
Loading W (tag='', k=3) ...
  W shape: (1860867, 208)  nnz: 5,011,841
  W rows with any weight: 1,783,003/1,860,867
  W row-sum stats (nonzero rows): mean=1.0000  p5=1.0000  p95=1.0000
Computing FOIA pre-period characteristics ...

==============================================================================
version=hc   method=knn   tag=''
==============================================================================
Building FOIA share matrix S from ../../external/exposure_wts/athr_exposure_by_category_hc.dta (version=hc) ...
  S shape: (208, 46)  nnz: 1,414  density: 0.1478
  FOIA PIs with >=1 treated-market share: 208 / 208
  per-market coverage: min=3  p5=3  p50=27  p95=66  max=106

  --- EB shrinkage (alpha=$2,500, prior=peer) ---
  rows shrunk: 208/208  (T=0 rows left at zero)
  self-exposure sd across anchors: raw=0.0563  shrunk=0.0359  (retained 64%)
  own-data weight T/(T+alpha): p25=0.64  p50=0.83  p75=0.92
  largest self-exposure changes:
    A5009411980: -0.2589 -> -0.0290  (T=$661, own_wt=0.21)
    A5087101891: +0.3817 -> +0.2037  (T=$2,397, own_wt=0.49)
    A5014945614: +0.2768 -> +0.1328  (T=$1,694, own_wt=0.40)
    A5067529915: -0.1451 -> -0.0238  (T=$1,179, own_wt=0.32)
    A5006559011: -0.0819 -> -0.0011  (T=$1,014, own_wt=0.29)
Imputing shares  (method=knn)  ...
Aggregating: z_hat = S_hat @ g,  S_sum = rowsum(S_hat) ...
  effective number of shocks (BHJ-style): 15.84

  --- Exposure level comparison ---
  Self-imputed FOIA exposure (S @ g):
    n nonzero PIs: 208/208
    mean=+0.02827  sd=0.03590  med=+0.01863
  Universe imputed exposure (S_hat @ g):
    n nonzero authors: 1,783,003/1,860,867
    mean=+0.03035  sd=0.02385  med=+0.02283

--- Shock balance (Borusyak-Hull-Jaravel) ---
  Regression: g_k = a + b * X_bar_k + e,  weights = Sum_i s_ik
  H0: shocks are quasi-randomly assigned wrt pre-period X => b approx 0

  characteristic                beta          se        t       p
  log_total_spend            +0.2257      0.0904    +2.50   0.013
  log_lab_spend              +0.2066      0.0883    +2.34   0.019
  n_cats                     +0.0041      0.0025    +1.63   0.103
  lab_share                  -0.8939      0.9183    -0.97   0.330
  top-10 |Rotemberg weight| markets:
    us fbs                                    alpha_k=+0.694  s_bar=0.0420  g=+0.4812
    chemiluminescent substrates               alpha_k=+0.117  s_bar=0.0220  g=+0.1540
    site-directed mutagenesis systems         alpha_k=-0.082  s_bar=0.0060  g=-0.3961
    first-strand cdna synthesis systems       alpha_k=+0.079  s_bar=0.0118  g=+0.1964
    column-based microbial dna purification kits  alpha_k=+0.049  s_bar=0.0037  g=+0.3817
    pre-cast bis-tris gels                    alpha_k=+0.045  s_bar=0.0044  g=+0.2985
    cell culture dissociation reagents        alpha_k=+0.040  s_bar=0.0046  g=+0.2543
    cell culture nutritional supplements - tryptone  alpha_k=+0.029  s_bar=0.0057  g=+0.1471
    rnase inhibitors                          alpha_k=-0.027  s_bar=0.0035  g=-0.2215
    column-based gel dna extraction kits      alpha_k=-0.025  s_bar=0.0076  g=-0.0957
  cluster filter (../../external/us_appended_text/author_static_clusters_30.csv, min-foia-per-cluster=1): kept 1,613,853/1,860,867
  ls filter (../../external/us_appended_text/author_ls_authors_indiv.csv): kept 1,320,966/1,613,853
  Saved ../../output/shock_balance_hc_ebp2.5k_cf_lsa_k3.csv
  Saved ../../output/foia_self_exposure_hc_ebp2.5k_cf_lsa_k3.csv  (shrunk anchor-level self exposure)
  Saved ../../output/final_imputed_shift_share_hc_ebp2.5k_cf_lsa_k3.csv
  Saved ../../output/imputed_shares_matrix_hc_ebp2.5k_cf_lsa_k3.npz  (universe x K_treated imputed share matrix)
  Saved ../../output/imputed_shares_markets_hc_ebp2.5k_cf_lsa_k3.csv

==============================================================================
version=all   method=knn   tag=''
==============================================================================
Building FOIA share matrix S from ../../external/exposure_wts/athr_exposure_by_category_all.dta (version=all) ...
  S shape: (208, 46)  nnz: 1,414  density: 0.1478
  FOIA PIs with >=1 treated-market share: 208 / 208
  per-market coverage: min=3  p5=3  p50=27  p95=66  max=106

  --- EB shrinkage (alpha=$2,500, prior=peer) ---
  rows shrunk: 208/208  (T=0 rows left at zero)
  self-exposure sd across anchors: raw=0.0315  shrunk=0.0207  (retained 66%)
  own-data weight T/(T+alpha): p25=0.82  p50=0.93  p75=0.96
  largest self-exposure changes:
    A5087101891: +0.3466 -> +0.1844  (T=$2,640, own_wt=0.51)
    A5014945614: +0.1544 -> +0.0910  (T=$3,037, own_wt=0.55)
    A5009411980: -0.0753 -> -0.0292  (T=$2,272, own_wt=0.48)
    A5023125790: +0.0389 -> +0.0130  (T=$97, own_wt=0.04)
    A5067529915: -0.0472 -> -0.0225  (T=$3,625, own_wt=0.59)
Imputing shares  (method=knn)  ...
Aggregating: z_hat = S_hat @ g,  S_sum = rowsum(S_hat) ...
  effective number of shocks (BHJ-style): 16.41

  --- Exposure level comparison ---
  Self-imputed FOIA exposure (S @ g):
    n nonzero PIs: 208/208
    mean=+0.01134  sd=0.02070  med=+0.00573
  Universe imputed exposure (S_hat @ g):
    n nonzero authors: 1,783,003/1,860,867
    mean=+0.01292  sd=0.01477  med=+0.00844

--- Shock balance (Borusyak-Hull-Jaravel) ---
  Regression: g_k = a + b * X_bar_k + e,  weights = Sum_i s_ik
  H0: shocks are quasi-randomly assigned wrt pre-period X => b approx 0

  characteristic                beta          se        t       p
  log_total_spend            +0.1317      0.0633    +2.08   0.038
  log_lab_spend              +0.1215      0.0613    +1.98   0.048
  n_cats                     +0.0026      0.0018    +1.44   0.150
  lab_share                  -0.6937      0.6667    -1.04   0.298
  top-10 |Rotemberg weight| markets:
    us fbs                                    alpha_k=+0.633  s_bar=0.0163  g=+0.4812
    chemiluminescent substrates               alpha_k=+0.117  s_bar=0.0094  g=+0.1540
    column-based microbial dna purification kits  alpha_k=+0.101  s_bar=0.0033  g=+0.3817
    first-strand cdna synthesis systems       alpha_k=+0.092  s_bar=0.0058  g=+0.1964
    site-directed mutagenesis systems         alpha_k=-0.072  s_bar=0.0022  g=-0.3961
    pre-cast bis-tris gels                    alpha_k=+0.050  s_bar=0.0021  g=+0.2985
    cell culture dissociation reagents        alpha_k=+0.038  s_bar=0.0018  g=+0.2543
    column-based gel dna extraction kits      alpha_k=-0.033  s_bar=0.0043  g=-0.0957
    rnase inhibitors                          alpha_k=-0.028  s_bar=0.0016  g=-0.2215
    cell culture nutritional supplements - tryptone  alpha_k=+0.025  s_bar=0.0021  g=+0.1471
  cluster filter (../../external/us_appended_text/author_static_clusters_30.csv, min-foia-per-cluster=1): kept 1,613,853/1,860,867
  ls filter (../../external/us_appended_text/author_ls_authors_indiv.csv): kept 1,320,966/1,613,853
  Saved ../../output/shock_balance_all_ebp2.5k_cf_lsa_k3.csv
  Saved ../../output/foia_self_exposure_all_ebp2.5k_cf_lsa_k3.csv  (shrunk anchor-level self exposure)
  Saved ../../output/final_imputed_shift_share_all_ebp2.5k_cf_lsa_k3.csv
  Saved ../../output/imputed_shares_matrix_all_ebp2.5k_cf_lsa_k3.npz  (universe x K_treated imputed share matrix)
  Saved ../../output/imputed_shares_markets_all_ebp2.5k_cf_lsa_k3.csv

==============================================================================
version=treated_hc   method=knn   tag=''
==============================================================================
Building FOIA share matrix S from ../../external/exposure_wts/athr_exposure_by_category_treated_hc.dta (version=treated_hc) ...
  S shape: (208, 46)  nnz: 1,414  density: 0.1478
  FOIA PIs with >=1 treated-market share: 208 / 208
  per-market coverage: min=3  p5=3  p50=27  p95=66  max=106

  --- EB shrinkage (alpha=$2,500, prior=peer) ---
  rows shrunk: 208/208  (T=0 rows left at zero)
  self-exposure sd across anchors: raw=0.1314  shrunk=0.0654  (retained 50%)
  own-data weight T/(T+alpha): p25=0.22  p50=0.47  p75=0.70
  largest self-exposure changes:
    A5067529915: -0.3961 -> +0.0589  (T=$432, own_wt=0.15)
    A5009411980: -0.3961 -> +0.0558  (T=$432, own_wt=0.15)
    A5018983460: -0.3961 -> +0.0173  (T=$794, own_wt=0.24)
    A5064294448: -0.3564 -> -0.1014  (T=$2,312, own_wt=0.48)
    A5006559011: -0.1578 -> +0.0815  (T=$527, own_wt=0.17)
Imputing shares  (method=knn)  ...
Aggregating: z_hat = S_hat @ g,  S_sum = rowsum(S_hat) ...
  effective number of shocks (BHJ-style): 14.38

  --- Exposure level comparison ---
  Self-imputed FOIA exposure (S @ g):
    n nonzero PIs: 208/208
    mean=+0.12346  sd=0.06537  med=+0.11744
  Universe imputed exposure (S_hat @ g):
    n nonzero authors: 1,783,003/1,860,867
    mean=+0.13101  sd=0.04458  med=+0.12501

--- Shock balance (Borusyak-Hull-Jaravel) ---
  Regression: g_k = a + b * X_bar_k + e,  weights = Sum_i s_ik
  H0: shocks are quasi-randomly assigned wrt pre-period X => b approx 0

  characteristic                beta          se        t       p
  log_total_spend            +0.3272      0.2231    +1.47   0.143
  log_lab_spend              +0.2722      0.2127    +1.28   0.200
  n_cats                     +0.0015      0.0051    +0.29   0.773
  lab_share                  -1.0963      1.7509    -0.63   0.531
  top-10 |Rotemberg weight| markets:
    us fbs                                    alpha_k=+0.712  s_bar=0.1858  g=+0.4812
    chemiluminescent substrates               alpha_k=+0.120  s_bar=0.0981  g=+0.1540
    site-directed mutagenesis systems         alpha_k=-0.083  s_bar=0.0265  g=-0.3961
    first-strand cdna synthesis systems       alpha_k=+0.078  s_bar=0.0500  g=+0.1964
    pre-cast bis-tris gels                    alpha_k=+0.041  s_bar=0.0174  g=+0.2985
    cell culture nutritional supplements - tryptone  alpha_k=+0.031  s_bar=0.0262  g=+0.1471
    cell culture dissociation reagents        alpha_k=+0.028  s_bar=0.0139  g=+0.2543
    column-based dna plasmid miniprep         alpha_k=+0.026  s_bar=0.0245  g=+0.1307
    unstained dna ladders                     alpha_k=-0.020  s_bar=0.0190  g=-0.1326
    high-fidelity dna polymerase              alpha_k=+0.020  s_bar=0.0238  g=+0.1055
  cluster filter (../../external/us_appended_text/author_static_clusters_30.csv, min-foia-per-cluster=1): kept 1,613,853/1,860,867
  ls filter (../../external/us_appended_text/author_ls_authors_indiv.csv): kept 1,320,966/1,613,853
  Saved ../../output/shock_balance_treated_hc_ebp2.5k_cf_lsa_k3.csv
  Saved ../../output/foia_self_exposure_treated_hc_ebp2.5k_cf_lsa_k3.csv  (shrunk anchor-level self exposure)
  Saved ../../output/final_imputed_shift_share_treated_hc_ebp2.5k_cf_lsa_k3.csv
  Saved ../../output/imputed_shares_matrix_treated_hc_ebp2.5k_cf_lsa_k3.npz  (universe x K_treated imputed share matrix)
  Saved ../../output/imputed_shares_markets_treated_hc_ebp2.5k_cf_lsa_k3.csv

==============================================================================
Per-version shift-share imputation summary
==============================================================================
   version method  n_foia_with_shares  z_hat_mean_universe  z_hat_sd_universe  S_sum_mean_universe  S_sum_sd_universe  eff_n_shocks
        hc    knn                 208               0.0291             0.0241               0.2333             0.0867       15.8417
       all    knn                 208               0.0124             0.0147               0.0991             0.0484       16.4074
treated_hc    knn                 208               0.1255             0.0509               0.9582             0.2002       14.3762

Saved ../../output/shift_share_summary_ebp2.5k_cf_lsa_k3.csv
Done!
Loading universe + FOIA id orders ...
Loading shocks from /n/holylabs/LABS/pakes_lab/Lab/sci_eq/analysis/first_stage/output/did_coefs_eb_price.dta ...
  markets with shocks: 46
  g_k stats: mean=0.0669  sd=0.1804  min=-0.3961  max=0.7120
Loading W (tag='', k=3) ...
  W shape: (1860867, 208)  nnz: 5,011,841
  W rows with any weight: 1,783,003/1,860,867
  W row-sum stats (nonzero rows): mean=1.0000  p5=1.0000  p95=1.0000
Computing FOIA pre-period characteristics ...

==============================================================================
version=hc   method=knn   tag=''
==============================================================================
Building FOIA share matrix S from ../../external/exposure_wts/athr_exposure_by_category_hc.dta (version=hc) ...
  S shape: (208, 46)  nnz: 1,414  density: 0.1478
  FOIA PIs with >=1 treated-market share: 208 / 208
  per-market coverage: min=3  p5=3  p50=27  p95=66  max=106

  --- EB shrinkage (alpha=$2,500, prior=cluster) ---
  rows shrunk: 208/208  (T=0 rows left at zero)
  self-exposure sd across anchors: raw=0.0563  shrunk=0.0372  (retained 66%)
  own-data weight T/(T+alpha): p25=0.64  p50=0.83  p75=0.92
  largest self-exposure changes:
    A5009411980: -0.2589 -> -0.0473  (T=$661, own_wt=0.21)
    A5087101891: +0.3817 -> +0.1978  (T=$2,397, own_wt=0.49)
    A5014945614: +0.2768 -> +0.1205  (T=$1,694, own_wt=0.40)
    A5067529915: -0.1451 -> -0.0406  (T=$1,179, own_wt=0.32)
    A5006559011: -0.0819 -> +0.0114  (T=$1,014, own_wt=0.29)
Imputing shares  (method=knn)  ...
Aggregating: z_hat = S_hat @ g,  S_sum = rowsum(S_hat) ...
  effective number of shocks (BHJ-style): 16.96

  --- Exposure level comparison ---
  Self-imputed FOIA exposure (S @ g):
    n nonzero PIs: 208/208
    mean=+0.02680  sd=0.03725  med=+0.01539
  Universe imputed exposure (S_hat @ g):
    n nonzero authors: 1,783,003/1,860,867
    mean=+0.02880  sd=0.02513  med=+0.02083

--- Shock balance (Borusyak-Hull-Jaravel) ---
  Regression: g_k = a + b * X_bar_k + e,  weights = Sum_i s_ik
  H0: shocks are quasi-randomly assigned wrt pre-period X => b approx 0

  characteristic                beta          se        t       p
  log_total_spend            +0.2249      0.0734    +3.06   0.002
  log_lab_spend              +0.2036      0.0725    +2.81   0.005
  n_cats                     +0.0044      0.0022    +2.06   0.040
  lab_share                  -0.9469      0.8492    -1.12   0.265
  top-10 |Rotemberg weight| markets:
    us fbs                                    alpha_k=+0.684  s_bar=0.0392  g=+0.4812
    chemiluminescent substrates               alpha_k=+0.114  s_bar=0.0204  g=+0.1540
    site-directed mutagenesis systems         alpha_k=-0.085  s_bar=0.0059  g=-0.3961
    first-strand cdna synthesis systems       alpha_k=+0.076  s_bar=0.0107  g=+0.1964
    column-based microbial dna purification kits  alpha_k=+0.052  s_bar=0.0037  g=+0.3817
    pre-cast bis-tris gels                    alpha_k=+0.048  s_bar=0.0044  g=+0.2985
    cell culture dissociation reagents        alpha_k=+0.046  s_bar=0.0050  g=+0.2543
    rnase inhibitors                          alpha_k=-0.031  s_bar=0.0038  g=-0.2215
    column-based dna plasmid miniprep         alpha_k=+0.030  s_bar=0.0063  g=+0.1307
    cell culture nutritional supplements - tryptone  alpha_k=+0.027  s_bar=0.0050  g=+0.1471
  ls filter (../../external/us_appended_text/author_ls_authors_indiv.csv): kept 1,462,984/1,860,867
  Saved ../../output/shock_balance_hc_ebc2.5k_lsa_k3.csv
  Saved ../../output/foia_self_exposure_hc_ebc2.5k_lsa_k3.csv  (shrunk anchor-level self exposure)
  Saved ../../output/final_imputed_shift_share_hc_ebc2.5k_lsa_k3.csv
  Saved ../../output/imputed_shares_matrix_hc_ebc2.5k_lsa_k3.npz  (universe x K_treated imputed share matrix)
  Saved ../../output/imputed_shares_markets_hc_ebc2.5k_lsa_k3.csv

==============================================================================
version=all   method=knn   tag=''
==============================================================================
Building FOIA share matrix S from ../../external/exposure_wts/athr_exposure_by_category_all.dta (version=all) ...
  S shape: (208, 46)  nnz: 1,414  density: 0.1478
  FOIA PIs with >=1 treated-market share: 208 / 208
  per-market coverage: min=3  p5=3  p50=27  p95=66  max=106

  --- EB shrinkage (alpha=$2,500, prior=cluster) ---
  rows shrunk: 208/208  (T=0 rows left at zero)
  self-exposure sd across anchors: raw=0.0315  shrunk=0.0209  (retained 66%)
  own-data weight T/(T+alpha): p25=0.82  p50=0.93  p75=0.96
  largest self-exposure changes:
    A5087101891: +0.3466 -> +0.1828  (T=$2,640, own_wt=0.51)
    A5014945614: +0.1544 -> +0.0871  (T=$3,037, own_wt=0.55)
    A5009411980: -0.0753 -> -0.0344  (T=$2,272, own_wt=0.48)
    A5023125790: +0.0389 -> +0.0040  (T=$97, own_wt=0.04)
    A5040811912: +0.0029 -> +0.0251  (T=$886, own_wt=0.26)
Imputing shares  (method=knn)  ...
Aggregating: z_hat = S_hat @ g,  S_sum = rowsum(S_hat) ...
  effective number of shocks (BHJ-style): 17.18

  --- Exposure level comparison ---
  Self-imputed FOIA exposure (S @ g):
    n nonzero PIs: 208/208
    mean=+0.01103  sd=0.02087  med=+0.00497
  Universe imputed exposure (S_hat @ g):
    n nonzero authors: 1,783,003/1,860,867
    mean=+0.01261  sd=0.01499  med=+0.00796

--- Shock balance (Borusyak-Hull-Jaravel) ---
  Regression: g_k = a + b * X_bar_k + e,  weights = Sum_i s_ik
  H0: shocks are quasi-randomly assigned wrt pre-period X => b approx 0

  characteristic                beta          se        t       p
  log_total_spend            +0.1377      0.0577    +2.39   0.017
  log_lab_spend              +0.1238      0.0563    +2.20   0.028
  n_cats                     +0.0028      0.0017    +1.65   0.099
  lab_share                  -0.8132      0.6413    -1.27   0.205
  top-10 |Rotemberg weight| markets:
    us fbs                                    alpha_k=+0.622  s_bar=0.0156  g=+0.4812
    chemiluminescent substrates               alpha_k=+0.116  s_bar=0.0091  g=+0.1540
    column-based microbial dna purification kits  alpha_k=+0.104  s_bar=0.0033  g=+0.3817
    first-strand cdna synthesis systems       alpha_k=+0.090  s_bar=0.0055  g=+0.1964
    site-directed mutagenesis systems         alpha_k=-0.073  s_bar=0.0022  g=-0.3961
    pre-cast bis-tris gels                    alpha_k=+0.052  s_bar=0.0021  g=+0.2985
    cell culture dissociation reagents        alpha_k=+0.040  s_bar=0.0019  g=+0.2543
    column-based gel dna extraction kits      alpha_k=-0.034  s_bar=0.0043  g=-0.0957
    rnase inhibitors                          alpha_k=-0.030  s_bar=0.0016  g=-0.2215
    column-based dna plasmid miniprep         alpha_k=+0.030  s_bar=0.0028  g=+0.1307
  ls filter (../../external/us_appended_text/author_ls_authors_indiv.csv): kept 1,462,984/1,860,867
  Saved ../../output/shock_balance_all_ebc2.5k_lsa_k3.csv
  Saved ../../output/foia_self_exposure_all_ebc2.5k_lsa_k3.csv  (shrunk anchor-level self exposure)
  Saved ../../output/final_imputed_shift_share_all_ebc2.5k_lsa_k3.csv
  Saved ../../output/imputed_shares_matrix_all_ebc2.5k_lsa_k3.npz  (universe x K_treated imputed share matrix)
  Saved ../../output/imputed_shares_markets_all_ebc2.5k_lsa_k3.csv

==============================================================================
version=treated_hc   method=knn   tag=''
==============================================================================
Building FOIA share matrix S from ../../external/exposure_wts/athr_exposure_by_category_treated_hc.dta (version=treated_hc) ...
  S shape: (208, 46)  nnz: 1,414  density: 0.1478
  FOIA PIs with >=1 treated-market share: 208 / 208
  per-market coverage: min=3  p5=3  p50=27  p95=66  max=106

  --- EB shrinkage (alpha=$2,500, prior=cluster) ---
  rows shrunk: 208/208  (T=0 rows left at zero)
  self-exposure sd across anchors: raw=0.1314  shrunk=0.0806  (retained 61%)
  own-data weight T/(T+alpha): p25=0.22  p50=0.47  p75=0.70
  largest self-exposure changes:
    A5067529915: -0.3961 -> -0.0071  (T=$432, own_wt=0.15)
    A5009411980: -0.3961 -> -0.0071  (T=$432, own_wt=0.15)
    A5018983460: -0.3961 -> -0.0824  (T=$794, own_wt=0.24)
    A5006559011: -0.1578 -> +0.1129  (T=$527, own_wt=0.17)
    A5056763319: +0.4049 -> +0.1396  (T=$765, own_wt=0.23)
Imputing shares  (method=knn)  ...
Aggregating: z_hat = S_hat @ g,  S_sum = rowsum(S_hat) ...
  effective number of shocks (BHJ-style): 15.93

  --- Exposure level comparison ---
  Self-imputed FOIA exposure (S @ g):
    n nonzero PIs: 208/208
    mean=+0.11141  sd=0.08064  med=+0.10203
  Universe imputed exposure (S_hat @ g):
    n nonzero authors: 1,783,003/1,860,867
    mean=+0.11988  sd=0.05689  med=+0.11502

--- Shock balance (Borusyak-Hull-Jaravel) ---
  Regression: g_k = a + b * X_bar_k + e,  weights = Sum_i s_ik
  H0: shocks are quasi-randomly assigned wrt pre-period X => b approx 0

  characteristic                beta          se        t       p
  log_total_spend            +0.3794      0.1273    +2.98   0.003
  log_lab_spend              +0.3450      0.1250    +2.76   0.006
  n_cats                     +0.0057      0.0036    +1.61   0.108
  lab_share                  -0.3860      1.4491    -0.27   0.790
  top-10 |Rotemberg weight| markets:
    us fbs                                    alpha_k=+0.705  s_bar=0.1683  g=+0.4812
    chemiluminescent substrates               alpha_k=+0.121  s_bar=0.0904  g=+0.1540
    site-directed mutagenesis systems         alpha_k=-0.095  s_bar=0.0274  g=-0.3961
    first-strand cdna synthesis systems       alpha_k=+0.076  s_bar=0.0442  g=+0.1964
    pre-cast bis-tris gels                    alpha_k=+0.044  s_bar=0.0170  g=+0.2985
    column-based dna plasmid miniprep         alpha_k=+0.033  s_bar=0.0292  g=+0.1307
    cell culture dissociation reagents        alpha_k=+0.032  s_bar=0.0144  g=+0.2543
    cell culture nutritional supplements - tryptone  alpha_k=+0.028  s_bar=0.0222  g=+0.1471
    rnase inhibitors                          alpha_k=-0.026  s_bar=0.0134  g=-0.2215
    high-fidelity dna polymerase              alpha_k=+0.023  s_bar=0.0254  g=+0.1055
  ls filter (../../external/us_appended_text/author_ls_authors_indiv.csv): kept 1,462,984/1,860,867
  Saved ../../output/shock_balance_treated_hc_ebc2.5k_lsa_k3.csv
  Saved ../../output/foia_self_exposure_treated_hc_ebc2.5k_lsa_k3.csv  (shrunk anchor-level self exposure)
  Saved ../../output/final_imputed_shift_share_treated_hc_ebc2.5k_lsa_k3.csv
  Saved ../../output/imputed_shares_matrix_treated_hc_ebc2.5k_lsa_k3.npz  (universe x K_treated imputed share matrix)
  Saved ../../output/imputed_shares_markets_treated_hc_ebc2.5k_lsa_k3.csv

==============================================================================
Per-version shift-share imputation summary
==============================================================================
   version method  n_foia_with_shares  z_hat_mean_universe  z_hat_sd_universe  S_sum_mean_universe  S_sum_sd_universe  eff_n_shocks
        hc    knn                 208               0.0276             0.0253               0.2341             0.0897       16.9605
       all    knn                 208               0.0121             0.0149               0.1007             0.0504       17.1802
treated_hc    knn                 208               0.1149             0.0606               0.9582             0.2002       15.9300

Saved ../../output/shift_share_summary_ebc2.5k_lsa_k3.csv
Done!
Loading universe + FOIA id orders ...
Loading shocks from /n/holylabs/LABS/pakes_lab/Lab/sci_eq/analysis/first_stage/output/did_coefs_eb_price.dta ...
  markets with shocks: 46
  g_k stats: mean=0.0669  sd=0.1804  min=-0.3961  max=0.7120
Loading W (tag='', k=3) ...
  W shape: (1860867, 208)  nnz: 5,011,841
  W rows with any weight: 1,783,003/1,860,867
  W row-sum stats (nonzero rows): mean=1.0000  p5=1.0000  p95=1.0000
Computing FOIA pre-period characteristics ...

==============================================================================
version=hc   method=knn   tag=''
==============================================================================
Building FOIA share matrix S from ../../external/exposure_wts/athr_exposure_by_category_hc.dta (version=hc) ...
  S shape: (208, 46)  nnz: 1,414  density: 0.1478
  FOIA PIs with >=1 treated-market share: 208 / 208
  per-market coverage: min=3  p5=3  p50=27  p95=66  max=106

  --- EB shrinkage (alpha=$2,500, prior=cluster) ---
  rows shrunk: 208/208  (T=0 rows left at zero)
  self-exposure sd across anchors: raw=0.0563  shrunk=0.0372  (retained 66%)
  own-data weight T/(T+alpha): p25=0.64  p50=0.83  p75=0.92
  largest self-exposure changes:
    A5009411980: -0.2589 -> -0.0473  (T=$661, own_wt=0.21)
    A5087101891: +0.3817 -> +0.1978  (T=$2,397, own_wt=0.49)
    A5014945614: +0.2768 -> +0.1205  (T=$1,694, own_wt=0.40)
    A5067529915: -0.1451 -> -0.0406  (T=$1,179, own_wt=0.32)
    A5006559011: -0.0819 -> +0.0114  (T=$1,014, own_wt=0.29)
Imputing shares  (method=knn)  ...
Aggregating: z_hat = S_hat @ g,  S_sum = rowsum(S_hat) ...
  effective number of shocks (BHJ-style): 16.96

  --- Exposure level comparison ---
  Self-imputed FOIA exposure (S @ g):
    n nonzero PIs: 208/208
    mean=+0.02680  sd=0.03725  med=+0.01539
  Universe imputed exposure (S_hat @ g):
    n nonzero authors: 1,783,003/1,860,867
    mean=+0.02880  sd=0.02513  med=+0.02083

--- Shock balance (Borusyak-Hull-Jaravel) ---
  Regression: g_k = a + b * X_bar_k + e,  weights = Sum_i s_ik
  H0: shocks are quasi-randomly assigned wrt pre-period X => b approx 0

  characteristic                beta          se        t       p
  log_total_spend            +0.2249      0.0734    +3.06   0.002
  log_lab_spend              +0.2036      0.0725    +2.81   0.005
  n_cats                     +0.0044      0.0022    +2.06   0.040
  lab_share                  -0.9469      0.8492    -1.12   0.265
  top-10 |Rotemberg weight| markets:
    us fbs                                    alpha_k=+0.684  s_bar=0.0392  g=+0.4812
    chemiluminescent substrates               alpha_k=+0.114  s_bar=0.0204  g=+0.1540
    site-directed mutagenesis systems         alpha_k=-0.085  s_bar=0.0059  g=-0.3961
    first-strand cdna synthesis systems       alpha_k=+0.076  s_bar=0.0107  g=+0.1964
    column-based microbial dna purification kits  alpha_k=+0.052  s_bar=0.0037  g=+0.3817
    pre-cast bis-tris gels                    alpha_k=+0.048  s_bar=0.0044  g=+0.2985
    cell culture dissociation reagents        alpha_k=+0.046  s_bar=0.0050  g=+0.2543
    rnase inhibitors                          alpha_k=-0.031  s_bar=0.0038  g=-0.2215
    column-based dna plasmid miniprep         alpha_k=+0.030  s_bar=0.0063  g=+0.1307
    cell culture nutritional supplements - tryptone  alpha_k=+0.027  s_bar=0.0050  g=+0.1471
  cluster filter (../../external/us_appended_text/author_static_clusters_30.csv, min-foia-per-cluster=1): kept 1,613,853/1,860,867
  ls filter (../../external/us_appended_text/author_ls_authors_indiv.csv): kept 1,320,966/1,613,853
  Saved ../../output/shock_balance_hc_ebc2.5k_cf_lsa_k3.csv
  Saved ../../output/foia_self_exposure_hc_ebc2.5k_cf_lsa_k3.csv  (shrunk anchor-level self exposure)
  Saved ../../output/final_imputed_shift_share_hc_ebc2.5k_cf_lsa_k3.csv
  Saved ../../output/imputed_shares_matrix_hc_ebc2.5k_cf_lsa_k3.npz  (universe x K_treated imputed share matrix)
  Saved ../../output/imputed_shares_markets_hc_ebc2.5k_cf_lsa_k3.csv

==============================================================================
version=all   method=knn   tag=''
==============================================================================
Building FOIA share matrix S from ../../external/exposure_wts/athr_exposure_by_category_all.dta (version=all) ...
  S shape: (208, 46)  nnz: 1,414  density: 0.1478
  FOIA PIs with >=1 treated-market share: 208 / 208
  per-market coverage: min=3  p5=3  p50=27  p95=66  max=106

  --- EB shrinkage (alpha=$2,500, prior=cluster) ---
  rows shrunk: 208/208  (T=0 rows left at zero)
  self-exposure sd across anchors: raw=0.0315  shrunk=0.0209  (retained 66%)
  own-data weight T/(T+alpha): p25=0.82  p50=0.93  p75=0.96
  largest self-exposure changes:
    A5087101891: +0.3466 -> +0.1828  (T=$2,640, own_wt=0.51)
    A5014945614: +0.1544 -> +0.0871  (T=$3,037, own_wt=0.55)
    A5009411980: -0.0753 -> -0.0344  (T=$2,272, own_wt=0.48)
    A5023125790: +0.0389 -> +0.0040  (T=$97, own_wt=0.04)
    A5040811912: +0.0029 -> +0.0251  (T=$886, own_wt=0.26)
Imputing shares  (method=knn)  ...
Aggregating: z_hat = S_hat @ g,  S_sum = rowsum(S_hat) ...
  effective number of shocks (BHJ-style): 17.18

  --- Exposure level comparison ---
  Self-imputed FOIA exposure (S @ g):
    n nonzero PIs: 208/208
    mean=+0.01103  sd=0.02087  med=+0.00497
  Universe imputed exposure (S_hat @ g):
    n nonzero authors: 1,783,003/1,860,867
    mean=+0.01261  sd=0.01499  med=+0.00796

--- Shock balance (Borusyak-Hull-Jaravel) ---
  Regression: g_k = a + b * X_bar_k + e,  weights = Sum_i s_ik
  H0: shocks are quasi-randomly assigned wrt pre-period X => b approx 0

  characteristic                beta          se        t       p
  log_total_spend            +0.1377      0.0577    +2.39   0.017
  log_lab_spend              +0.1238      0.0563    +2.20   0.028
  n_cats                     +0.0028      0.0017    +1.65   0.099
  lab_share                  -0.8132      0.6413    -1.27   0.205
  top-10 |Rotemberg weight| markets:
    us fbs                                    alpha_k=+0.622  s_bar=0.0156  g=+0.4812
    chemiluminescent substrates               alpha_k=+0.116  s_bar=0.0091  g=+0.1540
    column-based microbial dna purification kits  alpha_k=+0.104  s_bar=0.0033  g=+0.3817
    first-strand cdna synthesis systems       alpha_k=+0.090  s_bar=0.0055  g=+0.1964
    site-directed mutagenesis systems         alpha_k=-0.073  s_bar=0.0022  g=-0.3961
    pre-cast bis-tris gels                    alpha_k=+0.052  s_bar=0.0021  g=+0.2985
    cell culture dissociation reagents        alpha_k=+0.040  s_bar=0.0019  g=+0.2543
    column-based gel dna extraction kits      alpha_k=-0.034  s_bar=0.0043  g=-0.0957
    rnase inhibitors                          alpha_k=-0.030  s_bar=0.0016  g=-0.2215
    column-based dna plasmid miniprep         alpha_k=+0.030  s_bar=0.0028  g=+0.1307
  cluster filter (../../external/us_appended_text/author_static_clusters_30.csv, min-foia-per-cluster=1): kept 1,613,853/1,860,867
  ls filter (../../external/us_appended_text/author_ls_authors_indiv.csv): kept 1,320,966/1,613,853
  Saved ../../output/shock_balance_all_ebc2.5k_cf_lsa_k3.csv
  Saved ../../output/foia_self_exposure_all_ebc2.5k_cf_lsa_k3.csv  (shrunk anchor-level self exposure)
  Saved ../../output/final_imputed_shift_share_all_ebc2.5k_cf_lsa_k3.csv
  Saved ../../output/imputed_shares_matrix_all_ebc2.5k_cf_lsa_k3.npz  (universe x K_treated imputed share matrix)
  Saved ../../output/imputed_shares_markets_all_ebc2.5k_cf_lsa_k3.csv

==============================================================================
version=treated_hc   method=knn   tag=''
==============================================================================
Building FOIA share matrix S from ../../external/exposure_wts/athr_exposure_by_category_treated_hc.dta (version=treated_hc) ...
  S shape: (208, 46)  nnz: 1,414  density: 0.1478
  FOIA PIs with >=1 treated-market share: 208 / 208
  per-market coverage: min=3  p5=3  p50=27  p95=66  max=106

  --- EB shrinkage (alpha=$2,500, prior=cluster) ---
  rows shrunk: 208/208  (T=0 rows left at zero)
  self-exposure sd across anchors: raw=0.1314  shrunk=0.0806  (retained 61%)
  own-data weight T/(T+alpha): p25=0.22  p50=0.47  p75=0.70
  largest self-exposure changes:
    A5067529915: -0.3961 -> -0.0071  (T=$432, own_wt=0.15)
    A5009411980: -0.3961 -> -0.0071  (T=$432, own_wt=0.15)
    A5018983460: -0.3961 -> -0.0824  (T=$794, own_wt=0.24)
    A5006559011: -0.1578 -> +0.1129  (T=$527, own_wt=0.17)
    A5056763319: +0.4049 -> +0.1396  (T=$765, own_wt=0.23)
Imputing shares  (method=knn)  ...
Aggregating: z_hat = S_hat @ g,  S_sum = rowsum(S_hat) ...
  effective number of shocks (BHJ-style): 15.93

  --- Exposure level comparison ---
  Self-imputed FOIA exposure (S @ g):
    n nonzero PIs: 208/208
    mean=+0.11141  sd=0.08064  med=+0.10203
  Universe imputed exposure (S_hat @ g):
    n nonzero authors: 1,783,003/1,860,867
    mean=+0.11988  sd=0.05689  med=+0.11502

--- Shock balance (Borusyak-Hull-Jaravel) ---
  Regression: g_k = a + b * X_bar_k + e,  weights = Sum_i s_ik
  H0: shocks are quasi-randomly assigned wrt pre-period X => b approx 0

  characteristic                beta          se        t       p
  log_total_spend            +0.3794      0.1273    +2.98   0.003
  log_lab_spend              +0.3450      0.1250    +2.76   0.006
  n_cats                     +0.0057      0.0036    +1.61   0.108
  lab_share                  -0.3860      1.4491    -0.27   0.790
  top-10 |Rotemberg weight| markets:
    us fbs                                    alpha_k=+0.705  s_bar=0.1683  g=+0.4812
    chemiluminescent substrates               alpha_k=+0.121  s_bar=0.0904  g=+0.1540
    site-directed mutagenesis systems         alpha_k=-0.095  s_bar=0.0274  g=-0.3961
    first-strand cdna synthesis systems       alpha_k=+0.076  s_bar=0.0442  g=+0.1964
    pre-cast bis-tris gels                    alpha_k=+0.044  s_bar=0.0170  g=+0.2985
    column-based dna plasmid miniprep         alpha_k=+0.033  s_bar=0.0292  g=+0.1307
    cell culture dissociation reagents        alpha_k=+0.032  s_bar=0.0144  g=+0.2543
    cell culture nutritional supplements - tryptone  alpha_k=+0.028  s_bar=0.0222  g=+0.1471
    rnase inhibitors                          alpha_k=-0.026  s_bar=0.0134  g=-0.2215
    high-fidelity dna polymerase              alpha_k=+0.023  s_bar=0.0254  g=+0.1055
  cluster filter (../../external/us_appended_text/author_static_clusters_30.csv, min-foia-per-cluster=1): kept 1,613,853/1,860,867
  ls filter (../../external/us_appended_text/author_ls_authors_indiv.csv): kept 1,320,966/1,613,853
  Saved ../../output/shock_balance_treated_hc_ebc2.5k_cf_lsa_k3.csv
  Saved ../../output/foia_self_exposure_treated_hc_ebc2.5k_cf_lsa_k3.csv  (shrunk anchor-level self exposure)
  Saved ../../output/final_imputed_shift_share_treated_hc_ebc2.5k_cf_lsa_k3.csv
  Saved ../../output/imputed_shares_matrix_treated_hc_ebc2.5k_cf_lsa_k3.npz  (universe x K_treated imputed share matrix)
  Saved ../../output/imputed_shares_markets_treated_hc_ebc2.5k_cf_lsa_k3.csv

==============================================================================
Per-version shift-share imputation summary
==============================================================================
   version method  n_foia_with_shares  z_hat_mean_universe  z_hat_sd_universe  S_sum_mean_universe  S_sum_sd_universe  eff_n_shocks
        hc    knn                 208               0.0276             0.0253               0.2341             0.0897       16.9605
       all    knn                 208               0.0121             0.0149               0.1007             0.0504       17.1802
treated_hc    knn                 208               0.1149             0.0606               0.9582             0.2002       15.9300

Saved ../../output/shift_share_summary_ebc2.5k_cf_lsa_k3.csv
Done!
Loading universe + FOIA id orders ...
Loading shocks from /n/holylabs/LABS/pakes_lab/Lab/sci_eq/analysis/first_stage/output/did_coefs_eb_price.dta ...
  markets with shocks: 46
  g_k stats: mean=0.0669  sd=0.1804  min=-0.3961  max=0.7120
Loading W (tag='', k=3) ...
  W shape: (1860867, 208)  nnz: 5,011,841
  W rows with any weight: 1,783,003/1,860,867
  W row-sum stats (nonzero rows): mean=1.0000  p5=1.0000  p95=1.0000
Computing FOIA pre-period characteristics ...

==============================================================================
version=hc   method=knn   tag=''
==============================================================================
Building FOIA share matrix S from ../../external/exposure_wts/athr_exposure_by_category_hc.dta (version=hc) ...
  S shape: (208, 46)  nnz: 1,414  density: 0.1478
  FOIA PIs with >=1 treated-market share: 208 / 208
  per-market coverage: min=3  p5=3  p50=27  p95=66  max=106

  --- EB shrinkage (alpha=$5,000, prior=global) ---
  rows shrunk: 208/208  (T=0 rows left at zero)
  self-exposure sd across anchors: raw=0.0563  shrunk=0.0306  (retained 54%)
  own-data weight T/(T+alpha): p25=0.47  p50=0.71  p75=0.85
  largest self-exposure changes:
    A5009411980: -0.2589 -> +0.0016  (T=$661, own_wt=0.12)
    A5087101891: +0.3817 -> +0.1480  (T=$2,397, own_wt=0.32)
    A5014945614: +0.2768 -> +0.0969  (T=$1,694, own_wt=0.25)
    A5067529915: -0.1451 -> +0.0014  (T=$1,179, own_wt=0.19)
    A5006559011: -0.0819 -> +0.0161  (T=$1,014, own_wt=0.17)
Imputing shares  (method=knn)  ...
Aggregating: z_hat = S_hat @ g,  S_sum = rowsum(S_hat) ...
  effective number of shocks (BHJ-style): 14.78

  --- Exposure level comparison ---
  Self-imputed FOIA exposure (S @ g):
    n nonzero PIs: 208/208
    mean=+0.03033  sd=0.03055  med=+0.02248
  Universe imputed exposure (S_hat @ g):
    n nonzero authors: 1,783,003/1,860,867
    mean=+0.03223  sd=0.01986  med=+0.02626

--- Shock balance (Borusyak-Hull-Jaravel) ---
  Regression: g_k = a + b * X_bar_k + e,  weights = Sum_i s_ik
  H0: shocks are quasi-randomly assigned wrt pre-period X => b approx 0

  characteristic                beta          se        t       p
  log_total_spend            +0.2862      0.1266    +2.26   0.024
  log_lab_spend              +0.2528      0.1234    +2.05   0.040
  n_cats                     +0.0042      0.0033    +1.26   0.208
  lab_share                  -1.3710      1.2350    -1.11   0.267
  top-10 |Rotemberg weight| markets:
    us fbs                                    alpha_k=+0.711  s_bar=0.0456  g=+0.4812
    chemiluminescent substrates               alpha_k=+0.111  s_bar=0.0222  g=+0.1540
    first-strand cdna synthesis systems       alpha_k=+0.078  s_bar=0.0123  g=+0.1964
    site-directed mutagenesis systems         alpha_k=-0.076  s_bar=0.0060  g=-0.3961
    pre-cast bis-tris gels                    alpha_k=+0.042  s_bar=0.0043  g=+0.2985
    cell culture dissociation reagents        alpha_k=+0.036  s_bar=0.0043  g=+0.2543
    column-based microbial dna purification kits  alpha_k=+0.034  s_bar=0.0027  g=+0.3817
    cell culture nutritional supplements - tryptone  alpha_k=+0.025  s_bar=0.0053  g=+0.1471
    column-based dna plasmid miniprep         alpha_k=+0.025  s_bar=0.0059  g=+0.1307
    rnase inhibitors                          alpha_k=-0.025  s_bar=0.0035  g=-0.2215
  ls filter (../../external/us_appended_text/author_ls_authors_indiv.csv): kept 1,462,984/1,860,867
  Saved ../../output/shock_balance_hc_eb5k_lsa_k3.csv
  Saved ../../output/foia_self_exposure_hc_eb5k_lsa_k3.csv  (shrunk anchor-level self exposure)
  Saved ../../output/final_imputed_shift_share_hc_eb5k_lsa_k3.csv
  Saved ../../output/imputed_shares_matrix_hc_eb5k_lsa_k3.npz  (universe x K_treated imputed share matrix)
  Saved ../../output/imputed_shares_markets_hc_eb5k_lsa_k3.csv

==============================================================================
version=all   method=knn   tag=''
==============================================================================
Building FOIA share matrix S from ../../external/exposure_wts/athr_exposure_by_category_all.dta (version=all) ...
  S shape: (208, 46)  nnz: 1,414  density: 0.1478
  FOIA PIs with >=1 treated-market share: 208 / 208
  per-market coverage: min=3  p5=3  p50=27  p95=66  max=106

  --- EB shrinkage (alpha=$5,000, prior=global) ---
  rows shrunk: 208/208  (T=0 rows left at zero)
  self-exposure sd across anchors: raw=0.0315  shrunk=0.0173  (retained 55%)
  own-data weight T/(T+alpha): p25=0.70  p50=0.87  p75=0.93
  largest self-exposure changes:
    A5087101891: +0.3466 -> +0.1292  (T=$2,640, own_wt=0.35)
    A5014945614: +0.1544 -> +0.0673  (T=$3,037, own_wt=0.38)
    A5009411980: -0.0753 -> -0.0136  (T=$2,272, own_wt=0.31)
    A5067529915: -0.0472 -> -0.0115  (T=$3,625, own_wt=0.42)
    A5023125790: +0.0389 -> +0.0149  (T=$97, own_wt=0.02)
Imputing shares  (method=knn)  ...
Aggregating: z_hat = S_hat @ g,  S_sum = rowsum(S_hat) ...
  effective number of shocks (BHJ-style): 15.59

  --- Exposure level comparison ---
  Self-imputed FOIA exposure (S @ g):
    n nonzero PIs: 208/208
    mean=+0.01177  sd=0.01726  med=+0.00682
  Universe imputed exposure (S_hat @ g):
    n nonzero authors: 1,783,003/1,860,867
    mean=+0.01320  sd=0.01212  med=+0.00939

--- Shock balance (Borusyak-Hull-Jaravel) ---
  Regression: g_k = a + b * X_bar_k + e,  weights = Sum_i s_ik
  H0: shocks are quasi-randomly assigned wrt pre-period X => b approx 0

  characteristic                beta          se        t       p
  log_total_spend            +0.1750      0.0808    +2.17   0.030
  log_lab_spend              +0.1585      0.0784    +2.02   0.043
  n_cats                     +0.0031      0.0022    +1.40   0.162
  lab_share                  -0.9182      0.8408    -1.09   0.275
  top-10 |Rotemberg weight| markets:
    us fbs                                    alpha_k=+0.668  s_bar=0.0176  g=+0.4812
    chemiluminescent substrates               alpha_k=+0.114  s_bar=0.0093  g=+0.1540
    first-strand cdna synthesis systems       alpha_k=+0.087  s_bar=0.0056  g=+0.1964
    site-directed mutagenesis systems         alpha_k=-0.070  s_bar=0.0022  g=-0.3961
    column-based microbial dna purification kits  alpha_k=+0.069  s_bar=0.0023  g=+0.3817
    pre-cast bis-tris gels                    alpha_k=+0.046  s_bar=0.0019  g=+0.2985
    cell culture dissociation reagents        alpha_k=+0.037  s_bar=0.0018  g=+0.2543
    rnase inhibitors                          alpha_k=-0.027  s_bar=0.0015  g=-0.2215
    column-based dna plasmid miniprep         alpha_k=+0.025  s_bar=0.0024  g=+0.1307
    column-based gel dna extraction kits      alpha_k=-0.025  s_bar=0.0033  g=-0.0957
  ls filter (../../external/us_appended_text/author_ls_authors_indiv.csv): kept 1,462,984/1,860,867
  Saved ../../output/shock_balance_all_eb5k_lsa_k3.csv
  Saved ../../output/foia_self_exposure_all_eb5k_lsa_k3.csv  (shrunk anchor-level self exposure)
  Saved ../../output/final_imputed_shift_share_all_eb5k_lsa_k3.csv
  Saved ../../output/imputed_shares_matrix_all_eb5k_lsa_k3.npz  (universe x K_treated imputed share matrix)
  Saved ../../output/imputed_shares_markets_all_eb5k_lsa_k3.csv

==============================================================================
version=treated_hc   method=knn   tag=''
==============================================================================
Building FOIA share matrix S from ../../external/exposure_wts/athr_exposure_by_category_treated_hc.dta (version=treated_hc) ...
  S shape: (208, 46)  nnz: 1,414  density: 0.1478
  FOIA PIs with >=1 treated-market share: 208 / 208
  per-market coverage: min=3  p5=3  p50=27  p95=66  max=106

  --- EB shrinkage (alpha=$5,000, prior=global) ---
  rows shrunk: 208/208  (T=0 rows left at zero)
  self-exposure sd across anchors: raw=0.1314  shrunk=0.0506  (retained 38%)
  own-data weight T/(T+alpha): p25=0.12  p50=0.30  p75=0.54
  largest self-exposure changes:
    A5067529915: -0.3961 -> +0.0991  (T=$432, own_wt=0.08)
    A5009411980: -0.3961 -> +0.0991  (T=$432, own_wt=0.08)
    A5018983460: -0.3961 -> +0.0681  (T=$794, own_wt=0.14)
    A5064294448: -0.3564 -> -0.0157  (T=$2,312, own_wt=0.32)
    A5006559011: -0.1578 -> +0.1133  (T=$527, own_wt=0.10)
Imputing shares  (method=knn)  ...
Aggregating: z_hat = S_hat @ g,  S_sum = rowsum(S_hat) ...
  effective number of shocks (BHJ-style): 13.73

  --- Exposure level comparison ---
  Self-imputed FOIA exposure (S @ g):
    n nonzero PIs: 208/208
    mean=+0.13150  sd=0.05060  med=+0.12770
  Universe imputed exposure (S_hat @ g):
    n nonzero authors: 1,783,003/1,860,867
    mean=+0.13660  sd=0.03360  med=+0.13230

--- Shock balance (Borusyak-Hull-Jaravel) ---
  Regression: g_k = a + b * X_bar_k + e,  weights = Sum_i s_ik
  H0: shocks are quasi-randomly assigned wrt pre-period X => b approx 0

  characteristic                beta          se        t       p
  log_total_spend            +0.3199      0.3063    +1.04   0.296
  log_lab_spend              +0.2494      0.2931    +0.85   0.395
  n_cats                     -0.0002      0.0064    -0.03   0.974
  lab_share                  -2.2474      2.5655    -0.88   0.381
  top-10 |Rotemberg weight| markets:
    us fbs                                    alpha_k=+0.725  s_bar=0.1971  g=+0.4812
    chemiluminescent substrates               alpha_k=+0.110  s_bar=0.0934  g=+0.1540
    first-strand cdna synthesis systems       alpha_k=+0.077  s_bar=0.0515  g=+0.1964
    site-directed mutagenesis systems         alpha_k=-0.076  s_bar=0.0252  g=-0.3961
    pre-cast bis-tris gels                    alpha_k=+0.042  s_bar=0.0182  g=+0.2985
    cell culture dissociation reagents        alpha_k=+0.026  s_bar=0.0135  g=+0.2543
    column-based dna plasmid miniprep         alpha_k=+0.026  s_bar=0.0262  g=+0.1307
    cell culture nutritional supplements - tryptone  alpha_k=+0.026  s_bar=0.0227  g=+0.1471
    high-fidelity dna polymerase              alpha_k=+0.021  s_bar=0.0260  g=+0.1055
    rnase inhibitors                          alpha_k=-0.021  s_bar=0.0122  g=-0.2215
  ls filter (../../external/us_appended_text/author_ls_authors_indiv.csv): kept 1,462,984/1,860,867
  Saved ../../output/shock_balance_treated_hc_eb5k_lsa_k3.csv
  Saved ../../output/foia_self_exposure_treated_hc_eb5k_lsa_k3.csv  (shrunk anchor-level self exposure)
  Saved ../../output/final_imputed_shift_share_treated_hc_eb5k_lsa_k3.csv
  Saved ../../output/imputed_shares_matrix_treated_hc_eb5k_lsa_k3.npz  (universe x K_treated imputed share matrix)
  Saved ../../output/imputed_shares_markets_treated_hc_eb5k_lsa_k3.csv

==============================================================================
Per-version shift-share imputation summary
==============================================================================
   version method  n_foia_with_shares  z_hat_mean_universe  z_hat_sd_universe  S_sum_mean_universe  S_sum_sd_universe  eff_n_shocks
        hc    knn                 208               0.0309             0.0205               0.2352             0.0769       14.7827
       all    knn                 208               0.0126             0.0122               0.0979             0.0420       15.5949
treated_hc    knn                 208               0.1309             0.0428               0.9582             0.2002       13.7280

Saved ../../output/shift_share_summary_eb5k_lsa_k3.csv
Done!
Loading universe + FOIA id orders ...
Loading shocks from /n/holylabs/LABS/pakes_lab/Lab/sci_eq/analysis/first_stage/output/did_coefs_eb_price.dta ...
  markets with shocks: 46
  g_k stats: mean=0.0669  sd=0.1804  min=-0.3961  max=0.7120
Loading W (tag='', k=3) ...
  W shape: (1860867, 208)  nnz: 5,011,841
  W rows with any weight: 1,783,003/1,860,867
  W row-sum stats (nonzero rows): mean=1.0000  p5=1.0000  p95=1.0000
Computing FOIA pre-period characteristics ...

==============================================================================
version=hc   method=knn   tag=''
==============================================================================
Building FOIA share matrix S from ../../external/exposure_wts/athr_exposure_by_category_hc.dta (version=hc) ...
  S shape: (208, 46)  nnz: 1,414  density: 0.1478
  FOIA PIs with >=1 treated-market share: 208 / 208
  per-market coverage: min=3  p5=3  p50=27  p95=66  max=106

  --- EB shrinkage (alpha=$5,000, prior=global) ---
  rows shrunk: 208/208  (T=0 rows left at zero)
  self-exposure sd across anchors: raw=0.0563  shrunk=0.0306  (retained 54%)
  own-data weight T/(T+alpha): p25=0.47  p50=0.71  p75=0.85
  largest self-exposure changes:
    A5009411980: -0.2589 -> +0.0016  (T=$661, own_wt=0.12)
    A5087101891: +0.3817 -> +0.1480  (T=$2,397, own_wt=0.32)
    A5014945614: +0.2768 -> +0.0969  (T=$1,694, own_wt=0.25)
    A5067529915: -0.1451 -> +0.0014  (T=$1,179, own_wt=0.19)
    A5006559011: -0.0819 -> +0.0161  (T=$1,014, own_wt=0.17)
Imputing shares  (method=knn)  ...
Aggregating: z_hat = S_hat @ g,  S_sum = rowsum(S_hat) ...
  effective number of shocks (BHJ-style): 14.78

  --- Exposure level comparison ---
  Self-imputed FOIA exposure (S @ g):
    n nonzero PIs: 208/208
    mean=+0.03033  sd=0.03055  med=+0.02248
  Universe imputed exposure (S_hat @ g):
    n nonzero authors: 1,783,003/1,860,867
    mean=+0.03223  sd=0.01986  med=+0.02626

--- Shock balance (Borusyak-Hull-Jaravel) ---
  Regression: g_k = a + b * X_bar_k + e,  weights = Sum_i s_ik
  H0: shocks are quasi-randomly assigned wrt pre-period X => b approx 0

  characteristic                beta          se        t       p
  log_total_spend            +0.2862      0.1266    +2.26   0.024
  log_lab_spend              +0.2528      0.1234    +2.05   0.040
  n_cats                     +0.0042      0.0033    +1.26   0.208
  lab_share                  -1.3710      1.2350    -1.11   0.267
  top-10 |Rotemberg weight| markets:
    us fbs                                    alpha_k=+0.711  s_bar=0.0456  g=+0.4812
    chemiluminescent substrates               alpha_k=+0.111  s_bar=0.0222  g=+0.1540
    first-strand cdna synthesis systems       alpha_k=+0.078  s_bar=0.0123  g=+0.1964
    site-directed mutagenesis systems         alpha_k=-0.076  s_bar=0.0060  g=-0.3961
    pre-cast bis-tris gels                    alpha_k=+0.042  s_bar=0.0043  g=+0.2985
    cell culture dissociation reagents        alpha_k=+0.036  s_bar=0.0043  g=+0.2543
    column-based microbial dna purification kits  alpha_k=+0.034  s_bar=0.0027  g=+0.3817
    cell culture nutritional supplements - tryptone  alpha_k=+0.025  s_bar=0.0053  g=+0.1471
    column-based dna plasmid miniprep         alpha_k=+0.025  s_bar=0.0059  g=+0.1307
    rnase inhibitors                          alpha_k=-0.025  s_bar=0.0035  g=-0.2215
  cluster filter (../../external/us_appended_text/author_static_clusters_30.csv, min-foia-per-cluster=1): kept 1,613,853/1,860,867
  ls filter (../../external/us_appended_text/author_ls_authors_indiv.csv): kept 1,320,966/1,613,853
  Saved ../../output/shock_balance_hc_eb5k_cf_lsa_k3.csv
  Saved ../../output/foia_self_exposure_hc_eb5k_cf_lsa_k3.csv  (shrunk anchor-level self exposure)
  Saved ../../output/final_imputed_shift_share_hc_eb5k_cf_lsa_k3.csv
  Saved ../../output/imputed_shares_matrix_hc_eb5k_cf_lsa_k3.npz  (universe x K_treated imputed share matrix)
  Saved ../../output/imputed_shares_markets_hc_eb5k_cf_lsa_k3.csv

==============================================================================
version=all   method=knn   tag=''
==============================================================================
Building FOIA share matrix S from ../../external/exposure_wts/athr_exposure_by_category_all.dta (version=all) ...
  S shape: (208, 46)  nnz: 1,414  density: 0.1478
  FOIA PIs with >=1 treated-market share: 208 / 208
  per-market coverage: min=3  p5=3  p50=27  p95=66  max=106

  --- EB shrinkage (alpha=$5,000, prior=global) ---
  rows shrunk: 208/208  (T=0 rows left at zero)
  self-exposure sd across anchors: raw=0.0315  shrunk=0.0173  (retained 55%)
  own-data weight T/(T+alpha): p25=0.70  p50=0.87  p75=0.93
  largest self-exposure changes:
    A5087101891: +0.3466 -> +0.1292  (T=$2,640, own_wt=0.35)
    A5014945614: +0.1544 -> +0.0673  (T=$3,037, own_wt=0.38)
    A5009411980: -0.0753 -> -0.0136  (T=$2,272, own_wt=0.31)
    A5067529915: -0.0472 -> -0.0115  (T=$3,625, own_wt=0.42)
    A5023125790: +0.0389 -> +0.0149  (T=$97, own_wt=0.02)
Imputing shares  (method=knn)  ...
Aggregating: z_hat = S_hat @ g,  S_sum = rowsum(S_hat) ...
  effective number of shocks (BHJ-style): 15.59

  --- Exposure level comparison ---
  Self-imputed FOIA exposure (S @ g):
    n nonzero PIs: 208/208
    mean=+0.01177  sd=0.01726  med=+0.00682
  Universe imputed exposure (S_hat @ g):
    n nonzero authors: 1,783,003/1,860,867
    mean=+0.01320  sd=0.01212  med=+0.00939

--- Shock balance (Borusyak-Hull-Jaravel) ---
  Regression: g_k = a + b * X_bar_k + e,  weights = Sum_i s_ik
  H0: shocks are quasi-randomly assigned wrt pre-period X => b approx 0

  characteristic                beta          se        t       p
  log_total_spend            +0.1750      0.0808    +2.17   0.030
  log_lab_spend              +0.1585      0.0784    +2.02   0.043
  n_cats                     +0.0031      0.0022    +1.40   0.162
  lab_share                  -0.9182      0.8408    -1.09   0.275
  top-10 |Rotemberg weight| markets:
    us fbs                                    alpha_k=+0.668  s_bar=0.0176  g=+0.4812
    chemiluminescent substrates               alpha_k=+0.114  s_bar=0.0093  g=+0.1540
    first-strand cdna synthesis systems       alpha_k=+0.087  s_bar=0.0056  g=+0.1964
    site-directed mutagenesis systems         alpha_k=-0.070  s_bar=0.0022  g=-0.3961
    column-based microbial dna purification kits  alpha_k=+0.069  s_bar=0.0023  g=+0.3817
    pre-cast bis-tris gels                    alpha_k=+0.046  s_bar=0.0019  g=+0.2985
    cell culture dissociation reagents        alpha_k=+0.037  s_bar=0.0018  g=+0.2543
    rnase inhibitors                          alpha_k=-0.027  s_bar=0.0015  g=-0.2215
    column-based dna plasmid miniprep         alpha_k=+0.025  s_bar=0.0024  g=+0.1307
    column-based gel dna extraction kits      alpha_k=-0.025  s_bar=0.0033  g=-0.0957
  cluster filter (../../external/us_appended_text/author_static_clusters_30.csv, min-foia-per-cluster=1): kept 1,613,853/1,860,867
  ls filter (../../external/us_appended_text/author_ls_authors_indiv.csv): kept 1,320,966/1,613,853
  Saved ../../output/shock_balance_all_eb5k_cf_lsa_k3.csv
  Saved ../../output/foia_self_exposure_all_eb5k_cf_lsa_k3.csv  (shrunk anchor-level self exposure)
  Saved ../../output/final_imputed_shift_share_all_eb5k_cf_lsa_k3.csv
  Saved ../../output/imputed_shares_matrix_all_eb5k_cf_lsa_k3.npz  (universe x K_treated imputed share matrix)
  Saved ../../output/imputed_shares_markets_all_eb5k_cf_lsa_k3.csv

==============================================================================
version=treated_hc   method=knn   tag=''
==============================================================================
Building FOIA share matrix S from ../../external/exposure_wts/athr_exposure_by_category_treated_hc.dta (version=treated_hc) ...
  S shape: (208, 46)  nnz: 1,414  density: 0.1478
  FOIA PIs with >=1 treated-market share: 208 / 208
  per-market coverage: min=3  p5=3  p50=27  p95=66  max=106

  --- EB shrinkage (alpha=$5,000, prior=global) ---
  rows shrunk: 208/208  (T=0 rows left at zero)
  self-exposure sd across anchors: raw=0.1314  shrunk=0.0506  (retained 38%)
  own-data weight T/(T+alpha): p25=0.12  p50=0.30  p75=0.54
  largest self-exposure changes:
    A5067529915: -0.3961 -> +0.0991  (T=$432, own_wt=0.08)
    A5009411980: -0.3961 -> +0.0991  (T=$432, own_wt=0.08)
    A5018983460: -0.3961 -> +0.0681  (T=$794, own_wt=0.14)
    A5064294448: -0.3564 -> -0.0157  (T=$2,312, own_wt=0.32)
    A5006559011: -0.1578 -> +0.1133  (T=$527, own_wt=0.10)
Imputing shares  (method=knn)  ...
Aggregating: z_hat = S_hat @ g,  S_sum = rowsum(S_hat) ...
  effective number of shocks (BHJ-style): 13.73

  --- Exposure level comparison ---
  Self-imputed FOIA exposure (S @ g):
    n nonzero PIs: 208/208
    mean=+0.13150  sd=0.05060  med=+0.12770
  Universe imputed exposure (S_hat @ g):
    n nonzero authors: 1,783,003/1,860,867
    mean=+0.13660  sd=0.03360  med=+0.13230

--- Shock balance (Borusyak-Hull-Jaravel) ---
  Regression: g_k = a + b * X_bar_k + e,  weights = Sum_i s_ik
  H0: shocks are quasi-randomly assigned wrt pre-period X => b approx 0

  characteristic                beta          se        t       p
  log_total_spend            +0.3199      0.3063    +1.04   0.296
  log_lab_spend              +0.2494      0.2931    +0.85   0.395
  n_cats                     -0.0002      0.0064    -0.03   0.974
  lab_share                  -2.2474      2.5655    -0.88   0.381
  top-10 |Rotemberg weight| markets:
    us fbs                                    alpha_k=+0.725  s_bar=0.1971  g=+0.4812
    chemiluminescent substrates               alpha_k=+0.110  s_bar=0.0934  g=+0.1540
    first-strand cdna synthesis systems       alpha_k=+0.077  s_bar=0.0515  g=+0.1964
    site-directed mutagenesis systems         alpha_k=-0.076  s_bar=0.0252  g=-0.3961
    pre-cast bis-tris gels                    alpha_k=+0.042  s_bar=0.0182  g=+0.2985
    cell culture dissociation reagents        alpha_k=+0.026  s_bar=0.0135  g=+0.2543
    column-based dna plasmid miniprep         alpha_k=+0.026  s_bar=0.0262  g=+0.1307
    cell culture nutritional supplements - tryptone  alpha_k=+0.026  s_bar=0.0227  g=+0.1471
    high-fidelity dna polymerase              alpha_k=+0.021  s_bar=0.0260  g=+0.1055
    rnase inhibitors                          alpha_k=-0.021  s_bar=0.0122  g=-0.2215
  cluster filter (../../external/us_appended_text/author_static_clusters_30.csv, min-foia-per-cluster=1): kept 1,613,853/1,860,867
  ls filter (../../external/us_appended_text/author_ls_authors_indiv.csv): kept 1,320,966/1,613,853
  Saved ../../output/shock_balance_treated_hc_eb5k_cf_lsa_k3.csv
  Saved ../../output/foia_self_exposure_treated_hc_eb5k_cf_lsa_k3.csv  (shrunk anchor-level self exposure)
  Saved ../../output/final_imputed_shift_share_treated_hc_eb5k_cf_lsa_k3.csv
  Saved ../../output/imputed_shares_matrix_treated_hc_eb5k_cf_lsa_k3.npz  (universe x K_treated imputed share matrix)
  Saved ../../output/imputed_shares_markets_treated_hc_eb5k_cf_lsa_k3.csv

==============================================================================
Per-version shift-share imputation summary
==============================================================================
   version method  n_foia_with_shares  z_hat_mean_universe  z_hat_sd_universe  S_sum_mean_universe  S_sum_sd_universe  eff_n_shocks
        hc    knn                 208               0.0309             0.0205               0.2352             0.0769       14.7827
       all    knn                 208               0.0126             0.0122               0.0979             0.0420       15.5949
treated_hc    knn                 208               0.1309             0.0428               0.9582             0.2002       13.7280

Saved ../../output/shift_share_summary_eb5k_cf_lsa_k3.csv
Done!
Loading universe + FOIA id orders ...
Loading shocks from /n/holylabs/LABS/pakes_lab/Lab/sci_eq/analysis/first_stage/output/did_coefs_eb_price.dta ...
  markets with shocks: 46
  g_k stats: mean=0.0669  sd=0.1804  min=-0.3961  max=0.7120
Loading W (tag='', k=3) ...
  W shape: (1860867, 208)  nnz: 5,011,841
  W rows with any weight: 1,783,003/1,860,867
  W row-sum stats (nonzero rows): mean=1.0000  p5=1.0000  p95=1.0000
Computing FOIA pre-period characteristics ...

==============================================================================
version=hc   method=knn   tag=''
==============================================================================
Building FOIA share matrix S from ../../external/exposure_wts/athr_exposure_by_category_hc.dta (version=hc) ...
  S shape: (208, 46)  nnz: 1,414  density: 0.1478
  FOIA PIs with >=1 treated-market share: 208 / 208
  per-market coverage: min=3  p5=3  p50=27  p95=66  max=106

  --- EB shrinkage (alpha=$5,000, prior=peer) ---
  rows shrunk: 208/208  (T=0 rows left at zero)
  self-exposure sd across anchors: raw=0.0563  shrunk=0.0306  (retained 54%)
  own-data weight T/(T+alpha): p25=0.47  p50=0.71  p75=0.85
  largest self-exposure changes:
    A5009411980: -0.2589 -> -0.0021  (T=$661, own_wt=0.12)
    A5087101891: +0.3817 -> +0.1460  (T=$2,397, own_wt=0.32)
    A5014945614: +0.2768 -> +0.0964  (T=$1,694, own_wt=0.25)
    A5067529915: -0.1451 -> -0.0007  (T=$1,179, own_wt=0.19)
    A5006559011: -0.0819 -> +0.0125  (T=$1,014, own_wt=0.17)
Imputing shares  (method=knn)  ...
Aggregating: z_hat = S_hat @ g,  S_sum = rowsum(S_hat) ...
  effective number of shocks (BHJ-style): 14.91

  --- Exposure level comparison ---
  Self-imputed FOIA exposure (S @ g):
    n nonzero PIs: 208/208
    mean=+0.02969  sd=0.03065  med=+0.02211
  Universe imputed exposure (S_hat @ g):
    n nonzero authors: 1,783,003/1,860,867
    mean=+0.03144  sd=0.02004  med=+0.02532

--- Shock balance (Borusyak-Hull-Jaravel) ---
  Regression: g_k = a + b * X_bar_k + e,  weights = Sum_i s_ik
  H0: shocks are quasi-randomly assigned wrt pre-period X => b approx 0

  characteristic                beta          se        t       p
  log_total_spend            +0.3006      0.1216    +2.47   0.013
  log_lab_spend              +0.2686      0.1184    +2.27   0.023
  n_cats                     +0.0048      0.0033    +1.46   0.144
  lab_share                  -1.1810      1.1982    -0.99   0.324
  top-10 |Rotemberg weight| markets:
    us fbs                                    alpha_k=+0.707  s_bar=0.0442  g=+0.4812
    chemiluminescent substrates               alpha_k=+0.115  s_bar=0.0226  g=+0.1540
    site-directed mutagenesis systems         alpha_k=-0.079  s_bar=0.0060  g=-0.3961
    first-strand cdna synthesis systems       alpha_k=+0.077  s_bar=0.0118  g=+0.1964
    pre-cast bis-tris gels                    alpha_k=+0.042  s_bar=0.0043  g=+0.2985
    cell culture dissociation reagents        alpha_k=+0.036  s_bar=0.0043  g=+0.2543
    column-based microbial dna purification kits  alpha_k=+0.034  s_bar=0.0027  g=+0.3817
    cell culture nutritional supplements - tryptone  alpha_k=+0.028  s_bar=0.0058  g=+0.1471
    column-based dna plasmid miniprep         alpha_k=+0.024  s_bar=0.0056  g=+0.1307
    rnase inhibitors                          alpha_k=-0.023  s_bar=0.0032  g=-0.2215
  ls filter (../../external/us_appended_text/author_ls_authors_indiv.csv): kept 1,462,984/1,860,867
  Saved ../../output/shock_balance_hc_ebp5k_lsa_k3.csv
  Saved ../../output/foia_self_exposure_hc_ebp5k_lsa_k3.csv  (shrunk anchor-level self exposure)
  Saved ../../output/final_imputed_shift_share_hc_ebp5k_lsa_k3.csv
  Saved ../../output/imputed_shares_matrix_hc_ebp5k_lsa_k3.npz  (universe x K_treated imputed share matrix)
  Saved ../../output/imputed_shares_markets_hc_ebp5k_lsa_k3.csv

==============================================================================
version=all   method=knn   tag=''
==============================================================================
Building FOIA share matrix S from ../../external/exposure_wts/athr_exposure_by_category_all.dta (version=all) ...
  S shape: (208, 46)  nnz: 1,414  density: 0.1478
  FOIA PIs with >=1 treated-market share: 208 / 208
  per-market coverage: min=3  p5=3  p50=27  p95=66  max=106

  --- EB shrinkage (alpha=$5,000, prior=peer) ---
  rows shrunk: 208/208  (T=0 rows left at zero)
  self-exposure sd across anchors: raw=0.0315  shrunk=0.0173  (retained 55%)
  own-data weight T/(T+alpha): p25=0.70  p50=0.87  p75=0.93
  largest self-exposure changes:
    A5087101891: +0.3466 -> +0.1284  (T=$2,640, own_wt=0.35)
    A5014945614: +0.1544 -> +0.0671  (T=$3,037, own_wt=0.38)
    A5009411980: -0.0753 -> -0.0148  (T=$2,272, own_wt=0.31)
    A5067529915: -0.0472 -> -0.0121  (T=$3,625, own_wt=0.42)
    A5023125790: +0.0389 -> +0.0125  (T=$97, own_wt=0.02)
Imputing shares  (method=knn)  ...
Aggregating: z_hat = S_hat @ g,  S_sum = rowsum(S_hat) ...
  effective number of shocks (BHJ-style): 15.70

  --- Exposure level comparison ---
  Self-imputed FOIA exposure (S @ g):
    n nonzero PIs: 208/208
    mean=+0.01160  sd=0.01727  med=+0.00667
  Universe imputed exposure (S_hat @ g):
    n nonzero authors: 1,783,003/1,860,867
    mean=+0.01295  sd=0.01215  med=+0.00912

--- Shock balance (Borusyak-Hull-Jaravel) ---
  Regression: g_k = a + b * X_bar_k + e,  weights = Sum_i s_ik
  H0: shocks are quasi-randomly assigned wrt pre-period X => b approx 0

  characteristic                beta          se        t       p
  log_total_spend            +0.1787      0.0787    +2.27   0.023
  log_lab_spend              +0.1625      0.0763    +2.13   0.033
  n_cats                     +0.0033      0.0022    +1.50   0.134
  lab_share                  -0.8649      0.8282    -1.04   0.296
  top-10 |Rotemberg weight| markets:
    us fbs                                    alpha_k=+0.664  s_bar=0.0171  g=+0.4812
    chemiluminescent substrates               alpha_k=+0.116  s_bar=0.0094  g=+0.1540
    first-strand cdna synthesis systems       alpha_k=+0.086  s_bar=0.0054  g=+0.1964
    site-directed mutagenesis systems         alpha_k=-0.071  s_bar=0.0022  g=-0.3961
    column-based microbial dna purification kits  alpha_k=+0.071  s_bar=0.0023  g=+0.3817
    pre-cast bis-tris gels                    alpha_k=+0.046  s_bar=0.0019  g=+0.2985
    cell culture dissociation reagents        alpha_k=+0.037  s_bar=0.0018  g=+0.2543
    rnase inhibitors                          alpha_k=-0.026  s_bar=0.0014  g=-0.2215
    cell culture nutritional supplements - tryptone  alpha_k=+0.025  s_bar=0.0021  g=+0.1471
    column-based gel dna extraction kits      alpha_k=-0.025  s_bar=0.0033  g=-0.0957
  ls filter (../../external/us_appended_text/author_ls_authors_indiv.csv): kept 1,462,984/1,860,867
  Saved ../../output/shock_balance_all_ebp5k_lsa_k3.csv
  Saved ../../output/foia_self_exposure_all_ebp5k_lsa_k3.csv  (shrunk anchor-level self exposure)
  Saved ../../output/final_imputed_shift_share_all_ebp5k_lsa_k3.csv
  Saved ../../output/imputed_shares_matrix_all_ebp5k_lsa_k3.npz  (universe x K_treated imputed share matrix)
  Saved ../../output/imputed_shares_markets_all_ebp5k_lsa_k3.csv

==============================================================================
version=treated_hc   method=knn   tag=''
==============================================================================
Building FOIA share matrix S from ../../external/exposure_wts/athr_exposure_by_category_treated_hc.dta (version=treated_hc) ...
  S shape: (208, 46)  nnz: 1,414  density: 0.1478
  FOIA PIs with >=1 treated-market share: 208 / 208
  per-market coverage: min=3  p5=3  p50=27  p95=66  max=106

  --- EB shrinkage (alpha=$5,000, prior=peer) ---
  rows shrunk: 208/208  (T=0 rows left at zero)
  self-exposure sd across anchors: raw=0.1314  shrunk=0.0511  (retained 39%)
  own-data weight T/(T+alpha): p25=0.12  p50=0.30  p75=0.54
  largest self-exposure changes:
    A5067529915: -0.3961 -> +0.0951  (T=$432, own_wt=0.08)
    A5009411980: -0.3961 -> +0.0917  (T=$432, own_wt=0.08)
    A5018983460: -0.3961 -> +0.0740  (T=$794, own_wt=0.14)
    A5064294448: -0.3564 -> -0.0208  (T=$2,312, own_wt=0.32)
    A5006559011: -0.1578 -> +0.1043  (T=$527, own_wt=0.10)
Imputing shares  (method=knn)  ...
Aggregating: z_hat = S_hat @ g,  S_sum = rowsum(S_hat) ...
  effective number of shocks (BHJ-style): 13.83

  --- Exposure level comparison ---
  Self-imputed FOIA exposure (S @ g):
    n nonzero PIs: 208/208
    mean=+0.12966  sd=0.05108  med=+0.12630
  Universe imputed exposure (S_hat @ g):
    n nonzero authors: 1,783,003/1,860,867
    mean=+0.13494  sd=0.03463  med=+0.13032

--- Shock balance (Borusyak-Hull-Jaravel) ---
  Regression: g_k = a + b * X_bar_k + e,  weights = Sum_i s_ik
  H0: shocks are quasi-randomly assigned wrt pre-period X => b approx 0

  characteristic                beta          se        t       p
  log_total_spend            +0.4661      0.3060    +1.52   0.128
  log_lab_spend              +0.3949      0.2916    +1.35   0.176
  n_cats                     +0.0018      0.0069    +0.27   0.789
  lab_share                  -1.1880      2.3475    -0.51   0.613
  top-10 |Rotemberg weight| markets:
    us fbs                                    alpha_k=+0.718  s_bar=0.1930  g=+0.4812
    chemiluminescent substrates               alpha_k=+0.117  s_bar=0.0981  g=+0.1540
    site-directed mutagenesis systems         alpha_k=-0.080  s_bar=0.0262  g=-0.3961
    first-strand cdna synthesis systems       alpha_k=+0.075  s_bar=0.0493  g=+0.1964
    pre-cast bis-tris gels                    alpha_k=+0.042  s_bar=0.0181  g=+0.2985
    cell culture nutritional supplements - tryptone  alpha_k=+0.030  s_bar=0.0265  g=+0.1471
    cell culture dissociation reagents        alpha_k=+0.026  s_bar=0.0133  g=+0.2543
    column-based dna plasmid miniprep         alpha_k=+0.025  s_bar=0.0246  g=+0.1307
    high-fidelity dna polymerase              alpha_k=+0.020  s_bar=0.0241  g=+0.1055
    unstained dna ladders                     alpha_k=-0.019  s_bar=0.0189  g=-0.1326
  ls filter (../../external/us_appended_text/author_ls_authors_indiv.csv): kept 1,462,984/1,860,867
  Saved ../../output/shock_balance_treated_hc_ebp5k_lsa_k3.csv
  Saved ../../output/foia_self_exposure_treated_hc_ebp5k_lsa_k3.csv  (shrunk anchor-level self exposure)
  Saved ../../output/final_imputed_shift_share_treated_hc_ebp5k_lsa_k3.csv
  Saved ../../output/imputed_shares_matrix_treated_hc_ebp5k_lsa_k3.npz  (universe x K_treated imputed share matrix)
  Saved ../../output/imputed_shares_markets_treated_hc_ebp5k_lsa_k3.csv

==============================================================================
Per-version shift-share imputation summary
==============================================================================
   version method  n_foia_with_shares  z_hat_mean_universe  z_hat_sd_universe  S_sum_mean_universe  S_sum_sd_universe  eff_n_shocks
        hc    knn                 208               0.0301             0.0206               0.2317             0.0765       14.9101
       all    knn                 208               0.0124             0.0122               0.0967             0.0418       15.7029
treated_hc    knn                 208               0.1293             0.0433               0.9582             0.2002       13.8323

Saved ../../output/shift_share_summary_ebp5k_lsa_k3.csv
Done!
Loading universe + FOIA id orders ...
Loading shocks from /n/holylabs/LABS/pakes_lab/Lab/sci_eq/analysis/first_stage/output/did_coefs_eb_price.dta ...
  markets with shocks: 46
  g_k stats: mean=0.0669  sd=0.1804  min=-0.3961  max=0.7120
Loading W (tag='', k=3) ...
  W shape: (1860867, 208)  nnz: 5,011,841
  W rows with any weight: 1,783,003/1,860,867
  W row-sum stats (nonzero rows): mean=1.0000  p5=1.0000  p95=1.0000
Computing FOIA pre-period characteristics ...

==============================================================================
version=hc   method=knn   tag=''
==============================================================================
Building FOIA share matrix S from ../../external/exposure_wts/athr_exposure_by_category_hc.dta (version=hc) ...
  S shape: (208, 46)  nnz: 1,414  density: 0.1478
  FOIA PIs with >=1 treated-market share: 208 / 208
  per-market coverage: min=3  p5=3  p50=27  p95=66  max=106

  --- EB shrinkage (alpha=$5,000, prior=peer) ---
  rows shrunk: 208/208  (T=0 rows left at zero)
  self-exposure sd across anchors: raw=0.0563  shrunk=0.0306  (retained 54%)
  own-data weight T/(T+alpha): p25=0.47  p50=0.71  p75=0.85
  largest self-exposure changes:
    A5009411980: -0.2589 -> -0.0021  (T=$661, own_wt=0.12)
    A5087101891: +0.3817 -> +0.1460  (T=$2,397, own_wt=0.32)
    A5014945614: +0.2768 -> +0.0964  (T=$1,694, own_wt=0.25)
    A5067529915: -0.1451 -> -0.0007  (T=$1,179, own_wt=0.19)
    A5006559011: -0.0819 -> +0.0125  (T=$1,014, own_wt=0.17)
Imputing shares  (method=knn)  ...
Aggregating: z_hat = S_hat @ g,  S_sum = rowsum(S_hat) ...
  effective number of shocks (BHJ-style): 14.91

  --- Exposure level comparison ---
  Self-imputed FOIA exposure (S @ g):
    n nonzero PIs: 208/208
    mean=+0.02969  sd=0.03065  med=+0.02211
  Universe imputed exposure (S_hat @ g):
    n nonzero authors: 1,783,003/1,860,867
    mean=+0.03144  sd=0.02004  med=+0.02532

--- Shock balance (Borusyak-Hull-Jaravel) ---
  Regression: g_k = a + b * X_bar_k + e,  weights = Sum_i s_ik
  H0: shocks are quasi-randomly assigned wrt pre-period X => b approx 0

  characteristic                beta          se        t       p
  log_total_spend            +0.3006      0.1216    +2.47   0.013
  log_lab_spend              +0.2686      0.1184    +2.27   0.023
  n_cats                     +0.0048      0.0033    +1.46   0.144
  lab_share                  -1.1810      1.1982    -0.99   0.324
  top-10 |Rotemberg weight| markets:
    us fbs                                    alpha_k=+0.707  s_bar=0.0442  g=+0.4812
    chemiluminescent substrates               alpha_k=+0.115  s_bar=0.0226  g=+0.1540
    site-directed mutagenesis systems         alpha_k=-0.079  s_bar=0.0060  g=-0.3961
    first-strand cdna synthesis systems       alpha_k=+0.077  s_bar=0.0118  g=+0.1964
    pre-cast bis-tris gels                    alpha_k=+0.042  s_bar=0.0043  g=+0.2985
    cell culture dissociation reagents        alpha_k=+0.036  s_bar=0.0043  g=+0.2543
    column-based microbial dna purification kits  alpha_k=+0.034  s_bar=0.0027  g=+0.3817
    cell culture nutritional supplements - tryptone  alpha_k=+0.028  s_bar=0.0058  g=+0.1471
    column-based dna plasmid miniprep         alpha_k=+0.024  s_bar=0.0056  g=+0.1307
    rnase inhibitors                          alpha_k=-0.023  s_bar=0.0032  g=-0.2215
  cluster filter (../../external/us_appended_text/author_static_clusters_30.csv, min-foia-per-cluster=1): kept 1,613,853/1,860,867
  ls filter (../../external/us_appended_text/author_ls_authors_indiv.csv): kept 1,320,966/1,613,853
  Saved ../../output/shock_balance_hc_ebp5k_cf_lsa_k3.csv
  Saved ../../output/foia_self_exposure_hc_ebp5k_cf_lsa_k3.csv  (shrunk anchor-level self exposure)
  Saved ../../output/final_imputed_shift_share_hc_ebp5k_cf_lsa_k3.csv
  Saved ../../output/imputed_shares_matrix_hc_ebp5k_cf_lsa_k3.npz  (universe x K_treated imputed share matrix)
  Saved ../../output/imputed_shares_markets_hc_ebp5k_cf_lsa_k3.csv

==============================================================================
version=all   method=knn   tag=''
==============================================================================
Building FOIA share matrix S from ../../external/exposure_wts/athr_exposure_by_category_all.dta (version=all) ...
  S shape: (208, 46)  nnz: 1,414  density: 0.1478
  FOIA PIs with >=1 treated-market share: 208 / 208
  per-market coverage: min=3  p5=3  p50=27  p95=66  max=106

  --- EB shrinkage (alpha=$5,000, prior=peer) ---
  rows shrunk: 208/208  (T=0 rows left at zero)
  self-exposure sd across anchors: raw=0.0315  shrunk=0.0173  (retained 55%)
  own-data weight T/(T+alpha): p25=0.70  p50=0.87  p75=0.93
  largest self-exposure changes:
    A5087101891: +0.3466 -> +0.1284  (T=$2,640, own_wt=0.35)
    A5014945614: +0.1544 -> +0.0671  (T=$3,037, own_wt=0.38)
    A5009411980: -0.0753 -> -0.0148  (T=$2,272, own_wt=0.31)
    A5067529915: -0.0472 -> -0.0121  (T=$3,625, own_wt=0.42)
    A5023125790: +0.0389 -> +0.0125  (T=$97, own_wt=0.02)
Imputing shares  (method=knn)  ...
Aggregating: z_hat = S_hat @ g,  S_sum = rowsum(S_hat) ...
  effective number of shocks (BHJ-style): 15.70

  --- Exposure level comparison ---
  Self-imputed FOIA exposure (S @ g):
    n nonzero PIs: 208/208
    mean=+0.01160  sd=0.01727  med=+0.00667
  Universe imputed exposure (S_hat @ g):
    n nonzero authors: 1,783,003/1,860,867
    mean=+0.01295  sd=0.01215  med=+0.00912

--- Shock balance (Borusyak-Hull-Jaravel) ---
  Regression: g_k = a + b * X_bar_k + e,  weights = Sum_i s_ik
  H0: shocks are quasi-randomly assigned wrt pre-period X => b approx 0

  characteristic                beta          se        t       p
  log_total_spend            +0.1787      0.0787    +2.27   0.023
  log_lab_spend              +0.1625      0.0763    +2.13   0.033
  n_cats                     +0.0033      0.0022    +1.50   0.134
  lab_share                  -0.8649      0.8282    -1.04   0.296
  top-10 |Rotemberg weight| markets:
    us fbs                                    alpha_k=+0.664  s_bar=0.0171  g=+0.4812
    chemiluminescent substrates               alpha_k=+0.116  s_bar=0.0094  g=+0.1540
    first-strand cdna synthesis systems       alpha_k=+0.086  s_bar=0.0054  g=+0.1964
    site-directed mutagenesis systems         alpha_k=-0.071  s_bar=0.0022  g=-0.3961
    column-based microbial dna purification kits  alpha_k=+0.071  s_bar=0.0023  g=+0.3817
    pre-cast bis-tris gels                    alpha_k=+0.046  s_bar=0.0019  g=+0.2985
    cell culture dissociation reagents        alpha_k=+0.037  s_bar=0.0018  g=+0.2543
    rnase inhibitors                          alpha_k=-0.026  s_bar=0.0014  g=-0.2215
    cell culture nutritional supplements - tryptone  alpha_k=+0.025  s_bar=0.0021  g=+0.1471
    column-based gel dna extraction kits      alpha_k=-0.025  s_bar=0.0033  g=-0.0957
  cluster filter (../../external/us_appended_text/author_static_clusters_30.csv, min-foia-per-cluster=1): kept 1,613,853/1,860,867
  ls filter (../../external/us_appended_text/author_ls_authors_indiv.csv): kept 1,320,966/1,613,853
  Saved ../../output/shock_balance_all_ebp5k_cf_lsa_k3.csv
  Saved ../../output/foia_self_exposure_all_ebp5k_cf_lsa_k3.csv  (shrunk anchor-level self exposure)
  Saved ../../output/final_imputed_shift_share_all_ebp5k_cf_lsa_k3.csv
  Saved ../../output/imputed_shares_matrix_all_ebp5k_cf_lsa_k3.npz  (universe x K_treated imputed share matrix)
  Saved ../../output/imputed_shares_markets_all_ebp5k_cf_lsa_k3.csv

==============================================================================
version=treated_hc   method=knn   tag=''
==============================================================================
Building FOIA share matrix S from ../../external/exposure_wts/athr_exposure_by_category_treated_hc.dta (version=treated_hc) ...
  S shape: (208, 46)  nnz: 1,414  density: 0.1478
  FOIA PIs with >=1 treated-market share: 208 / 208
  per-market coverage: min=3  p5=3  p50=27  p95=66  max=106

  --- EB shrinkage (alpha=$5,000, prior=peer) ---
  rows shrunk: 208/208  (T=0 rows left at zero)
  self-exposure sd across anchors: raw=0.1314  shrunk=0.0511  (retained 39%)
  own-data weight T/(T+alpha): p25=0.12  p50=0.30  p75=0.54
  largest self-exposure changes:
    A5067529915: -0.3961 -> +0.0951  (T=$432, own_wt=0.08)
    A5009411980: -0.3961 -> +0.0917  (T=$432, own_wt=0.08)
    A5018983460: -0.3961 -> +0.0740  (T=$794, own_wt=0.14)
    A5064294448: -0.3564 -> -0.0208  (T=$2,312, own_wt=0.32)
    A5006559011: -0.1578 -> +0.1043  (T=$527, own_wt=0.10)
Imputing shares  (method=knn)  ...
Aggregating: z_hat = S_hat @ g,  S_sum = rowsum(S_hat) ...
  effective number of shocks (BHJ-style): 13.83

  --- Exposure level comparison ---
  Self-imputed FOIA exposure (S @ g):
    n nonzero PIs: 208/208
    mean=+0.12966  sd=0.05108  med=+0.12630
  Universe imputed exposure (S_hat @ g):
    n nonzero authors: 1,783,003/1,860,867
    mean=+0.13494  sd=0.03463  med=+0.13032

--- Shock balance (Borusyak-Hull-Jaravel) ---
  Regression: g_k = a + b * X_bar_k + e,  weights = Sum_i s_ik
  H0: shocks are quasi-randomly assigned wrt pre-period X => b approx 0

  characteristic                beta          se        t       p
  log_total_spend            +0.4661      0.3060    +1.52   0.128
  log_lab_spend              +0.3949      0.2916    +1.35   0.176
  n_cats                     +0.0018      0.0069    +0.27   0.789
  lab_share                  -1.1880      2.3475    -0.51   0.613
  top-10 |Rotemberg weight| markets:
    us fbs                                    alpha_k=+0.718  s_bar=0.1930  g=+0.4812
    chemiluminescent substrates               alpha_k=+0.117  s_bar=0.0981  g=+0.1540
    site-directed mutagenesis systems         alpha_k=-0.080  s_bar=0.0262  g=-0.3961
    first-strand cdna synthesis systems       alpha_k=+0.075  s_bar=0.0493  g=+0.1964
    pre-cast bis-tris gels                    alpha_k=+0.042  s_bar=0.0181  g=+0.2985
    cell culture nutritional supplements - tryptone  alpha_k=+0.030  s_bar=0.0265  g=+0.1471
    cell culture dissociation reagents        alpha_k=+0.026  s_bar=0.0133  g=+0.2543
    column-based dna plasmid miniprep         alpha_k=+0.025  s_bar=0.0246  g=+0.1307
    high-fidelity dna polymerase              alpha_k=+0.020  s_bar=0.0241  g=+0.1055
    unstained dna ladders                     alpha_k=-0.019  s_bar=0.0189  g=-0.1326
  cluster filter (../../external/us_appended_text/author_static_clusters_30.csv, min-foia-per-cluster=1): kept 1,613,853/1,860,867
  ls filter (../../external/us_appended_text/author_ls_authors_indiv.csv): kept 1,320,966/1,613,853
  Saved ../../output/shock_balance_treated_hc_ebp5k_cf_lsa_k3.csv
  Saved ../../output/foia_self_exposure_treated_hc_ebp5k_cf_lsa_k3.csv  (shrunk anchor-level self exposure)
  Saved ../../output/final_imputed_shift_share_treated_hc_ebp5k_cf_lsa_k3.csv
  Saved ../../output/imputed_shares_matrix_treated_hc_ebp5k_cf_lsa_k3.npz  (universe x K_treated imputed share matrix)
  Saved ../../output/imputed_shares_markets_treated_hc_ebp5k_cf_lsa_k3.csv

==============================================================================
Per-version shift-share imputation summary
==============================================================================
   version method  n_foia_with_shares  z_hat_mean_universe  z_hat_sd_universe  S_sum_mean_universe  S_sum_sd_universe  eff_n_shocks
        hc    knn                 208               0.0301             0.0206               0.2317             0.0765       14.9101
       all    knn                 208               0.0124             0.0122               0.0967             0.0418       15.7029
treated_hc    knn                 208               0.1293             0.0433               0.9582             0.2002       13.8323

Saved ../../output/shift_share_summary_ebp5k_cf_lsa_k3.csv
Done!
Loading universe + FOIA id orders ...
Loading shocks from /n/holylabs/LABS/pakes_lab/Lab/sci_eq/analysis/first_stage/output/did_coefs_eb_price.dta ...
  markets with shocks: 46
  g_k stats: mean=0.0669  sd=0.1804  min=-0.3961  max=0.7120
Loading W (tag='', k=3) ...
  W shape: (1860867, 208)  nnz: 5,011,841
  W rows with any weight: 1,783,003/1,860,867
  W row-sum stats (nonzero rows): mean=1.0000  p5=1.0000  p95=1.0000
Computing FOIA pre-period characteristics ...

==============================================================================
version=hc   method=knn   tag=''
==============================================================================
Building FOIA share matrix S from ../../external/exposure_wts/athr_exposure_by_category_hc.dta (version=hc) ...
  S shape: (208, 46)  nnz: 1,414  density: 0.1478
  FOIA PIs with >=1 treated-market share: 208 / 208
  per-market coverage: min=3  p5=3  p50=27  p95=66  max=106

  --- EB shrinkage (alpha=$5,000, prior=cluster) ---
  rows shrunk: 208/208  (T=0 rows left at zero)
  self-exposure sd across anchors: raw=0.0563  shrunk=0.0327  (retained 58%)
  own-data weight T/(T+alpha): p25=0.47  p50=0.71  p75=0.85
  largest self-exposure changes:
    A5087101891: +0.3817 -> +0.1386  (T=$2,397, own_wt=0.32)
    A5009411980: -0.2589 -> -0.0223  (T=$661, own_wt=0.12)
    A5014945614: +0.2768 -> +0.0811  (T=$1,694, own_wt=0.25)
    A5067529915: -0.1451 -> -0.0205  (T=$1,179, own_wt=0.19)
    A5006559011: -0.0819 -> +0.0271  (T=$1,014, own_wt=0.17)
Imputing shares  (method=knn)  ...
Aggregating: z_hat = S_hat @ g,  S_sum = rowsum(S_hat) ...
  effective number of shocks (BHJ-style): 16.30

  --- Exposure level comparison ---
  Self-imputed FOIA exposure (S @ g):
    n nonzero PIs: 208/208
    mean=+0.02768  sd=0.03274  med=+0.01821
  Universe imputed exposure (S_hat @ g):
    n nonzero authors: 1,783,003/1,860,867
    mean=+0.02938  sd=0.02184  med=+0.02335

--- Shock balance (Borusyak-Hull-Jaravel) ---
  Regression: g_k = a + b * X_bar_k + e,  weights = Sum_i s_ik
  H0: shocks are quasi-randomly assigned wrt pre-period X => b approx 0

  characteristic                beta          se        t       p
  log_total_spend            +0.2878      0.0876    +3.28   0.001
  log_lab_spend              +0.2585      0.0869    +2.97   0.003
  n_cats                     +0.0054      0.0025    +2.14   0.032
  lab_share                  -1.1203      1.0654    -1.05   0.293
  top-10 |Rotemberg weight| markets:
    us fbs                                    alpha_k=+0.695  s_bar=0.0406  g=+0.4812
    chemiluminescent substrates               alpha_k=+0.113  s_bar=0.0206  g=+0.1540
    site-directed mutagenesis systems         alpha_k=-0.083  s_bar=0.0059  g=-0.3961
    first-strand cdna synthesis systems       alpha_k=+0.074  s_bar=0.0105  g=+0.1964
    pre-cast bis-tris gels                    alpha_k=+0.045  s_bar=0.0043  g=+0.2985
    cell culture dissociation reagents        alpha_k=+0.042  s_bar=0.0046  g=+0.2543
    column-based microbial dna purification kits  alpha_k=+0.037  s_bar=0.0027  g=+0.3817
    column-based dna plasmid miniprep         alpha_k=+0.031  s_bar=0.0068  g=+0.1307
    rnase inhibitors                          alpha_k=-0.028  s_bar=0.0036  g=-0.2215
    cell culture nutritional supplements - tryptone  alpha_k=+0.026  s_bar=0.0049  g=+0.1471
  ls filter (../../external/us_appended_text/author_ls_authors_indiv.csv): kept 1,462,984/1,860,867
  Saved ../../output/shock_balance_hc_ebc5k_lsa_k3.csv
  Saved ../../output/foia_self_exposure_hc_ebc5k_lsa_k3.csv  (shrunk anchor-level self exposure)
  Saved ../../output/final_imputed_shift_share_hc_ebc5k_lsa_k3.csv
  Saved ../../output/imputed_shares_matrix_hc_ebc5k_lsa_k3.npz  (universe x K_treated imputed share matrix)
  Saved ../../output/imputed_shares_markets_hc_ebc5k_lsa_k3.csv

==============================================================================
version=all   method=knn   tag=''
==============================================================================
Building FOIA share matrix S from ../../external/exposure_wts/athr_exposure_by_category_all.dta (version=all) ...
  S shape: (208, 46)  nnz: 1,414  density: 0.1478
  FOIA PIs with >=1 treated-market share: 208 / 208
  per-market coverage: min=3  p5=3  p50=27  p95=66  max=106

  --- EB shrinkage (alpha=$5,000, prior=cluster) ---
  rows shrunk: 208/208  (T=0 rows left at zero)
  self-exposure sd across anchors: raw=0.0315  shrunk=0.0176  (retained 56%)
  own-data weight T/(T+alpha): p25=0.70  p50=0.87  p75=0.93
  largest self-exposure changes:
    A5087101891: +0.3466 -> +0.1263  (T=$2,640, own_wt=0.35)
    A5014945614: +0.1544 -> +0.0617  (T=$3,037, own_wt=0.38)
    A5009411980: -0.0753 -> -0.0215  (T=$2,272, own_wt=0.31)
    A5023125790: +0.0389 -> +0.0034  (T=$97, own_wt=0.02)
    A5067529915: -0.0472 -> -0.0182  (T=$3,625, own_wt=0.42)
Imputing shares  (method=knn)  ...
Aggregating: z_hat = S_hat @ g,  S_sum = rowsum(S_hat) ...
  effective number of shocks (BHJ-style): 16.83

  --- Exposure level comparison ---
  Self-imputed FOIA exposure (S @ g):
    n nonzero PIs: 208/208
    mean=+0.01112  sd=0.01765  med=+0.00547
  Universe imputed exposure (S_hat @ g):
    n nonzero authors: 1,783,003/1,860,867
    mean=+0.01250  sd=0.01255  med=+0.00846

--- Shock balance (Borusyak-Hull-Jaravel) ---
  Regression: g_k = a + b * X_bar_k + e,  weights = Sum_i s_ik
  H0: shocks are quasi-randomly assigned wrt pre-period X => b approx 0

  characteristic                beta          se        t       p
  log_total_spend            +0.1846      0.0670    +2.75   0.006
  log_lab_spend              +0.1641      0.0658    +2.49   0.013
  n_cats                     +0.0036      0.0019    +1.87   0.061
  lab_share                  -1.0255      0.7778    -1.32   0.187
  top-10 |Rotemberg weight| markets:
    us fbs                                    alpha_k=+0.649  s_bar=0.0162  g=+0.4812
    chemiluminescent substrates               alpha_k=+0.115  s_bar=0.0090  g=+0.1540
    first-strand cdna synthesis systems       alpha_k=+0.083  s_bar=0.0051  g=+0.1964
    column-based microbial dna purification kits  alpha_k=+0.074  s_bar=0.0023  g=+0.3817
    site-directed mutagenesis systems         alpha_k=-0.072  s_bar=0.0022  g=-0.3961
    pre-cast bis-tris gels                    alpha_k=+0.048  s_bar=0.0019  g=+0.2985
    cell culture dissociation reagents        alpha_k=+0.040  s_bar=0.0019  g=+0.2543
    column-based dna plasmid miniprep         alpha_k=+0.033  s_bar=0.0030  g=+0.1307
    rnase inhibitors                          alpha_k=-0.029  s_bar=0.0016  g=-0.2215
    column-based gel dna extraction kits      alpha_k=-0.027  s_bar=0.0034  g=-0.0957
  ls filter (../../external/us_appended_text/author_ls_authors_indiv.csv): kept 1,462,984/1,860,867
  Saved ../../output/shock_balance_all_ebc5k_lsa_k3.csv
  Saved ../../output/foia_self_exposure_all_ebc5k_lsa_k3.csv  (shrunk anchor-level self exposure)
  Saved ../../output/final_imputed_shift_share_all_ebc5k_lsa_k3.csv
  Saved ../../output/imputed_shares_matrix_all_ebc5k_lsa_k3.npz  (universe x K_treated imputed share matrix)
  Saved ../../output/imputed_shares_markets_all_ebc5k_lsa_k3.csv

==============================================================================
version=treated_hc   method=knn   tag=''
==============================================================================
Building FOIA share matrix S from ../../external/exposure_wts/athr_exposure_by_category_treated_hc.dta (version=treated_hc) ...
  S shape: (208, 46)  nnz: 1,414  density: 0.1478
  FOIA PIs with >=1 treated-market share: 208 / 208
  per-market coverage: min=3  p5=3  p50=27  p95=66  max=106

  --- EB shrinkage (alpha=$5,000, prior=cluster) ---
  rows shrunk: 208/208  (T=0 rows left at zero)
  self-exposure sd across anchors: raw=0.1314  shrunk=0.0701  (retained 53%)
  own-data weight T/(T+alpha): p25=0.12  p50=0.30  p75=0.54
  largest self-exposure changes:
    A5009411980: -0.3961 -> +0.0276  (T=$432, own_wt=0.08)
    A5067529915: -0.3961 -> +0.0276  (T=$432, own_wt=0.08)
    A5018983460: -0.3961 -> -0.0289  (T=$794, own_wt=0.14)
    A5064294448: -0.3564 -> -0.0577  (T=$2,312, own_wt=0.32)
    A5006559011: -0.1578 -> +0.1386  (T=$527, own_wt=0.10)
Imputing shares  (method=knn)  ...
Aggregating: z_hat = S_hat @ g,  S_sum = rowsum(S_hat) ...
  effective number of shocks (BHJ-style): 15.31

  --- Exposure level comparison ---
  Self-imputed FOIA exposure (S @ g):
    n nonzero PIs: 208/208
    mean=+0.11691  sd=0.07009  med=+0.11840
  Universe imputed exposure (S_hat @ g):
    n nonzero authors: 1,783,003/1,860,867
    mean=+0.12379  sd=0.04926  med=+0.12087

--- Shock balance (Borusyak-Hull-Jaravel) ---
  Regression: g_k = a + b * X_bar_k + e,  weights = Sum_i s_ik
  H0: shocks are quasi-randomly assigned wrt pre-period X => b approx 0

  characteristic                beta          se        t       p
  log_total_spend            +0.4697      0.1464    +3.21   0.001
  log_lab_spend              +0.4438      0.1446    +3.07   0.002
  n_cats                     +0.0075      0.0042    +1.78   0.074
  lab_share                  +0.1038      1.7789    +0.06   0.953
  top-10 |Rotemberg weight| markets:
    us fbs                                    alpha_k=+0.714  s_bar=0.1760  g=+0.4812
    chemiluminescent substrates               alpha_k=+0.118  s_bar=0.0907  g=+0.1540
    site-directed mutagenesis systems         alpha_k=-0.092  s_bar=0.0275  g=-0.3961
    first-strand cdna synthesis systems       alpha_k=+0.074  s_bar=0.0444  g=+0.1964
    pre-cast bis-tris gels                    alpha_k=+0.045  s_bar=0.0181  g=+0.2985
    column-based dna plasmid miniprep         alpha_k=+0.033  s_bar=0.0296  g=+0.1307
    cell culture dissociation reagents        alpha_k=+0.028  s_bar=0.0129  g=+0.2543
    cell culture nutritional supplements - tryptone  alpha_k=+0.027  s_bar=0.0218  g=+0.1471
    rnase inhibitors                          alpha_k=-0.025  s_bar=0.0135  g=-0.2215
    high-fidelity dna polymerase              alpha_k=+0.024  s_bar=0.0265  g=+0.1055
  ls filter (../../external/us_appended_text/author_ls_authors_indiv.csv): kept 1,462,984/1,860,867
  Saved ../../output/shock_balance_treated_hc_ebc5k_lsa_k3.csv
  Saved ../../output/foia_self_exposure_treated_hc_ebc5k_lsa_k3.csv  (shrunk anchor-level self exposure)
  Saved ../../output/final_imputed_shift_share_treated_hc_ebc5k_lsa_k3.csv
  Saved ../../output/imputed_shares_matrix_treated_hc_ebc5k_lsa_k3.npz  (universe x K_treated imputed share matrix)
  Saved ../../output/imputed_shares_markets_treated_hc_ebc5k_lsa_k3.csv

==============================================================================
Per-version shift-share imputation summary
==============================================================================
   version method  n_foia_with_shares  z_hat_mean_universe  z_hat_sd_universe  S_sum_mean_universe  S_sum_sd_universe  eff_n_shocks
        hc    knn                 208               0.0281             0.0222               0.2325             0.0811       16.3039
       all    knn                 208               0.0120             0.0125               0.0992             0.0451       16.8327
treated_hc    knn                 208               0.1186             0.0542               0.9582             0.2002       15.3134

Saved ../../output/shift_share_summary_ebc5k_lsa_k3.csv
Done!
Loading universe + FOIA id orders ...
Loading shocks from /n/holylabs/LABS/pakes_lab/Lab/sci_eq/analysis/first_stage/output/did_coefs_eb_price.dta ...
  markets with shocks: 46
  g_k stats: mean=0.0669  sd=0.1804  min=-0.3961  max=0.7120
Loading W (tag='', k=3) ...
  W shape: (1860867, 208)  nnz: 5,011,841
  W rows with any weight: 1,783,003/1,860,867
  W row-sum stats (nonzero rows): mean=1.0000  p5=1.0000  p95=1.0000
Computing FOIA pre-period characteristics ...

==============================================================================
version=hc   method=knn   tag=''
==============================================================================
Building FOIA share matrix S from ../../external/exposure_wts/athr_exposure_by_category_hc.dta (version=hc) ...
  S shape: (208, 46)  nnz: 1,414  density: 0.1478
  FOIA PIs with >=1 treated-market share: 208 / 208
  per-market coverage: min=3  p5=3  p50=27  p95=66  max=106

  --- EB shrinkage (alpha=$5,000, prior=cluster) ---
  rows shrunk: 208/208  (T=0 rows left at zero)
  self-exposure sd across anchors: raw=0.0563  shrunk=0.0327  (retained 58%)
  own-data weight T/(T+alpha): p25=0.47  p50=0.71  p75=0.85
  largest self-exposure changes:
    A5087101891: +0.3817 -> +0.1386  (T=$2,397, own_wt=0.32)
    A5009411980: -0.2589 -> -0.0223  (T=$661, own_wt=0.12)
    A5014945614: +0.2768 -> +0.0811  (T=$1,694, own_wt=0.25)
    A5067529915: -0.1451 -> -0.0205  (T=$1,179, own_wt=0.19)
    A5006559011: -0.0819 -> +0.0271  (T=$1,014, own_wt=0.17)
Imputing shares  (method=knn)  ...
Aggregating: z_hat = S_hat @ g,  S_sum = rowsum(S_hat) ...
  effective number of shocks (BHJ-style): 16.30

  --- Exposure level comparison ---
  Self-imputed FOIA exposure (S @ g):
    n nonzero PIs: 208/208
    mean=+0.02768  sd=0.03274  med=+0.01821
  Universe imputed exposure (S_hat @ g):
    n nonzero authors: 1,783,003/1,860,867
    mean=+0.02938  sd=0.02184  med=+0.02335

--- Shock balance (Borusyak-Hull-Jaravel) ---
  Regression: g_k = a + b * X_bar_k + e,  weights = Sum_i s_ik
  H0: shocks are quasi-randomly assigned wrt pre-period X => b approx 0

  characteristic                beta          se        t       p
  log_total_spend            +0.2878      0.0876    +3.28   0.001
  log_lab_spend              +0.2585      0.0869    +2.97   0.003
  n_cats                     +0.0054      0.0025    +2.14   0.032
  lab_share                  -1.1203      1.0654    -1.05   0.293
  top-10 |Rotemberg weight| markets:
    us fbs                                    alpha_k=+0.695  s_bar=0.0406  g=+0.4812
    chemiluminescent substrates               alpha_k=+0.113  s_bar=0.0206  g=+0.1540
    site-directed mutagenesis systems         alpha_k=-0.083  s_bar=0.0059  g=-0.3961
    first-strand cdna synthesis systems       alpha_k=+0.074  s_bar=0.0105  g=+0.1964
    pre-cast bis-tris gels                    alpha_k=+0.045  s_bar=0.0043  g=+0.2985
    cell culture dissociation reagents        alpha_k=+0.042  s_bar=0.0046  g=+0.2543
    column-based microbial dna purification kits  alpha_k=+0.037  s_bar=0.0027  g=+0.3817
    column-based dna plasmid miniprep         alpha_k=+0.031  s_bar=0.0068  g=+0.1307
    rnase inhibitors                          alpha_k=-0.028  s_bar=0.0036  g=-0.2215
    cell culture nutritional supplements - tryptone  alpha_k=+0.026  s_bar=0.0049  g=+0.1471
  cluster filter (../../external/us_appended_text/author_static_clusters_30.csv, min-foia-per-cluster=1): kept 1,613,853/1,860,867
  ls filter (../../external/us_appended_text/author_ls_authors_indiv.csv): kept 1,320,966/1,613,853
  Saved ../../output/shock_balance_hc_ebc5k_cf_lsa_k3.csv
  Saved ../../output/foia_self_exposure_hc_ebc5k_cf_lsa_k3.csv  (shrunk anchor-level self exposure)
  Saved ../../output/final_imputed_shift_share_hc_ebc5k_cf_lsa_k3.csv
  Saved ../../output/imputed_shares_matrix_hc_ebc5k_cf_lsa_k3.npz  (universe x K_treated imputed share matrix)
  Saved ../../output/imputed_shares_markets_hc_ebc5k_cf_lsa_k3.csv

==============================================================================
version=all   method=knn   tag=''
==============================================================================
Building FOIA share matrix S from ../../external/exposure_wts/athr_exposure_by_category_all.dta (version=all) ...
  S shape: (208, 46)  nnz: 1,414  density: 0.1478
  FOIA PIs with >=1 treated-market share: 208 / 208
  per-market coverage: min=3  p5=3  p50=27  p95=66  max=106

  --- EB shrinkage (alpha=$5,000, prior=cluster) ---
  rows shrunk: 208/208  (T=0 rows left at zero)
  self-exposure sd across anchors: raw=0.0315  shrunk=0.0176  (retained 56%)
  own-data weight T/(T+alpha): p25=0.70  p50=0.87  p75=0.93
  largest self-exposure changes:
    A5087101891: +0.3466 -> +0.1263  (T=$2,640, own_wt=0.35)
    A5014945614: +0.1544 -> +0.0617  (T=$3,037, own_wt=0.38)
    A5009411980: -0.0753 -> -0.0215  (T=$2,272, own_wt=0.31)
    A5023125790: +0.0389 -> +0.0034  (T=$97, own_wt=0.02)
    A5067529915: -0.0472 -> -0.0182  (T=$3,625, own_wt=0.42)
Imputing shares  (method=knn)  ...
Aggregating: z_hat = S_hat @ g,  S_sum = rowsum(S_hat) ...
  effective number of shocks (BHJ-style): 16.83

  --- Exposure level comparison ---
  Self-imputed FOIA exposure (S @ g):
    n nonzero PIs: 208/208
    mean=+0.01112  sd=0.01765  med=+0.00547
  Universe imputed exposure (S_hat @ g):
    n nonzero authors: 1,783,003/1,860,867
    mean=+0.01250  sd=0.01255  med=+0.00846

--- Shock balance (Borusyak-Hull-Jaravel) ---
  Regression: g_k = a + b * X_bar_k + e,  weights = Sum_i s_ik
  H0: shocks are quasi-randomly assigned wrt pre-period X => b approx 0

  characteristic                beta          se        t       p
  log_total_spend            +0.1846      0.0670    +2.75   0.006
  log_lab_spend              +0.1641      0.0658    +2.49   0.013
  n_cats                     +0.0036      0.0019    +1.87   0.061
  lab_share                  -1.0255      0.7778    -1.32   0.187
  top-10 |Rotemberg weight| markets:
    us fbs                                    alpha_k=+0.649  s_bar=0.0162  g=+0.4812
    chemiluminescent substrates               alpha_k=+0.115  s_bar=0.0090  g=+0.1540
    first-strand cdna synthesis systems       alpha_k=+0.083  s_bar=0.0051  g=+0.1964
    column-based microbial dna purification kits  alpha_k=+0.074  s_bar=0.0023  g=+0.3817
    site-directed mutagenesis systems         alpha_k=-0.072  s_bar=0.0022  g=-0.3961
    pre-cast bis-tris gels                    alpha_k=+0.048  s_bar=0.0019  g=+0.2985
    cell culture dissociation reagents        alpha_k=+0.040  s_bar=0.0019  g=+0.2543
    column-based dna plasmid miniprep         alpha_k=+0.033  s_bar=0.0030  g=+0.1307
    rnase inhibitors                          alpha_k=-0.029  s_bar=0.0016  g=-0.2215
    column-based gel dna extraction kits      alpha_k=-0.027  s_bar=0.0034  g=-0.0957
  cluster filter (../../external/us_appended_text/author_static_clusters_30.csv, min-foia-per-cluster=1): kept 1,613,853/1,860,867
  ls filter (../../external/us_appended_text/author_ls_authors_indiv.csv): kept 1,320,966/1,613,853
  Saved ../../output/shock_balance_all_ebc5k_cf_lsa_k3.csv
  Saved ../../output/foia_self_exposure_all_ebc5k_cf_lsa_k3.csv  (shrunk anchor-level self exposure)
  Saved ../../output/final_imputed_shift_share_all_ebc5k_cf_lsa_k3.csv
  Saved ../../output/imputed_shares_matrix_all_ebc5k_cf_lsa_k3.npz  (universe x K_treated imputed share matrix)
  Saved ../../output/imputed_shares_markets_all_ebc5k_cf_lsa_k3.csv

==============================================================================
version=treated_hc   method=knn   tag=''
==============================================================================
Building FOIA share matrix S from ../../external/exposure_wts/athr_exposure_by_category_treated_hc.dta (version=treated_hc) ...
  S shape: (208, 46)  nnz: 1,414  density: 0.1478
  FOIA PIs with >=1 treated-market share: 208 / 208
  per-market coverage: min=3  p5=3  p50=27  p95=66  max=106

  --- EB shrinkage (alpha=$5,000, prior=cluster) ---
  rows shrunk: 208/208  (T=0 rows left at zero)
  self-exposure sd across anchors: raw=0.1314  shrunk=0.0701  (retained 53%)
  own-data weight T/(T+alpha): p25=0.12  p50=0.30  p75=0.54
  largest self-exposure changes:
    A5009411980: -0.3961 -> +0.0276  (T=$432, own_wt=0.08)
    A5067529915: -0.3961 -> +0.0276  (T=$432, own_wt=0.08)
    A5018983460: -0.3961 -> -0.0289  (T=$794, own_wt=0.14)
    A5064294448: -0.3564 -> -0.0577  (T=$2,312, own_wt=0.32)
    A5006559011: -0.1578 -> +0.1386  (T=$527, own_wt=0.10)
Imputing shares  (method=knn)  ...
Aggregating: z_hat = S_hat @ g,  S_sum = rowsum(S_hat) ...
  effective number of shocks (BHJ-style): 15.31

  --- Exposure level comparison ---
  Self-imputed FOIA exposure (S @ g):
    n nonzero PIs: 208/208
    mean=+0.11691  sd=0.07009  med=+0.11840
  Universe imputed exposure (S_hat @ g):
    n nonzero authors: 1,783,003/1,860,867
    mean=+0.12379  sd=0.04926  med=+0.12087

--- Shock balance (Borusyak-Hull-Jaravel) ---
  Regression: g_k = a + b * X_bar_k + e,  weights = Sum_i s_ik
  H0: shocks are quasi-randomly assigned wrt pre-period X => b approx 0

  characteristic                beta          se        t       p
  log_total_spend            +0.4697      0.1464    +3.21   0.001
  log_lab_spend              +0.4438      0.1446    +3.07   0.002
  n_cats                     +0.0075      0.0042    +1.78   0.074
  lab_share                  +0.1038      1.7789    +0.06   0.953
  top-10 |Rotemberg weight| markets:
    us fbs                                    alpha_k=+0.714  s_bar=0.1760  g=+0.4812
    chemiluminescent substrates               alpha_k=+0.118  s_bar=0.0907  g=+0.1540
    site-directed mutagenesis systems         alpha_k=-0.092  s_bar=0.0275  g=-0.3961
    first-strand cdna synthesis systems       alpha_k=+0.074  s_bar=0.0444  g=+0.1964
    pre-cast bis-tris gels                    alpha_k=+0.045  s_bar=0.0181  g=+0.2985
    column-based dna plasmid miniprep         alpha_k=+0.033  s_bar=0.0296  g=+0.1307
    cell culture dissociation reagents        alpha_k=+0.028  s_bar=0.0129  g=+0.2543
    cell culture nutritional supplements - tryptone  alpha_k=+0.027  s_bar=0.0218  g=+0.1471
    rnase inhibitors                          alpha_k=-0.025  s_bar=0.0135  g=-0.2215
    high-fidelity dna polymerase              alpha_k=+0.024  s_bar=0.0265  g=+0.1055
  cluster filter (../../external/us_appended_text/author_static_clusters_30.csv, min-foia-per-cluster=1): kept 1,613,853/1,860,867
  ls filter (../../external/us_appended_text/author_ls_authors_indiv.csv): kept 1,320,966/1,613,853
  Saved ../../output/shock_balance_treated_hc_ebc5k_cf_lsa_k3.csv
  Saved ../../output/foia_self_exposure_treated_hc_ebc5k_cf_lsa_k3.csv  (shrunk anchor-level self exposure)
  Saved ../../output/final_imputed_shift_share_treated_hc_ebc5k_cf_lsa_k3.csv
  Saved ../../output/imputed_shares_matrix_treated_hc_ebc5k_cf_lsa_k3.npz  (universe x K_treated imputed share matrix)
  Saved ../../output/imputed_shares_markets_treated_hc_ebc5k_cf_lsa_k3.csv

==============================================================================
Per-version shift-share imputation summary
==============================================================================
   version method  n_foia_with_shares  z_hat_mean_universe  z_hat_sd_universe  S_sum_mean_universe  S_sum_sd_universe  eff_n_shocks
        hc    knn                 208               0.0281             0.0222               0.2325             0.0811       16.3039
       all    knn                 208               0.0120             0.0125               0.0992             0.0451       16.8327
treated_hc    knn                 208               0.1186             0.0542               0.9582             0.2002       15.3134

Saved ../../output/shift_share_summary_ebc5k_cf_lsa_k3.csv
Done!
Loading universe + FOIA id orders ...
Loading shocks from /n/holylabs/LABS/pakes_lab/Lab/sci_eq/analysis/first_stage/output/did_coefs_eb_price.dta ...
  markets with shocks: 46
  g_k stats: mean=0.0669  sd=0.1804  min=-0.3961  max=0.7120
Loading W (tag='', k=3) ...
  W shape: (1860867, 208)  nnz: 5,011,841
  W rows with any weight: 1,783,003/1,860,867
  W row-sum stats (nonzero rows): mean=1.0000  p5=1.0000  p95=1.0000
Computing FOIA pre-period characteristics ...

==============================================================================
version=hc   method=knn   tag=''
==============================================================================
Building FOIA share matrix S from ../../external/exposure_wts/athr_exposure_by_category_hc.dta (version=hc) ...
  S shape: (208, 46)  nnz: 1,414  density: 0.1478
  FOIA PIs with >=1 treated-market share: 208 / 208
  per-market coverage: min=3  p5=3  p50=27  p95=66  max=106

  --- EB shrinkage (alpha=$10,000, prior=global) ---
  rows shrunk: 208/208  (T=0 rows left at zero)
  self-exposure sd across anchors: raw=0.0563  shrunk=0.0255  (retained 45%)
  own-data weight T/(T+alpha): p25=0.30  p50=0.55  p75=0.74
  largest self-exposure changes:
    A5087101891: +0.3817 -> +0.1028  (T=$2,397, own_wt=0.19)
    A5009411980: -0.2589 -> +0.0177  (T=$661, own_wt=0.06)
    A5014945614: +0.2768 -> +0.0709  (T=$1,694, own_wt=0.14)
    A5067529915: -0.1451 -> +0.0169  (T=$1,179, own_wt=0.11)
    A5006559011: -0.0819 -> +0.0251  (T=$1,014, own_wt=0.09)
Imputing shares  (method=knn)  ...
Aggregating: z_hat = S_hat @ g,  S_sum = rowsum(S_hat) ...
  effective number of shocks (BHJ-style): 14.01

  --- Exposure level comparison ---
  Self-imputed FOIA exposure (S @ g):
    n nonzero PIs: 208/208
    mean=+0.03203  sd=0.02545  med=+0.02654
  Universe imputed exposure (S_hat @ g):
    n nonzero authors: 1,783,003/1,860,867
    mean=+0.03348  sd=0.01617  med=+0.02909

--- Shock balance (Borusyak-Hull-Jaravel) ---
  Regression: g_k = a + b * X_bar_k + e,  weights = Sum_i s_ik
  H0: shocks are quasi-randomly assigned wrt pre-period X => b approx 0

  characteristic                beta          se        t       p
  log_total_spend            +0.4078      0.1797    +2.27   0.023
  log_lab_spend              +0.3538      0.1748    +2.02   0.043
  n_cats                     +0.0048      0.0044    +1.09   0.275
  lab_share                  -1.8948      1.6846    -1.12   0.261
  top-10 |Rotemberg weight| markets:
    us fbs                                    alpha_k=+0.722  s_bar=0.0481  g=+0.4812
    chemiluminescent substrates               alpha_k=+0.108  s_bar=0.0226  g=+0.1540
    first-strand cdna synthesis systems       alpha_k=+0.076  s_bar=0.0125  g=+0.1964
    site-directed mutagenesis systems         alpha_k=-0.074  s_bar=0.0060  g=-0.3961
    pre-cast bis-tris gels                    alpha_k=+0.041  s_bar=0.0044  g=+0.2985
    cell culture dissociation reagents        alpha_k=+0.032  s_bar=0.0040  g=+0.2543
    column-based dna plasmid miniprep         alpha_k=+0.025  s_bar=0.0061  g=+0.1307
    cell culture nutritional supplements - tryptone  alpha_k=+0.025  s_bar=0.0054  g=+0.1471
    column-based microbial dna purification kits  alpha_k=+0.023  s_bar=0.0020  g=+0.3817
    rnase inhibitors                          alpha_k=-0.022  s_bar=0.0033  g=-0.2215
  ls filter (../../external/us_appended_text/author_ls_authors_indiv.csv): kept 1,462,984/1,860,867
  Saved ../../output/shock_balance_hc_eb10k_lsa_k3.csv
  Saved ../../output/foia_self_exposure_hc_eb10k_lsa_k3.csv  (shrunk anchor-level self exposure)
  Saved ../../output/final_imputed_shift_share_hc_eb10k_lsa_k3.csv
  Saved ../../output/imputed_shares_matrix_hc_eb10k_lsa_k3.npz  (universe x K_treated imputed share matrix)
  Saved ../../output/imputed_shares_markets_hc_eb10k_lsa_k3.csv

==============================================================================
version=all   method=knn   tag=''
==============================================================================
Building FOIA share matrix S from ../../external/exposure_wts/athr_exposure_by_category_all.dta (version=all) ...
  S shape: (208, 46)  nnz: 1,414  density: 0.1478
  FOIA PIs with >=1 treated-market share: 208 / 208
  per-market coverage: min=3  p5=3  p50=27  p95=66  max=106

  --- EB shrinkage (alpha=$10,000, prior=global) ---
  rows shrunk: 208/208  (T=0 rows left at zero)
  self-exposure sd across anchors: raw=0.0315  shrunk=0.0144  (retained 46%)
  own-data weight T/(T+alpha): p25=0.54  p50=0.76  p75=0.87
  largest self-exposure changes:
    A5087101891: +0.3466 -> +0.0838  (T=$2,640, own_wt=0.21)
    A5014945614: +0.1544 -> +0.0471  (T=$3,037, own_wt=0.23)
    A5009411980: -0.0753 -> -0.0022  (T=$2,272, own_wt=0.19)
    A5067529915: -0.0472 -> -0.0019  (T=$3,625, own_wt=0.27)
    A5056763319: +0.0576 -> +0.0296  (T=$5,379, own_wt=0.35)
Imputing shares  (method=knn)  ...
Aggregating: z_hat = S_hat @ g,  S_sum = rowsum(S_hat) ...
  effective number of shocks (BHJ-style): 14.76

  --- Exposure level comparison ---
  Self-imputed FOIA exposure (S @ g):
    n nonzero PIs: 208/208
    mean=+0.01227  sd=0.01441  med=+0.00834
  Universe imputed exposure (S_hat @ g):
    n nonzero authors: 1,783,003/1,860,867
    mean=+0.01340  sd=0.00990  med=+0.01034

--- Shock balance (Borusyak-Hull-Jaravel) ---
  Regression: g_k = a + b * X_bar_k + e,  weights = Sum_i s_ik
  H0: shocks are quasi-randomly assigned wrt pre-period X => b approx 0

  characteristic                beta          se        t       p
  log_total_spend            +0.2539      0.1086    +2.34   0.019
  log_lab_spend              +0.2264      0.1055    +2.15   0.032
  n_cats                     +0.0039      0.0029    +1.37   0.171
  lab_share                  -1.1981      1.1036    -1.09   0.278
  top-10 |Rotemberg weight| markets:
    us fbs                                    alpha_k=+0.696  s_bar=0.0186  g=+0.4812
    chemiluminescent substrates               alpha_k=+0.111  s_bar=0.0092  g=+0.1540
    first-strand cdna synthesis systems       alpha_k=+0.081  s_bar=0.0053  g=+0.1964
    site-directed mutagenesis systems         alpha_k=-0.069  s_bar=0.0022  g=-0.3961
    column-based microbial dna purification kits  alpha_k=+0.044  s_bar=0.0015  g=+0.3817
    pre-cast bis-tris gels                    alpha_k=+0.043  s_bar=0.0018  g=+0.2985
    cell culture dissociation reagents        alpha_k=+0.035  s_bar=0.0018  g=+0.2543
    column-based dna plasmid miniprep         alpha_k=+0.025  s_bar=0.0025  g=+0.1307
    rnase inhibitors                          alpha_k=-0.025  s_bar=0.0014  g=-0.2215
    cell culture nutritional supplements - tryptone  alpha_k=+0.024  s_bar=0.0021  g=+0.1471
  ls filter (../../external/us_appended_text/author_ls_authors_indiv.csv): kept 1,462,984/1,860,867
  Saved ../../output/shock_balance_all_eb10k_lsa_k3.csv
  Saved ../../output/foia_self_exposure_all_eb10k_lsa_k3.csv  (shrunk anchor-level self exposure)
  Saved ../../output/final_imputed_shift_share_all_eb10k_lsa_k3.csv
  Saved ../../output/imputed_shares_matrix_all_eb10k_lsa_k3.npz  (universe x K_treated imputed share matrix)
  Saved ../../output/imputed_shares_markets_all_eb10k_lsa_k3.csv

==============================================================================
version=treated_hc   method=knn   tag=''
==============================================================================
Building FOIA share matrix S from ../../external/exposure_wts/athr_exposure_by_category_treated_hc.dta (version=treated_hc) ...
  S shape: (208, 46)  nnz: 1,414  density: 0.1478
  FOIA PIs with >=1 treated-market share: 208 / 208
  per-market coverage: min=3  p5=3  p50=27  p95=66  max=106

  --- EB shrinkage (alpha=$10,000, prior=global) ---
  rows shrunk: 208/208  (T=0 rows left at zero)
  self-exposure sd across anchors: raw=0.1314  shrunk=0.0372  (retained 28%)
  own-data weight T/(T+alpha): p25=0.07  p50=0.18  p75=0.37
  largest self-exposure changes:
    A5067529915: -0.3961 -> +0.1196  (T=$432, own_wt=0.04)
    A5009411980: -0.3961 -> +0.1196  (T=$432, own_wt=0.04)
    A5018983460: -0.3961 -> +0.1023  (T=$794, own_wt=0.07)
    A5064294448: -0.3564 -> +0.0483  (T=$2,312, own_wt=0.19)
    A5003210434: +0.4670 -> +0.1803  (T=$1,340, own_wt=0.12)
Imputing shares  (method=knn)  ...
Aggregating: z_hat = S_hat @ g,  S_sum = rowsum(S_hat) ...
  effective number of shocks (BHJ-style): 13.37

  --- Exposure level comparison ---
  Self-imputed FOIA exposure (S @ g):
    n nonzero PIs: 208/208
    mean=+0.13628  sd=0.03719  med=+0.13348
  Universe imputed exposure (S_hat @ g):
    n nonzero authors: 1,783,003/1,860,867
    mean=+0.13943  sd=0.02445  med=+0.13632

--- Shock balance (Borusyak-Hull-Jaravel) ---
  Regression: g_k = a + b * X_bar_k + e,  weights = Sum_i s_ik
  H0: shocks are quasi-randomly assigned wrt pre-period X => b approx 0

  characteristic                beta          se        t       p
  log_total_spend            +0.5608      0.4471    +1.25   0.210
  log_lab_spend              +0.4592      0.4313    +1.06   0.287
  n_cats                     +0.0007      0.0090    +0.08   0.935
  lab_share                  -3.4039      3.8268    -0.89   0.374
  top-10 |Rotemberg weight| markets:
    us fbs                                    alpha_k=+0.728  s_bar=0.2022  g=+0.4812
    chemiluminescent substrates               alpha_k=+0.107  s_bar=0.0926  g=+0.1540
    first-strand cdna synthesis systems       alpha_k=+0.076  s_bar=0.0517  g=+0.1964
    site-directed mutagenesis systems         alpha_k=-0.074  s_bar=0.0248  g=-0.3961
    pre-cast bis-tris gels                    alpha_k=+0.042  s_bar=0.0189  g=+0.2985
    column-based dna plasmid miniprep         alpha_k=+0.026  s_bar=0.0266  g=+0.1307
    cell culture nutritional supplements - tryptone  alpha_k=+0.025  s_bar=0.0224  g=+0.1471
    cell culture dissociation reagents        alpha_k=+0.025  s_bar=0.0129  g=+0.2543
    high-fidelity dna polymerase              alpha_k=+0.021  s_bar=0.0265  g=+0.1055
    rnase inhibitors                          alpha_k=-0.020  s_bar=0.0121  g=-0.2215
  ls filter (../../external/us_appended_text/author_ls_authors_indiv.csv): kept 1,462,984/1,860,867
  Saved ../../output/shock_balance_treated_hc_eb10k_lsa_k3.csv
  Saved ../../output/foia_self_exposure_treated_hc_eb10k_lsa_k3.csv  (shrunk anchor-level self exposure)
  Saved ../../output/final_imputed_shift_share_treated_hc_eb10k_lsa_k3.csv
  Saved ../../output/imputed_shares_matrix_treated_hc_eb10k_lsa_k3.npz  (universe x K_treated imputed share matrix)
  Saved ../../output/imputed_shares_markets_treated_hc_eb10k_lsa_k3.csv

==============================================================================
Per-version shift-share imputation summary
==============================================================================
   version method  n_foia_with_shares  z_hat_mean_universe  z_hat_sd_universe  S_sum_mean_universe  S_sum_sd_universe  eff_n_shocks
        hc    knn                 208               0.0321             0.0172               0.2362             0.0680       14.0117
       all    knn                 208               0.0128             0.0101               0.0963             0.0361       14.7578
treated_hc    knn                 208               0.1336             0.0368               0.9582             0.2002       13.3651

Saved ../../output/shift_share_summary_eb10k_lsa_k3.csv
Done!
Loading universe + FOIA id orders ...
Loading shocks from /n/holylabs/LABS/pakes_lab/Lab/sci_eq/analysis/first_stage/output/did_coefs_eb_price.dta ...
  markets with shocks: 46
  g_k stats: mean=0.0669  sd=0.1804  min=-0.3961  max=0.7120
Loading W (tag='', k=3) ...
  W shape: (1860867, 208)  nnz: 5,011,841
  W rows with any weight: 1,783,003/1,860,867
  W row-sum stats (nonzero rows): mean=1.0000  p5=1.0000  p95=1.0000
Computing FOIA pre-period characteristics ...

==============================================================================
version=hc   method=knn   tag=''
==============================================================================
Building FOIA share matrix S from ../../external/exposure_wts/athr_exposure_by_category_hc.dta (version=hc) ...
  S shape: (208, 46)  nnz: 1,414  density: 0.1478
  FOIA PIs with >=1 treated-market share: 208 / 208
  per-market coverage: min=3  p5=3  p50=27  p95=66  max=106

  --- EB shrinkage (alpha=$10,000, prior=global) ---
  rows shrunk: 208/208  (T=0 rows left at zero)
  self-exposure sd across anchors: raw=0.0563  shrunk=0.0255  (retained 45%)
  own-data weight T/(T+alpha): p25=0.30  p50=0.55  p75=0.74
  largest self-exposure changes:
    A5087101891: +0.3817 -> +0.1028  (T=$2,397, own_wt=0.19)
    A5009411980: -0.2589 -> +0.0177  (T=$661, own_wt=0.06)
    A5014945614: +0.2768 -> +0.0709  (T=$1,694, own_wt=0.14)
    A5067529915: -0.1451 -> +0.0169  (T=$1,179, own_wt=0.11)
    A5006559011: -0.0819 -> +0.0251  (T=$1,014, own_wt=0.09)
Imputing shares  (method=knn)  ...
Aggregating: z_hat = S_hat @ g,  S_sum = rowsum(S_hat) ...
  effective number of shocks (BHJ-style): 14.01

  --- Exposure level comparison ---
  Self-imputed FOIA exposure (S @ g):
    n nonzero PIs: 208/208
    mean=+0.03203  sd=0.02545  med=+0.02654
  Universe imputed exposure (S_hat @ g):
    n nonzero authors: 1,783,003/1,860,867
    mean=+0.03348  sd=0.01617  med=+0.02909

--- Shock balance (Borusyak-Hull-Jaravel) ---
  Regression: g_k = a + b * X_bar_k + e,  weights = Sum_i s_ik
  H0: shocks are quasi-randomly assigned wrt pre-period X => b approx 0

  characteristic                beta          se        t       p
  log_total_spend            +0.4078      0.1797    +2.27   0.023
  log_lab_spend              +0.3538      0.1748    +2.02   0.043
  n_cats                     +0.0048      0.0044    +1.09   0.275
  lab_share                  -1.8948      1.6846    -1.12   0.261
  top-10 |Rotemberg weight| markets:
    us fbs                                    alpha_k=+0.722  s_bar=0.0481  g=+0.4812
    chemiluminescent substrates               alpha_k=+0.108  s_bar=0.0226  g=+0.1540
    first-strand cdna synthesis systems       alpha_k=+0.076  s_bar=0.0125  g=+0.1964
    site-directed mutagenesis systems         alpha_k=-0.074  s_bar=0.0060  g=-0.3961
    pre-cast bis-tris gels                    alpha_k=+0.041  s_bar=0.0044  g=+0.2985
    cell culture dissociation reagents        alpha_k=+0.032  s_bar=0.0040  g=+0.2543
    column-based dna plasmid miniprep         alpha_k=+0.025  s_bar=0.0061  g=+0.1307
    cell culture nutritional supplements - tryptone  alpha_k=+0.025  s_bar=0.0054  g=+0.1471
    column-based microbial dna purification kits  alpha_k=+0.023  s_bar=0.0020  g=+0.3817
    rnase inhibitors                          alpha_k=-0.022  s_bar=0.0033  g=-0.2215
  cluster filter (../../external/us_appended_text/author_static_clusters_30.csv, min-foia-per-cluster=1): kept 1,613,853/1,860,867
  ls filter (../../external/us_appended_text/author_ls_authors_indiv.csv): kept 1,320,966/1,613,853
  Saved ../../output/shock_balance_hc_eb10k_cf_lsa_k3.csv
  Saved ../../output/foia_self_exposure_hc_eb10k_cf_lsa_k3.csv  (shrunk anchor-level self exposure)
  Saved ../../output/final_imputed_shift_share_hc_eb10k_cf_lsa_k3.csv
  Saved ../../output/imputed_shares_matrix_hc_eb10k_cf_lsa_k3.npz  (universe x K_treated imputed share matrix)
  Saved ../../output/imputed_shares_markets_hc_eb10k_cf_lsa_k3.csv

==============================================================================
version=all   method=knn   tag=''
==============================================================================
Building FOIA share matrix S from ../../external/exposure_wts/athr_exposure_by_category_all.dta (version=all) ...
  S shape: (208, 46)  nnz: 1,414  density: 0.1478
  FOIA PIs with >=1 treated-market share: 208 / 208
  per-market coverage: min=3  p5=3  p50=27  p95=66  max=106

  --- EB shrinkage (alpha=$10,000, prior=global) ---
  rows shrunk: 208/208  (T=0 rows left at zero)
  self-exposure sd across anchors: raw=0.0315  shrunk=0.0144  (retained 46%)
  own-data weight T/(T+alpha): p25=0.54  p50=0.76  p75=0.87
  largest self-exposure changes:
    A5087101891: +0.3466 -> +0.0838  (T=$2,640, own_wt=0.21)
    A5014945614: +0.1544 -> +0.0471  (T=$3,037, own_wt=0.23)
    A5009411980: -0.0753 -> -0.0022  (T=$2,272, own_wt=0.19)
    A5067529915: -0.0472 -> -0.0019  (T=$3,625, own_wt=0.27)
    A5056763319: +0.0576 -> +0.0296  (T=$5,379, own_wt=0.35)
Imputing shares  (method=knn)  ...
Aggregating: z_hat = S_hat @ g,  S_sum = rowsum(S_hat) ...
  effective number of shocks (BHJ-style): 14.76

  --- Exposure level comparison ---
  Self-imputed FOIA exposure (S @ g):
    n nonzero PIs: 208/208
    mean=+0.01227  sd=0.01441  med=+0.00834
  Universe imputed exposure (S_hat @ g):
    n nonzero authors: 1,783,003/1,860,867
    mean=+0.01340  sd=0.00990  med=+0.01034

--- Shock balance (Borusyak-Hull-Jaravel) ---
  Regression: g_k = a + b * X_bar_k + e,  weights = Sum_i s_ik
  H0: shocks are quasi-randomly assigned wrt pre-period X => b approx 0

  characteristic                beta          se        t       p
  log_total_spend            +0.2539      0.1086    +2.34   0.019
  log_lab_spend              +0.2264      0.1055    +2.15   0.032
  n_cats                     +0.0039      0.0029    +1.37   0.171
  lab_share                  -1.1981      1.1036    -1.09   0.278
  top-10 |Rotemberg weight| markets:
    us fbs                                    alpha_k=+0.696  s_bar=0.0186  g=+0.4812
    chemiluminescent substrates               alpha_k=+0.111  s_bar=0.0092  g=+0.1540
    first-strand cdna synthesis systems       alpha_k=+0.081  s_bar=0.0053  g=+0.1964
    site-directed mutagenesis systems         alpha_k=-0.069  s_bar=0.0022  g=-0.3961
    column-based microbial dna purification kits  alpha_k=+0.044  s_bar=0.0015  g=+0.3817
    pre-cast bis-tris gels                    alpha_k=+0.043  s_bar=0.0018  g=+0.2985
    cell culture dissociation reagents        alpha_k=+0.035  s_bar=0.0018  g=+0.2543
    column-based dna plasmid miniprep         alpha_k=+0.025  s_bar=0.0025  g=+0.1307
    rnase inhibitors                          alpha_k=-0.025  s_bar=0.0014  g=-0.2215
    cell culture nutritional supplements - tryptone  alpha_k=+0.024  s_bar=0.0021  g=+0.1471
  cluster filter (../../external/us_appended_text/author_static_clusters_30.csv, min-foia-per-cluster=1): kept 1,613,853/1,860,867
  ls filter (../../external/us_appended_text/author_ls_authors_indiv.csv): kept 1,320,966/1,613,853
  Saved ../../output/shock_balance_all_eb10k_cf_lsa_k3.csv
  Saved ../../output/foia_self_exposure_all_eb10k_cf_lsa_k3.csv  (shrunk anchor-level self exposure)
  Saved ../../output/final_imputed_shift_share_all_eb10k_cf_lsa_k3.csv
  Saved ../../output/imputed_shares_matrix_all_eb10k_cf_lsa_k3.npz  (universe x K_treated imputed share matrix)
  Saved ../../output/imputed_shares_markets_all_eb10k_cf_lsa_k3.csv

==============================================================================
version=treated_hc   method=knn   tag=''
==============================================================================
Building FOIA share matrix S from ../../external/exposure_wts/athr_exposure_by_category_treated_hc.dta (version=treated_hc) ...
  S shape: (208, 46)  nnz: 1,414  density: 0.1478
  FOIA PIs with >=1 treated-market share: 208 / 208
  per-market coverage: min=3  p5=3  p50=27  p95=66  max=106

  --- EB shrinkage (alpha=$10,000, prior=global) ---
  rows shrunk: 208/208  (T=0 rows left at zero)
  self-exposure sd across anchors: raw=0.1314  shrunk=0.0372  (retained 28%)
  own-data weight T/(T+alpha): p25=0.07  p50=0.18  p75=0.37
  largest self-exposure changes:
    A5067529915: -0.3961 -> +0.1196  (T=$432, own_wt=0.04)
    A5009411980: -0.3961 -> +0.1196  (T=$432, own_wt=0.04)
    A5018983460: -0.3961 -> +0.1023  (T=$794, own_wt=0.07)
    A5064294448: -0.3564 -> +0.0483  (T=$2,312, own_wt=0.19)
    A5003210434: +0.4670 -> +0.1803  (T=$1,340, own_wt=0.12)
Imputing shares  (method=knn)  ...
Aggregating: z_hat = S_hat @ g,  S_sum = rowsum(S_hat) ...
  effective number of shocks (BHJ-style): 13.37

  --- Exposure level comparison ---
  Self-imputed FOIA exposure (S @ g):
    n nonzero PIs: 208/208
    mean=+0.13628  sd=0.03719  med=+0.13348
  Universe imputed exposure (S_hat @ g):
    n nonzero authors: 1,783,003/1,860,867
    mean=+0.13943  sd=0.02445  med=+0.13632

--- Shock balance (Borusyak-Hull-Jaravel) ---
  Regression: g_k = a + b * X_bar_k + e,  weights = Sum_i s_ik
  H0: shocks are quasi-randomly assigned wrt pre-period X => b approx 0

  characteristic                beta          se        t       p
  log_total_spend            +0.5608      0.4471    +1.25   0.210
  log_lab_spend              +0.4592      0.4313    +1.06   0.287
  n_cats                     +0.0007      0.0090    +0.08   0.935
  lab_share                  -3.4039      3.8268    -0.89   0.374
  top-10 |Rotemberg weight| markets:
    us fbs                                    alpha_k=+0.728  s_bar=0.2022  g=+0.4812
    chemiluminescent substrates               alpha_k=+0.107  s_bar=0.0926  g=+0.1540
    first-strand cdna synthesis systems       alpha_k=+0.076  s_bar=0.0517  g=+0.1964
    site-directed mutagenesis systems         alpha_k=-0.074  s_bar=0.0248  g=-0.3961
    pre-cast bis-tris gels                    alpha_k=+0.042  s_bar=0.0189  g=+0.2985
    column-based dna plasmid miniprep         alpha_k=+0.026  s_bar=0.0266  g=+0.1307
    cell culture nutritional supplements - tryptone  alpha_k=+0.025  s_bar=0.0224  g=+0.1471
    cell culture dissociation reagents        alpha_k=+0.025  s_bar=0.0129  g=+0.2543
    high-fidelity dna polymerase              alpha_k=+0.021  s_bar=0.0265  g=+0.1055
    rnase inhibitors                          alpha_k=-0.020  s_bar=0.0121  g=-0.2215
  cluster filter (../../external/us_appended_text/author_static_clusters_30.csv, min-foia-per-cluster=1): kept 1,613,853/1,860,867
  ls filter (../../external/us_appended_text/author_ls_authors_indiv.csv): kept 1,320,966/1,613,853
  Saved ../../output/shock_balance_treated_hc_eb10k_cf_lsa_k3.csv
  Saved ../../output/foia_self_exposure_treated_hc_eb10k_cf_lsa_k3.csv  (shrunk anchor-level self exposure)
  Saved ../../output/final_imputed_shift_share_treated_hc_eb10k_cf_lsa_k3.csv
  Saved ../../output/imputed_shares_matrix_treated_hc_eb10k_cf_lsa_k3.npz  (universe x K_treated imputed share matrix)
  Saved ../../output/imputed_shares_markets_treated_hc_eb10k_cf_lsa_k3.csv

==============================================================================
Per-version shift-share imputation summary
==============================================================================
   version method  n_foia_with_shares  z_hat_mean_universe  z_hat_sd_universe  S_sum_mean_universe  S_sum_sd_universe  eff_n_shocks
        hc    knn                 208               0.0321             0.0172               0.2362             0.0680       14.0117
       all    knn                 208               0.0128             0.0101               0.0963             0.0361       14.7578
treated_hc    knn                 208               0.1336             0.0368               0.9582             0.2002       13.3651

Saved ../../output/shift_share_summary_eb10k_cf_lsa_k3.csv
Done!
Loading universe + FOIA id orders ...
Loading shocks from /n/holylabs/LABS/pakes_lab/Lab/sci_eq/analysis/first_stage/output/did_coefs_eb_price.dta ...
  markets with shocks: 46
  g_k stats: mean=0.0669  sd=0.1804  min=-0.3961  max=0.7120
Loading W (tag='', k=3) ...
  W shape: (1860867, 208)  nnz: 5,011,841
  W rows with any weight: 1,783,003/1,860,867
  W row-sum stats (nonzero rows): mean=1.0000  p5=1.0000  p95=1.0000
Computing FOIA pre-period characteristics ...

==============================================================================
version=hc   method=knn   tag=''
==============================================================================
Building FOIA share matrix S from ../../external/exposure_wts/athr_exposure_by_category_hc.dta (version=hc) ...
  S shape: (208, 46)  nnz: 1,414  density: 0.1478
  FOIA PIs with >=1 treated-market share: 208 / 208
  per-market coverage: min=3  p5=3  p50=27  p95=66  max=106

  --- EB shrinkage (alpha=$10,000, prior=peer) ---
  rows shrunk: 208/208  (T=0 rows left at zero)
  self-exposure sd across anchors: raw=0.0563  shrunk=0.0256  (retained 45%)
  own-data weight T/(T+alpha): p25=0.30  p50=0.55  p75=0.74
  largest self-exposure changes:
    A5087101891: +0.3817 -> +0.1004  (T=$2,397, own_wt=0.19)
    A5009411980: -0.2589 -> +0.0138  (T=$661, own_wt=0.06)
    A5014945614: +0.2768 -> +0.0702  (T=$1,694, own_wt=0.14)
    A5067529915: -0.1451 -> +0.0146  (T=$1,179, own_wt=0.11)
    A5006559011: -0.0819 -> +0.0212  (T=$1,014, own_wt=0.09)
Imputing shares  (method=knn)  ...
Aggregating: z_hat = S_hat @ g,  S_sum = rowsum(S_hat) ...
  effective number of shocks (BHJ-style): 14.14

  --- Exposure level comparison ---
  Self-imputed FOIA exposure (S @ g):
    n nonzero PIs: 208/208
    mean=+0.03120  sd=0.02559  med=+0.02555
  Universe imputed exposure (S_hat @ g):
    n nonzero authors: 1,783,003/1,860,867
    mean=+0.03249  sd=0.01643  med=+0.02788

--- Shock balance (Borusyak-Hull-Jaravel) ---
  Regression: g_k = a + b * X_bar_k + e,  weights = Sum_i s_ik
  H0: shocks are quasi-randomly assigned wrt pre-period X => b approx 0

  characteristic                beta          se        t       p
  log_total_spend            +0.4376      0.1701    +2.57   0.010
  log_lab_spend              +0.3856      0.1648    +2.34   0.019
  n_cats                     +0.0061      0.0045    +1.38   0.169
  lab_share                  -1.4334      1.5973    -0.90   0.370
  top-10 |Rotemberg weight| markets:
    us fbs                                    alpha_k=+0.717  s_bar=0.0464  g=+0.4812
    chemiluminescent substrates               alpha_k=+0.114  s_bar=0.0230  g=+0.1540
    site-directed mutagenesis systems         alpha_k=-0.078  s_bar=0.0061  g=-0.3961
    first-strand cdna synthesis systems       alpha_k=+0.075  s_bar=0.0118  g=+0.1964
    pre-cast bis-tris gels                    alpha_k=+0.041  s_bar=0.0043  g=+0.2985
    cell culture dissociation reagents        alpha_k=+0.032  s_bar=0.0039  g=+0.2543
    cell culture nutritional supplements - tryptone  alpha_k=+0.028  s_bar=0.0060  g=+0.1471
    column-based dna plasmid miniprep         alpha_k=+0.024  s_bar=0.0057  g=+0.1307
    column-based microbial dna purification kits  alpha_k=+0.024  s_bar=0.0019  g=+0.3817
    rnase inhibitors                          alpha_k=-0.020  s_bar=0.0029  g=-0.2215
  ls filter (../../external/us_appended_text/author_ls_authors_indiv.csv): kept 1,462,984/1,860,867
  Saved ../../output/shock_balance_hc_ebp10k_lsa_k3.csv
  Saved ../../output/foia_self_exposure_hc_ebp10k_lsa_k3.csv  (shrunk anchor-level self exposure)
  Saved ../../output/final_imputed_shift_share_hc_ebp10k_lsa_k3.csv
  Saved ../../output/imputed_shares_matrix_hc_ebp10k_lsa_k3.npz  (universe x K_treated imputed share matrix)
  Saved ../../output/imputed_shares_markets_hc_ebp10k_lsa_k3.csv

==============================================================================
version=all   method=knn   tag=''
==============================================================================
Building FOIA share matrix S from ../../external/exposure_wts/athr_exposure_by_category_all.dta (version=all) ...
  S shape: (208, 46)  nnz: 1,414  density: 0.1478
  FOIA PIs with >=1 treated-market share: 208 / 208
  per-market coverage: min=3  p5=3  p50=27  p95=66  max=106

  --- EB shrinkage (alpha=$10,000, prior=peer) ---
  rows shrunk: 208/208  (T=0 rows left at zero)
  self-exposure sd across anchors: raw=0.0315  shrunk=0.0144  (retained 46%)
  own-data weight T/(T+alpha): p25=0.54  p50=0.76  p75=0.87
  largest self-exposure changes:
    A5087101891: +0.3466 -> +0.0828  (T=$2,640, own_wt=0.21)
    A5014945614: +0.1544 -> +0.0468  (T=$3,037, own_wt=0.23)
    A5009411980: -0.0753 -> -0.0036  (T=$2,272, own_wt=0.19)
    A5067529915: -0.0472 -> -0.0028  (T=$3,625, own_wt=0.27)
    A5056763319: +0.0576 -> +0.0296  (T=$5,379, own_wt=0.35)
Imputing shares  (method=knn)  ...
Aggregating: z_hat = S_hat @ g,  S_sum = rowsum(S_hat) ...
  effective number of shocks (BHJ-style): 14.89

  --- Exposure level comparison ---
  Self-imputed FOIA exposure (S @ g):
    n nonzero PIs: 208/208
    mean=+0.01202  sd=0.01444  med=+0.00802
  Universe imputed exposure (S_hat @ g):
    n nonzero authors: 1,783,003/1,860,867
    mean=+0.01306  sd=0.00995  med=+0.00995

--- Shock balance (Borusyak-Hull-Jaravel) ---
  Regression: g_k = a + b * X_bar_k + e,  weights = Sum_i s_ik
  H0: shocks are quasi-randomly assigned wrt pre-period X => b approx 0

  characteristic                beta          se        t       p
  log_total_spend            +0.2625      0.1047    +2.51   0.012
  log_lab_spend              +0.2357      0.1015    +2.32   0.020
  n_cats                     +0.0044      0.0028    +1.53   0.126
  lab_share                  -1.0654      1.0751    -0.99   0.322
  top-10 |Rotemberg weight| markets:
    us fbs                                    alpha_k=+0.692  s_bar=0.0180  g=+0.4812
    chemiluminescent substrates               alpha_k=+0.114  s_bar=0.0093  g=+0.1540
    first-strand cdna synthesis systems       alpha_k=+0.080  s_bar=0.0051  g=+0.1964
    site-directed mutagenesis systems         alpha_k=-0.072  s_bar=0.0023  g=-0.3961
    column-based microbial dna purification kits  alpha_k=+0.046  s_bar=0.0015  g=+0.3817
    pre-cast bis-tris gels                    alpha_k=+0.043  s_bar=0.0018  g=+0.2985
    cell culture dissociation reagents        alpha_k=+0.035  s_bar=0.0017  g=+0.2543
    cell culture nutritional supplements - tryptone  alpha_k=+0.026  s_bar=0.0022  g=+0.1471
    column-based dna plasmid miniprep         alpha_k=+0.025  s_bar=0.0023  g=+0.1307
    rnase inhibitors                          alpha_k=-0.023  s_bar=0.0013  g=-0.2215
  ls filter (../../external/us_appended_text/author_ls_authors_indiv.csv): kept 1,462,984/1,860,867
  Saved ../../output/shock_balance_all_ebp10k_lsa_k3.csv
  Saved ../../output/foia_self_exposure_all_ebp10k_lsa_k3.csv  (shrunk anchor-level self exposure)
  Saved ../../output/final_imputed_shift_share_all_ebp10k_lsa_k3.csv
  Saved ../../output/imputed_shares_matrix_all_ebp10k_lsa_k3.npz  (universe x K_treated imputed share matrix)
  Saved ../../output/imputed_shares_markets_all_ebp10k_lsa_k3.csv

==============================================================================
version=treated_hc   method=knn   tag=''
==============================================================================
Building FOIA share matrix S from ../../external/exposure_wts/athr_exposure_by_category_treated_hc.dta (version=treated_hc) ...
  S shape: (208, 46)  nnz: 1,414  density: 0.1478
  FOIA PIs with >=1 treated-market share: 208 / 208
  per-market coverage: min=3  p5=3  p50=27  p95=66  max=106

  --- EB shrinkage (alpha=$10,000, prior=peer) ---
  rows shrunk: 208/208  (T=0 rows left at zero)
  self-exposure sd across anchors: raw=0.1314  shrunk=0.0378  (retained 29%)
  own-data weight T/(T+alpha): p25=0.07  p50=0.18  p75=0.37
  largest self-exposure changes:
    A5067529915: -0.3961 -> +0.1154  (T=$432, own_wt=0.04)
    A5009411980: -0.3961 -> +0.1119  (T=$432, own_wt=0.04)
    A5018983460: -0.3961 -> +0.1086  (T=$794, own_wt=0.07)
    A5064294448: -0.3564 -> +0.0422  (T=$2,312, own_wt=0.19)
    A5003210434: +0.4670 -> +0.1795  (T=$1,340, own_wt=0.12)
Imputing shares  (method=knn)  ...
Aggregating: z_hat = S_hat @ g,  S_sum = rowsum(S_hat) ...
  effective number of shocks (BHJ-style): 13.48

  --- Exposure level comparison ---
  Self-imputed FOIA exposure (S @ g):
    n nonzero PIs: 208/208
    mean=+0.13420  sd=0.03778  med=+0.13077
  Universe imputed exposure (S_hat @ g):
    n nonzero authors: 1,783,003/1,860,867
    mean=+0.13758  sd=0.02568  med=+0.13412

--- Shock balance (Borusyak-Hull-Jaravel) ---
  Regression: g_k = a + b * X_bar_k + e,  weights = Sum_i s_ik
  H0: shocks are quasi-randomly assigned wrt pre-period X => b approx 0

  characteristic                beta          se        t       p
  log_total_spend            +0.7978      0.4263    +1.87   0.061
  log_lab_spend              +0.7014      0.4057    +1.73   0.084
  n_cats                     +0.0049      0.0098    +0.50   0.618
  lab_share                  -0.9434      3.2859    -0.29   0.774
  top-10 |Rotemberg weight| markets:
    us fbs                                    alpha_k=+0.721  s_bar=0.1976  g=+0.4812
    chemiluminescent substrates               alpha_k=+0.115  s_bar=0.0980  g=+0.1540
    site-directed mutagenesis systems         alpha_k=-0.078  s_bar=0.0259  g=-0.3961
    first-strand cdna synthesis systems       alpha_k=+0.073  s_bar=0.0492  g=+0.1964
    pre-cast bis-tris gels                    alpha_k=+0.043  s_bar=0.0189  g=+0.2985
    cell culture nutritional supplements - tryptone  alpha_k=+0.030  s_bar=0.0267  g=+0.1471
    column-based dna plasmid miniprep         alpha_k=+0.025  s_bar=0.0248  g=+0.1307
    cell culture dissociation reagents        alpha_k=+0.024  s_bar=0.0126  g=+0.2543
    high-fidelity dna polymerase              alpha_k=+0.020  s_bar=0.0245  g=+0.1055
    unstained dna ladders                     alpha_k=-0.019  s_bar=0.0187  g=-0.1326
  ls filter (../../external/us_appended_text/author_ls_authors_indiv.csv): kept 1,462,984/1,860,867
  Saved ../../output/shock_balance_treated_hc_ebp10k_lsa_k3.csv
  Saved ../../output/foia_self_exposure_treated_hc_ebp10k_lsa_k3.csv  (shrunk anchor-level self exposure)
  Saved ../../output/final_imputed_shift_share_treated_hc_ebp10k_lsa_k3.csv
  Saved ../../output/imputed_shares_matrix_treated_hc_ebp10k_lsa_k3.npz  (universe x K_treated imputed share matrix)
  Saved ../../output/imputed_shares_markets_treated_hc_ebp10k_lsa_k3.csv

==============================================================================
Per-version shift-share imputation summary
==============================================================================
   version method  n_foia_with_shares  z_hat_mean_universe  z_hat_sd_universe  S_sum_mean_universe  S_sum_sd_universe  eff_n_shocks
        hc    knn                 208               0.0311             0.0173               0.2317             0.0675       14.1372
       all    knn                 208               0.0125             0.0101               0.0947             0.0359       14.8866
treated_hc    knn                 208               0.1318             0.0373               0.9582             0.2002       13.4810

Saved ../../output/shift_share_summary_ebp10k_lsa_k3.csv
Done!
Loading universe + FOIA id orders ...
Loading shocks from /n/holylabs/LABS/pakes_lab/Lab/sci_eq/analysis/first_stage/output/did_coefs_eb_price.dta ...
  markets with shocks: 46
  g_k stats: mean=0.0669  sd=0.1804  min=-0.3961  max=0.7120
Loading W (tag='', k=3) ...
  W shape: (1860867, 208)  nnz: 5,011,841
  W rows with any weight: 1,783,003/1,860,867
  W row-sum stats (nonzero rows): mean=1.0000  p5=1.0000  p95=1.0000
Computing FOIA pre-period characteristics ...

==============================================================================
version=hc   method=knn   tag=''
==============================================================================
Building FOIA share matrix S from ../../external/exposure_wts/athr_exposure_by_category_hc.dta (version=hc) ...
  S shape: (208, 46)  nnz: 1,414  density: 0.1478
  FOIA PIs with >=1 treated-market share: 208 / 208
  per-market coverage: min=3  p5=3  p50=27  p95=66  max=106

  --- EB shrinkage (alpha=$10,000, prior=peer) ---
  rows shrunk: 208/208  (T=0 rows left at zero)
  self-exposure sd across anchors: raw=0.0563  shrunk=0.0256  (retained 45%)
  own-data weight T/(T+alpha): p25=0.30  p50=0.55  p75=0.74
  largest self-exposure changes:
    A5087101891: +0.3817 -> +0.1004  (T=$2,397, own_wt=0.19)
    A5009411980: -0.2589 -> +0.0138  (T=$661, own_wt=0.06)
    A5014945614: +0.2768 -> +0.0702  (T=$1,694, own_wt=0.14)
    A5067529915: -0.1451 -> +0.0146  (T=$1,179, own_wt=0.11)
    A5006559011: -0.0819 -> +0.0212  (T=$1,014, own_wt=0.09)
Imputing shares  (method=knn)  ...
Aggregating: z_hat = S_hat @ g,  S_sum = rowsum(S_hat) ...
  effective number of shocks (BHJ-style): 14.14

  --- Exposure level comparison ---
  Self-imputed FOIA exposure (S @ g):
    n nonzero PIs: 208/208
    mean=+0.03120  sd=0.02559  med=+0.02555
  Universe imputed exposure (S_hat @ g):
    n nonzero authors: 1,783,003/1,860,867
    mean=+0.03249  sd=0.01643  med=+0.02788

--- Shock balance (Borusyak-Hull-Jaravel) ---
  Regression: g_k = a + b * X_bar_k + e,  weights = Sum_i s_ik
  H0: shocks are quasi-randomly assigned wrt pre-period X => b approx 0

  characteristic                beta          se        t       p
  log_total_spend            +0.4376      0.1701    +2.57   0.010
  log_lab_spend              +0.3856      0.1648    +2.34   0.019
  n_cats                     +0.0061      0.0045    +1.38   0.169
  lab_share                  -1.4334      1.5973    -0.90   0.370
  top-10 |Rotemberg weight| markets:
    us fbs                                    alpha_k=+0.717  s_bar=0.0464  g=+0.4812
    chemiluminescent substrates               alpha_k=+0.114  s_bar=0.0230  g=+0.1540
    site-directed mutagenesis systems         alpha_k=-0.078  s_bar=0.0061  g=-0.3961
    first-strand cdna synthesis systems       alpha_k=+0.075  s_bar=0.0118  g=+0.1964
    pre-cast bis-tris gels                    alpha_k=+0.041  s_bar=0.0043  g=+0.2985
    cell culture dissociation reagents        alpha_k=+0.032  s_bar=0.0039  g=+0.2543
    cell culture nutritional supplements - tryptone  alpha_k=+0.028  s_bar=0.0060  g=+0.1471
    column-based dna plasmid miniprep         alpha_k=+0.024  s_bar=0.0057  g=+0.1307
    column-based microbial dna purification kits  alpha_k=+0.024  s_bar=0.0019  g=+0.3817
    rnase inhibitors                          alpha_k=-0.020  s_bar=0.0029  g=-0.2215
  cluster filter (../../external/us_appended_text/author_static_clusters_30.csv, min-foia-per-cluster=1): kept 1,613,853/1,860,867
  ls filter (../../external/us_appended_text/author_ls_authors_indiv.csv): kept 1,320,966/1,613,853
  Saved ../../output/shock_balance_hc_ebp10k_cf_lsa_k3.csv
  Saved ../../output/foia_self_exposure_hc_ebp10k_cf_lsa_k3.csv  (shrunk anchor-level self exposure)
  Saved ../../output/final_imputed_shift_share_hc_ebp10k_cf_lsa_k3.csv
  Saved ../../output/imputed_shares_matrix_hc_ebp10k_cf_lsa_k3.npz  (universe x K_treated imputed share matrix)
  Saved ../../output/imputed_shares_markets_hc_ebp10k_cf_lsa_k3.csv

==============================================================================
version=all   method=knn   tag=''
==============================================================================
Building FOIA share matrix S from ../../external/exposure_wts/athr_exposure_by_category_all.dta (version=all) ...
  S shape: (208, 46)  nnz: 1,414  density: 0.1478
  FOIA PIs with >=1 treated-market share: 208 / 208
  per-market coverage: min=3  p5=3  p50=27  p95=66  max=106

  --- EB shrinkage (alpha=$10,000, prior=peer) ---
  rows shrunk: 208/208  (T=0 rows left at zero)
  self-exposure sd across anchors: raw=0.0315  shrunk=0.0144  (retained 46%)
  own-data weight T/(T+alpha): p25=0.54  p50=0.76  p75=0.87
  largest self-exposure changes:
    A5087101891: +0.3466 -> +0.0828  (T=$2,640, own_wt=0.21)
    A5014945614: +0.1544 -> +0.0468  (T=$3,037, own_wt=0.23)
    A5009411980: -0.0753 -> -0.0036  (T=$2,272, own_wt=0.19)
    A5067529915: -0.0472 -> -0.0028  (T=$3,625, own_wt=0.27)
    A5056763319: +0.0576 -> +0.0296  (T=$5,379, own_wt=0.35)
Imputing shares  (method=knn)  ...
Aggregating: z_hat = S_hat @ g,  S_sum = rowsum(S_hat) ...
  effective number of shocks (BHJ-style): 14.89

  --- Exposure level comparison ---
  Self-imputed FOIA exposure (S @ g):
    n nonzero PIs: 208/208
    mean=+0.01202  sd=0.01444  med=+0.00802
  Universe imputed exposure (S_hat @ g):
    n nonzero authors: 1,783,003/1,860,867
    mean=+0.01306  sd=0.00995  med=+0.00995

--- Shock balance (Borusyak-Hull-Jaravel) ---
  Regression: g_k = a + b * X_bar_k + e,  weights = Sum_i s_ik
  H0: shocks are quasi-randomly assigned wrt pre-period X => b approx 0

  characteristic                beta          se        t       p
  log_total_spend            +0.2625      0.1047    +2.51   0.012
  log_lab_spend              +0.2357      0.1015    +2.32   0.020
  n_cats                     +0.0044      0.0028    +1.53   0.126
  lab_share                  -1.0654      1.0751    -0.99   0.322
  top-10 |Rotemberg weight| markets:
    us fbs                                    alpha_k=+0.692  s_bar=0.0180  g=+0.4812
    chemiluminescent substrates               alpha_k=+0.114  s_bar=0.0093  g=+0.1540
    first-strand cdna synthesis systems       alpha_k=+0.080  s_bar=0.0051  g=+0.1964
    site-directed mutagenesis systems         alpha_k=-0.072  s_bar=0.0023  g=-0.3961
    column-based microbial dna purification kits  alpha_k=+0.046  s_bar=0.0015  g=+0.3817
    pre-cast bis-tris gels                    alpha_k=+0.043  s_bar=0.0018  g=+0.2985
    cell culture dissociation reagents        alpha_k=+0.035  s_bar=0.0017  g=+0.2543
    cell culture nutritional supplements - tryptone  alpha_k=+0.026  s_bar=0.0022  g=+0.1471
    column-based dna plasmid miniprep         alpha_k=+0.025  s_bar=0.0023  g=+0.1307
    rnase inhibitors                          alpha_k=-0.023  s_bar=0.0013  g=-0.2215
  cluster filter (../../external/us_appended_text/author_static_clusters_30.csv, min-foia-per-cluster=1): kept 1,613,853/1,860,867
  ls filter (../../external/us_appended_text/author_ls_authors_indiv.csv): kept 1,320,966/1,613,853
  Saved ../../output/shock_balance_all_ebp10k_cf_lsa_k3.csv
  Saved ../../output/foia_self_exposure_all_ebp10k_cf_lsa_k3.csv  (shrunk anchor-level self exposure)
  Saved ../../output/final_imputed_shift_share_all_ebp10k_cf_lsa_k3.csv
  Saved ../../output/imputed_shares_matrix_all_ebp10k_cf_lsa_k3.npz  (universe x K_treated imputed share matrix)
  Saved ../../output/imputed_shares_markets_all_ebp10k_cf_lsa_k3.csv

==============================================================================
version=treated_hc   method=knn   tag=''
==============================================================================
Building FOIA share matrix S from ../../external/exposure_wts/athr_exposure_by_category_treated_hc.dta (version=treated_hc) ...
  S shape: (208, 46)  nnz: 1,414  density: 0.1478
  FOIA PIs with >=1 treated-market share: 208 / 208
  per-market coverage: min=3  p5=3  p50=27  p95=66  max=106

  --- EB shrinkage (alpha=$10,000, prior=peer) ---
  rows shrunk: 208/208  (T=0 rows left at zero)
  self-exposure sd across anchors: raw=0.1314  shrunk=0.0378  (retained 29%)
  own-data weight T/(T+alpha): p25=0.07  p50=0.18  p75=0.37
  largest self-exposure changes:
    A5067529915: -0.3961 -> +0.1154  (T=$432, own_wt=0.04)
    A5009411980: -0.3961 -> +0.1119  (T=$432, own_wt=0.04)
    A5018983460: -0.3961 -> +0.1086  (T=$794, own_wt=0.07)
    A5064294448: -0.3564 -> +0.0422  (T=$2,312, own_wt=0.19)
    A5003210434: +0.4670 -> +0.1795  (T=$1,340, own_wt=0.12)
Imputing shares  (method=knn)  ...
Aggregating: z_hat = S_hat @ g,  S_sum = rowsum(S_hat) ...
  effective number of shocks (BHJ-style): 13.48

  --- Exposure level comparison ---
  Self-imputed FOIA exposure (S @ g):
    n nonzero PIs: 208/208
    mean=+0.13420  sd=0.03778  med=+0.13077
  Universe imputed exposure (S_hat @ g):
    n nonzero authors: 1,783,003/1,860,867
    mean=+0.13758  sd=0.02568  med=+0.13412

--- Shock balance (Borusyak-Hull-Jaravel) ---
  Regression: g_k = a + b * X_bar_k + e,  weights = Sum_i s_ik
  H0: shocks are quasi-randomly assigned wrt pre-period X => b approx 0

  characteristic                beta          se        t       p
  log_total_spend            +0.7978      0.4263    +1.87   0.061
  log_lab_spend              +0.7014      0.4057    +1.73   0.084
  n_cats                     +0.0049      0.0098    +0.50   0.618
  lab_share                  -0.9434      3.2859    -0.29   0.774
  top-10 |Rotemberg weight| markets:
    us fbs                                    alpha_k=+0.721  s_bar=0.1976  g=+0.4812
    chemiluminescent substrates               alpha_k=+0.115  s_bar=0.0980  g=+0.1540
    site-directed mutagenesis systems         alpha_k=-0.078  s_bar=0.0259  g=-0.3961
    first-strand cdna synthesis systems       alpha_k=+0.073  s_bar=0.0492  g=+0.1964
    pre-cast bis-tris gels                    alpha_k=+0.043  s_bar=0.0189  g=+0.2985
    cell culture nutritional supplements - tryptone  alpha_k=+0.030  s_bar=0.0267  g=+0.1471
    column-based dna plasmid miniprep         alpha_k=+0.025  s_bar=0.0248  g=+0.1307
    cell culture dissociation reagents        alpha_k=+0.024  s_bar=0.0126  g=+0.2543
    high-fidelity dna polymerase              alpha_k=+0.020  s_bar=0.0245  g=+0.1055
    unstained dna ladders                     alpha_k=-0.019  s_bar=0.0187  g=-0.1326
  cluster filter (../../external/us_appended_text/author_static_clusters_30.csv, min-foia-per-cluster=1): kept 1,613,853/1,860,867
  ls filter (../../external/us_appended_text/author_ls_authors_indiv.csv): kept 1,320,966/1,613,853
  Saved ../../output/shock_balance_treated_hc_ebp10k_cf_lsa_k3.csv
  Saved ../../output/foia_self_exposure_treated_hc_ebp10k_cf_lsa_k3.csv  (shrunk anchor-level self exposure)
  Saved ../../output/final_imputed_shift_share_treated_hc_ebp10k_cf_lsa_k3.csv
  Saved ../../output/imputed_shares_matrix_treated_hc_ebp10k_cf_lsa_k3.npz  (universe x K_treated imputed share matrix)
  Saved ../../output/imputed_shares_markets_treated_hc_ebp10k_cf_lsa_k3.csv

==============================================================================
Per-version shift-share imputation summary
==============================================================================
   version method  n_foia_with_shares  z_hat_mean_universe  z_hat_sd_universe  S_sum_mean_universe  S_sum_sd_universe  eff_n_shocks
        hc    knn                 208               0.0311             0.0173               0.2317             0.0675       14.1372
       all    knn                 208               0.0125             0.0101               0.0947             0.0359       14.8866
treated_hc    knn                 208               0.1318             0.0373               0.9582             0.2002       13.4810

Saved ../../output/shift_share_summary_ebp10k_cf_lsa_k3.csv
Done!
Loading universe + FOIA id orders ...
Loading shocks from /n/holylabs/LABS/pakes_lab/Lab/sci_eq/analysis/first_stage/output/did_coefs_eb_price.dta ...
  markets with shocks: 46
  g_k stats: mean=0.0669  sd=0.1804  min=-0.3961  max=0.7120
Loading W (tag='', k=3) ...
  W shape: (1860867, 208)  nnz: 5,011,841
  W rows with any weight: 1,783,003/1,860,867
  W row-sum stats (nonzero rows): mean=1.0000  p5=1.0000  p95=1.0000
Computing FOIA pre-period characteristics ...

==============================================================================
version=hc   method=knn   tag=''
==============================================================================
Building FOIA share matrix S from ../../external/exposure_wts/athr_exposure_by_category_hc.dta (version=hc) ...
  S shape: (208, 46)  nnz: 1,414  density: 0.1478
  FOIA PIs with >=1 treated-market share: 208 / 208
  per-market coverage: min=3  p5=3  p50=27  p95=66  max=106

  --- EB shrinkage (alpha=$10,000, prior=cluster) ---
  rows shrunk: 208/208  (T=0 rows left at zero)
  self-exposure sd across anchors: raw=0.0563  shrunk=0.0285  (retained 51%)
  own-data weight T/(T+alpha): p25=0.30  p50=0.55  p75=0.74
  largest self-exposure changes:
    A5087101891: +0.3817 -> +0.0924  (T=$2,397, own_wt=0.19)
    A5009411980: -0.2589 -> -0.0073  (T=$661, own_wt=0.06)
    A5014945614: +0.2768 -> +0.0531  (T=$1,694, own_wt=0.14)
    A5067529915: -0.1451 -> -0.0069  (T=$1,179, own_wt=0.11)
    A5006559011: -0.0819 -> +0.0371  (T=$1,014, own_wt=0.09)
Imputing shares  (method=knn)  ...
Aggregating: z_hat = S_hat @ g,  S_sum = rowsum(S_hat) ...
  effective number of shocks (BHJ-style): 15.64

  --- Exposure level comparison ---
  Self-imputed FOIA exposure (S @ g):
    n nonzero PIs: 208/208
    mean=+0.02873  sd=0.02855  med=+0.02062
  Universe imputed exposure (S_hat @ g):
    n nonzero authors: 1,783,003/1,860,867
    mean=+0.03004  sd=0.01879  med=+0.02632

--- Shock balance (Borusyak-Hull-Jaravel) ---
  Regression: g_k = a + b * X_bar_k + e,  weights = Sum_i s_ik
  H0: shocks are quasi-randomly assigned wrt pre-period X => b approx 0

  characteristic                beta          se        t       p
  log_total_spend            +0.3762      0.1045    +3.60   0.000
  log_lab_spend              +0.3425      0.1039    +3.30   0.001
  n_cats                     +0.0071      0.0031    +2.32   0.020
  lab_share                  -1.0681      1.3534    -0.79   0.430
  top-10 |Rotemberg weight| markets:
    us fbs                                    alpha_k=+0.706  s_bar=0.0422  g=+0.4812
    chemiluminescent substrates               alpha_k=+0.112  s_bar=0.0209  g=+0.1540
    site-directed mutagenesis systems         alpha_k=-0.082  s_bar=0.0060  g=-0.3961
    first-strand cdna synthesis systems       alpha_k=+0.072  s_bar=0.0105  g=+0.1964
    pre-cast bis-tris gels                    alpha_k=+0.045  s_bar=0.0043  g=+0.2985
    cell culture dissociation reagents        alpha_k=+0.036  s_bar=0.0041  g=+0.2543
    column-based dna plasmid miniprep         alpha_k=+0.032  s_bar=0.0071  g=+0.1307
    rnase inhibitors                          alpha_k=-0.027  s_bar=0.0035  g=-0.2215
    column-based microbial dna purification kits  alpha_k=+0.026  s_bar=0.0019  g=+0.3817
    cell culture nutritional supplements - tryptone  alpha_k=+0.025  s_bar=0.0049  g=+0.1471
  ls filter (../../external/us_appended_text/author_ls_authors_indiv.csv): kept 1,462,984/1,860,867
  Saved ../../output/shock_balance_hc_ebc10k_lsa_k3.csv
  Saved ../../output/foia_self_exposure_hc_ebc10k_lsa_k3.csv  (shrunk anchor-level self exposure)
  Saved ../../output/final_imputed_shift_share_hc_ebc10k_lsa_k3.csv
  Saved ../../output/imputed_shares_matrix_hc_ebc10k_lsa_k3.npz  (universe x K_treated imputed share matrix)
  Saved ../../output/imputed_shares_markets_hc_ebc10k_lsa_k3.csv

==============================================================================
version=all   method=knn   tag=''
==============================================================================
Building FOIA share matrix S from ../../external/exposure_wts/athr_exposure_by_category_all.dta (version=all) ...
  S shape: (208, 46)  nnz: 1,414  density: 0.1478
  FOIA PIs with >=1 treated-market share: 208 / 208
  per-market coverage: min=3  p5=3  p50=27  p95=66  max=106

  --- EB shrinkage (alpha=$10,000, prior=cluster) ---
  rows shrunk: 208/208  (T=0 rows left at zero)
  self-exposure sd across anchors: raw=0.0315  shrunk=0.0151  (retained 48%)
  own-data weight T/(T+alpha): p25=0.54  p50=0.76  p75=0.87
  largest self-exposure changes:
    A5087101891: +0.3466 -> +0.0804  (T=$2,640, own_wt=0.21)
    A5014945614: +0.1544 -> +0.0401  (T=$3,037, own_wt=0.23)
    A5009411980: -0.0753 -> -0.0115  (T=$2,272, own_wt=0.19)
    A5067529915: -0.0472 -> -0.0104  (T=$3,625, own_wt=0.27)
    A5023125790: +0.0389 -> +0.0031  (T=$97, own_wt=0.01)
Imputing shares  (method=knn)  ...
Aggregating: z_hat = S_hat @ g,  S_sum = rowsum(S_hat) ...
  effective number of shocks (BHJ-style): 16.35

  --- Exposure level comparison ---
  Self-imputed FOIA exposure (S @ g):
    n nonzero PIs: 208/208
    mean=+0.01132  sd=0.01511  med=+0.00679
  Universe imputed exposure (S_hat @ g):
    n nonzero authors: 1,783,003/1,860,867
    mean=+0.01243  sd=0.01056  med=+0.00919

--- Shock balance (Borusyak-Hull-Jaravel) ---
  Regression: g_k = a + b * X_bar_k + e,  weights = Sum_i s_ik
  H0: shocks are quasi-randomly assigned wrt pre-period X => b approx 0

  characteristic                beta          se        t       p
  log_total_spend            +0.2566      0.0797    +3.22   0.001
  log_lab_spend              +0.2283      0.0790    +2.89   0.004
  n_cats                     +0.0049      0.0023    +2.14   0.032
  lab_share                  -1.2316      0.9774    -1.26   0.208
  top-10 |Rotemberg weight| markets:
    us fbs                                    alpha_k=+0.674  s_bar=0.0167  g=+0.4812
    chemiluminescent substrates               alpha_k=+0.113  s_bar=0.0087  g=+0.1540
    first-strand cdna synthesis systems       alpha_k=+0.076  s_bar=0.0046  g=+0.1964
    site-directed mutagenesis systems         alpha_k=-0.072  s_bar=0.0022  g=-0.3961
    column-based microbial dna purification kits  alpha_k=+0.049  s_bar=0.0015  g=+0.3817
    pre-cast bis-tris gels                    alpha_k=+0.046  s_bar=0.0018  g=+0.2985
    cell culture dissociation reagents        alpha_k=+0.039  s_bar=0.0018  g=+0.2543
    column-based dna plasmid miniprep         alpha_k=+0.035  s_bar=0.0032  g=+0.1307
    rnase inhibitors                          alpha_k=-0.028  s_bar=0.0015  g=-0.2215
    cell culture nutritional supplements - tryptone  alpha_k=+0.024  s_bar=0.0019  g=+0.1471
  ls filter (../../external/us_appended_text/author_ls_authors_indiv.csv): kept 1,462,984/1,860,867
  Saved ../../output/shock_balance_all_ebc10k_lsa_k3.csv
  Saved ../../output/foia_self_exposure_all_ebc10k_lsa_k3.csv  (shrunk anchor-level self exposure)
  Saved ../../output/final_imputed_shift_share_all_ebc10k_lsa_k3.csv
  Saved ../../output/imputed_shares_matrix_all_ebc10k_lsa_k3.npz  (universe x K_treated imputed share matrix)
  Saved ../../output/imputed_shares_markets_all_ebc10k_lsa_k3.csv

==============================================================================
version=treated_hc   method=knn   tag=''
==============================================================================
Building FOIA share matrix S from ../../external/exposure_wts/athr_exposure_by_category_treated_hc.dta (version=treated_hc) ...
  S shape: (208, 46)  nnz: 1,414  density: 0.1478
  FOIA PIs with >=1 treated-market share: 208 / 208
  per-market coverage: min=3  p5=3  p50=27  p95=66  max=106

  --- EB shrinkage (alpha=$10,000, prior=cluster) ---
  rows shrunk: 208/208  (T=0 rows left at zero)
  self-exposure sd across anchors: raw=0.1314  shrunk=0.0590  (retained 45%)
  own-data weight T/(T+alpha): p25=0.07  p50=0.18  p75=0.37
  largest self-exposure changes:
    A5009411980: -0.3961 -> +0.0520  (T=$432, own_wt=0.04)
    A5067529915: -0.3961 -> +0.0520  (T=$432, own_wt=0.04)
    A5018983460: -0.3961 -> +0.0151  (T=$794, own_wt=0.07)
    A5064294448: -0.3564 -> +0.0032  (T=$2,312, own_wt=0.19)
    A5006559011: -0.1578 -> +0.1532  (T=$527, own_wt=0.05)
Imputing shares  (method=knn)  ...
Aggregating: z_hat = S_hat @ g,  S_sum = rowsum(S_hat) ...
  effective number of shocks (BHJ-style): 14.76

  --- Exposure level comparison ---
  Self-imputed FOIA exposure (S @ g):
    n nonzero PIs: 208/208
    mean=+0.12240  sd=0.05900  med=+0.12935
  Universe imputed exposure (S_hat @ g):
    n nonzero authors: 1,783,003/1,860,867
    mean=+0.12771  sd=0.04129  med=+0.12768

--- Shock balance (Borusyak-Hull-Jaravel) ---
  Regression: g_k = a + b * X_bar_k + e,  weights = Sum_i s_ik
  H0: shocks are quasi-randomly assigned wrt pre-period X => b approx 0

  characteristic                beta          se        t       p
  log_total_spend            +0.5985      0.1715    +3.49   0.000
  log_lab_spend              +0.5850      0.1693    +3.45   0.001
  n_cats                     +0.0105      0.0051    +2.04   0.042
  lab_share                  +1.0470      2.2099    +0.47   0.636
  top-10 |Rotemberg weight| markets:
    us fbs                                    alpha_k=+0.720  s_bar=0.1830  g=+0.4812
    chemiluminescent substrates               alpha_k=+0.115  s_bar=0.0912  g=+0.1540
    site-directed mutagenesis systems         alpha_k=-0.089  s_bar=0.0275  g=-0.3961
    first-strand cdna synthesis systems       alpha_k=+0.074  s_bar=0.0461  g=+0.1964
    pre-cast bis-tris gels                    alpha_k=+0.047  s_bar=0.0192  g=+0.2985
    column-based dna plasmid miniprep         alpha_k=+0.032  s_bar=0.0296  g=+0.1307
    cell culture nutritional supplements - tryptone  alpha_k=+0.026  s_bar=0.0215  g=+0.1471
    rnase inhibitors                          alpha_k=-0.024  s_bar=0.0134  g=-0.2215
    cell culture dissociation reagents        alpha_k=+0.024  s_bar=0.0116  g=+0.2543
    high-fidelity dna polymerase              alpha_k=+0.024  s_bar=0.0278  g=+0.1055
  ls filter (../../external/us_appended_text/author_ls_authors_indiv.csv): kept 1,462,984/1,860,867
  Saved ../../output/shock_balance_treated_hc_ebc10k_lsa_k3.csv
  Saved ../../output/foia_self_exposure_treated_hc_ebc10k_lsa_k3.csv  (shrunk anchor-level self exposure)
  Saved ../../output/final_imputed_shift_share_treated_hc_ebc10k_lsa_k3.csv
  Saved ../../output/imputed_shares_matrix_treated_hc_ebc10k_lsa_k3.npz  (universe x K_treated imputed share matrix)
  Saved ../../output/imputed_shares_markets_treated_hc_ebc10k_lsa_k3.csv

==============================================================================
Per-version shift-share imputation summary
==============================================================================
   version method  n_foia_with_shares  z_hat_mean_universe  z_hat_sd_universe  S_sum_mean_universe  S_sum_sd_universe  eff_n_shocks
        hc    knn                 208               0.0288             0.0194               0.2318             0.0733       15.6370
       all    knn                 208               0.0119             0.0106               0.0975             0.0403       16.3493
treated_hc    knn                 208               0.1224             0.0478               0.9582             0.2002       14.7563

Saved ../../output/shift_share_summary_ebc10k_lsa_k3.csv
Done!
Loading universe + FOIA id orders ...
Loading shocks from /n/holylabs/LABS/pakes_lab/Lab/sci_eq/analysis/first_stage/output/did_coefs_eb_price.dta ...
  markets with shocks: 46
  g_k stats: mean=0.0669  sd=0.1804  min=-0.3961  max=0.7120
Loading W (tag='', k=3) ...
  W shape: (1860867, 208)  nnz: 5,011,841
  W rows with any weight: 1,783,003/1,860,867
  W row-sum stats (nonzero rows): mean=1.0000  p5=1.0000  p95=1.0000
Computing FOIA pre-period characteristics ...

==============================================================================
version=hc   method=knn   tag=''
==============================================================================
Building FOIA share matrix S from ../../external/exposure_wts/athr_exposure_by_category_hc.dta (version=hc) ...
  S shape: (208, 46)  nnz: 1,414  density: 0.1478
  FOIA PIs with >=1 treated-market share: 208 / 208
  per-market coverage: min=3  p5=3  p50=27  p95=66  max=106

  --- EB shrinkage (alpha=$10,000, prior=cluster) ---
  rows shrunk: 208/208  (T=0 rows left at zero)
  self-exposure sd across anchors: raw=0.0563  shrunk=0.0285  (retained 51%)
  own-data weight T/(T+alpha): p25=0.30  p50=0.55  p75=0.74
  largest self-exposure changes:
    A5087101891: +0.3817 -> +0.0924  (T=$2,397, own_wt=0.19)
    A5009411980: -0.2589 -> -0.0073  (T=$661, own_wt=0.06)
    A5014945614: +0.2768 -> +0.0531  (T=$1,694, own_wt=0.14)
    A5067529915: -0.1451 -> -0.0069  (T=$1,179, own_wt=0.11)
    A5006559011: -0.0819 -> +0.0371  (T=$1,014, own_wt=0.09)
Imputing shares  (method=knn)  ...
Aggregating: z_hat = S_hat @ g,  S_sum = rowsum(S_hat) ...
  effective number of shocks (BHJ-style): 15.64

  --- Exposure level comparison ---
  Self-imputed FOIA exposure (S @ g):
    n nonzero PIs: 208/208
    mean=+0.02873  sd=0.02855  med=+0.02062
  Universe imputed exposure (S_hat @ g):
    n nonzero authors: 1,783,003/1,860,867
    mean=+0.03004  sd=0.01879  med=+0.02632

--- Shock balance (Borusyak-Hull-Jaravel) ---
  Regression: g_k = a + b * X_bar_k + e,  weights = Sum_i s_ik
  H0: shocks are quasi-randomly assigned wrt pre-period X => b approx 0

  characteristic                beta          se        t       p
  log_total_spend            +0.3762      0.1045    +3.60   0.000
  log_lab_spend              +0.3425      0.1039    +3.30   0.001
  n_cats                     +0.0071      0.0031    +2.32   0.020
  lab_share                  -1.0681      1.3534    -0.79   0.430
  top-10 |Rotemberg weight| markets:
    us fbs                                    alpha_k=+0.706  s_bar=0.0422  g=+0.4812
    chemiluminescent substrates               alpha_k=+0.112  s_bar=0.0209  g=+0.1540
    site-directed mutagenesis systems         alpha_k=-0.082  s_bar=0.0060  g=-0.3961
    first-strand cdna synthesis systems       alpha_k=+0.072  s_bar=0.0105  g=+0.1964
    pre-cast bis-tris gels                    alpha_k=+0.045  s_bar=0.0043  g=+0.2985
    cell culture dissociation reagents        alpha_k=+0.036  s_bar=0.0041  g=+0.2543
    column-based dna plasmid miniprep         alpha_k=+0.032  s_bar=0.0071  g=+0.1307
    rnase inhibitors                          alpha_k=-0.027  s_bar=0.0035  g=-0.2215
    column-based microbial dna purification kits  alpha_k=+0.026  s_bar=0.0019  g=+0.3817
    cell culture nutritional supplements - tryptone  alpha_k=+0.025  s_bar=0.0049  g=+0.1471
  cluster filter (../../external/us_appended_text/author_static_clusters_30.csv, min-foia-per-cluster=1): kept 1,613,853/1,860,867
  ls filter (../../external/us_appended_text/author_ls_authors_indiv.csv): kept 1,320,966/1,613,853
  Saved ../../output/shock_balance_hc_ebc10k_cf_lsa_k3.csv
  Saved ../../output/foia_self_exposure_hc_ebc10k_cf_lsa_k3.csv  (shrunk anchor-level self exposure)
  Saved ../../output/final_imputed_shift_share_hc_ebc10k_cf_lsa_k3.csv
  Saved ../../output/imputed_shares_matrix_hc_ebc10k_cf_lsa_k3.npz  (universe x K_treated imputed share matrix)
  Saved ../../output/imputed_shares_markets_hc_ebc10k_cf_lsa_k3.csv

==============================================================================
version=all   method=knn   tag=''
==============================================================================
Building FOIA share matrix S from ../../external/exposure_wts/athr_exposure_by_category_all.dta (version=all) ...
  S shape: (208, 46)  nnz: 1,414  density: 0.1478
  FOIA PIs with >=1 treated-market share: 208 / 208
  per-market coverage: min=3  p5=3  p50=27  p95=66  max=106

  --- EB shrinkage (alpha=$10,000, prior=cluster) ---
  rows shrunk: 208/208  (T=0 rows left at zero)
  self-exposure sd across anchors: raw=0.0315  shrunk=0.0151  (retained 48%)
  own-data weight T/(T+alpha): p25=0.54  p50=0.76  p75=0.87
  largest self-exposure changes:
    A5087101891: +0.3466 -> +0.0804  (T=$2,640, own_wt=0.21)
    A5014945614: +0.1544 -> +0.0401  (T=$3,037, own_wt=0.23)
    A5009411980: -0.0753 -> -0.0115  (T=$2,272, own_wt=0.19)
    A5067529915: -0.0472 -> -0.0104  (T=$3,625, own_wt=0.27)
    A5023125790: +0.0389 -> +0.0031  (T=$97, own_wt=0.01)
Imputing shares  (method=knn)  ...
Aggregating: z_hat = S_hat @ g,  S_sum = rowsum(S_hat) ...
  effective number of shocks (BHJ-style): 16.35

  --- Exposure level comparison ---
  Self-imputed FOIA exposure (S @ g):
    n nonzero PIs: 208/208
    mean=+0.01132  sd=0.01511  med=+0.00679
  Universe imputed exposure (S_hat @ g):
    n nonzero authors: 1,783,003/1,860,867
    mean=+0.01243  sd=0.01056  med=+0.00919

--- Shock balance (Borusyak-Hull-Jaravel) ---
  Regression: g_k = a + b * X_bar_k + e,  weights = Sum_i s_ik
  H0: shocks are quasi-randomly assigned wrt pre-period X => b approx 0

  characteristic                beta          se        t       p
  log_total_spend            +0.2566      0.0797    +3.22   0.001
  log_lab_spend              +0.2283      0.0790    +2.89   0.004
  n_cats                     +0.0049      0.0023    +2.14   0.032
  lab_share                  -1.2316      0.9774    -1.26   0.208
  top-10 |Rotemberg weight| markets:
    us fbs                                    alpha_k=+0.674  s_bar=0.0167  g=+0.4812
    chemiluminescent substrates               alpha_k=+0.113  s_bar=0.0087  g=+0.1540
    first-strand cdna synthesis systems       alpha_k=+0.076  s_bar=0.0046  g=+0.1964
    site-directed mutagenesis systems         alpha_k=-0.072  s_bar=0.0022  g=-0.3961
    column-based microbial dna purification kits  alpha_k=+0.049  s_bar=0.0015  g=+0.3817
    pre-cast bis-tris gels                    alpha_k=+0.046  s_bar=0.0018  g=+0.2985
    cell culture dissociation reagents        alpha_k=+0.039  s_bar=0.0018  g=+0.2543
    column-based dna plasmid miniprep         alpha_k=+0.035  s_bar=0.0032  g=+0.1307
    rnase inhibitors                          alpha_k=-0.028  s_bar=0.0015  g=-0.2215
    cell culture nutritional supplements - tryptone  alpha_k=+0.024  s_bar=0.0019  g=+0.1471
  cluster filter (../../external/us_appended_text/author_static_clusters_30.csv, min-foia-per-cluster=1): kept 1,613,853/1,860,867
  ls filter (../../external/us_appended_text/author_ls_authors_indiv.csv): kept 1,320,966/1,613,853
  Saved ../../output/shock_balance_all_ebc10k_cf_lsa_k3.csv
  Saved ../../output/foia_self_exposure_all_ebc10k_cf_lsa_k3.csv  (shrunk anchor-level self exposure)
  Saved ../../output/final_imputed_shift_share_all_ebc10k_cf_lsa_k3.csv
  Saved ../../output/imputed_shares_matrix_all_ebc10k_cf_lsa_k3.npz  (universe x K_treated imputed share matrix)
  Saved ../../output/imputed_shares_markets_all_ebc10k_cf_lsa_k3.csv

==============================================================================
version=treated_hc   method=knn   tag=''
==============================================================================
Building FOIA share matrix S from ../../external/exposure_wts/athr_exposure_by_category_treated_hc.dta (version=treated_hc) ...
  S shape: (208, 46)  nnz: 1,414  density: 0.1478
  FOIA PIs with >=1 treated-market share: 208 / 208
  per-market coverage: min=3  p5=3  p50=27  p95=66  max=106

  --- EB shrinkage (alpha=$10,000, prior=cluster) ---
  rows shrunk: 208/208  (T=0 rows left at zero)
  self-exposure sd across anchors: raw=0.1314  shrunk=0.0590  (retained 45%)
  own-data weight T/(T+alpha): p25=0.07  p50=0.18  p75=0.37
  largest self-exposure changes:
    A5009411980: -0.3961 -> +0.0520  (T=$432, own_wt=0.04)
    A5067529915: -0.3961 -> +0.0520  (T=$432, own_wt=0.04)
    A5018983460: -0.3961 -> +0.0151  (T=$794, own_wt=0.07)
    A5064294448: -0.3564 -> +0.0032  (T=$2,312, own_wt=0.19)
    A5006559011: -0.1578 -> +0.1532  (T=$527, own_wt=0.05)
Imputing shares  (method=knn)  ...
Aggregating: z_hat = S_hat @ g,  S_sum = rowsum(S_hat) ...
  effective number of shocks (BHJ-style): 14.76

  --- Exposure level comparison ---
  Self-imputed FOIA exposure (S @ g):
    n nonzero PIs: 208/208
    mean=+0.12240  sd=0.05900  med=+0.12935
  Universe imputed exposure (S_hat @ g):
    n nonzero authors: 1,783,003/1,860,867
    mean=+0.12771  sd=0.04129  med=+0.12768

--- Shock balance (Borusyak-Hull-Jaravel) ---
  Regression: g_k = a + b * X_bar_k + e,  weights = Sum_i s_ik
  H0: shocks are quasi-randomly assigned wrt pre-period X => b approx 0

  characteristic                beta          se        t       p
  log_total_spend            +0.5985      0.1715    +3.49   0.000
  log_lab_spend              +0.5850      0.1693    +3.45   0.001
  n_cats                     +0.0105      0.0051    +2.04   0.042
  lab_share                  +1.0470      2.2099    +0.47   0.636
  top-10 |Rotemberg weight| markets:
    us fbs                                    alpha_k=+0.720  s_bar=0.1830  g=+0.4812
    chemiluminescent substrates               alpha_k=+0.115  s_bar=0.0912  g=+0.1540
    site-directed mutagenesis systems         alpha_k=-0.089  s_bar=0.0275  g=-0.3961
    first-strand cdna synthesis systems       alpha_k=+0.074  s_bar=0.0461  g=+0.1964
    pre-cast bis-tris gels                    alpha_k=+0.047  s_bar=0.0192  g=+0.2985
    column-based dna plasmid miniprep         alpha_k=+0.032  s_bar=0.0296  g=+0.1307
    cell culture nutritional supplements - tryptone  alpha_k=+0.026  s_bar=0.0215  g=+0.1471
    rnase inhibitors                          alpha_k=-0.024  s_bar=0.0134  g=-0.2215
    cell culture dissociation reagents        alpha_k=+0.024  s_bar=0.0116  g=+0.2543
    high-fidelity dna polymerase              alpha_k=+0.024  s_bar=0.0278  g=+0.1055
  cluster filter (../../external/us_appended_text/author_static_clusters_30.csv, min-foia-per-cluster=1): kept 1,613,853/1,860,867
  ls filter (../../external/us_appended_text/author_ls_authors_indiv.csv): kept 1,320,966/1,613,853
  Saved ../../output/shock_balance_treated_hc_ebc10k_cf_lsa_k3.csv
  Saved ../../output/foia_self_exposure_treated_hc_ebc10k_cf_lsa_k3.csv  (shrunk anchor-level self exposure)
  Saved ../../output/final_imputed_shift_share_treated_hc_ebc10k_cf_lsa_k3.csv
  Saved ../../output/imputed_shares_matrix_treated_hc_ebc10k_cf_lsa_k3.npz  (universe x K_treated imputed share matrix)
  Saved ../../output/imputed_shares_markets_treated_hc_ebc10k_cf_lsa_k3.csv

==============================================================================
Per-version shift-share imputation summary
==============================================================================
   version method  n_foia_with_shares  z_hat_mean_universe  z_hat_sd_universe  S_sum_mean_universe  S_sum_sd_universe  eff_n_shocks
        hc    knn                 208               0.0288             0.0194               0.2318             0.0733       15.6370
       all    knn                 208               0.0119             0.0106               0.0975             0.0403       16.3493
treated_hc    knn                 208               0.1224             0.0478               0.9582             0.2002       14.7563

Saved ../../output/shift_share_summary_ebc10k_cf_lsa_k3.csv
Done!
Loading universe + FOIA id orders ...
Loading shocks from /n/holylabs/LABS/pakes_lab/Lab/sci_eq/analysis/first_stage/output/did_coefs_eb_price.dta ...
  markets with shocks: 46
  g_k stats: mean=0.0669  sd=0.1804  min=-0.3961  max=0.7120
Loading W (tag='', k=3) ...
  W shape: (1860867, 208)  nnz: 5,011,841
  W rows with any weight: 1,783,003/1,860,867
  W row-sum stats (nonzero rows): mean=1.0000  p5=1.0000  p95=1.0000
Computing FOIA pre-period characteristics ...

==============================================================================
version=hc   method=knn   tag=''
==============================================================================
Building FOIA share matrix S from ../../external/exposure_wts/athr_exposure_by_category_hc.dta (version=hc) ...
  S shape: (208, 46)  nnz: 1,414  density: 0.1478
  FOIA PIs with >=1 treated-market share: 208 / 208
  per-market coverage: min=3  p5=3  p50=27  p95=66  max=106

  --- EB shrinkage (alpha=$12,108, prior=global) ---
  rows shrunk: 208/208  (T=0 rows left at zero)
  self-exposure sd across anchors: raw=0.0563  shrunk=0.0241  (retained 43%)
  own-data weight T/(T+alpha): p25=0.27  p50=0.50  p75=0.70
  largest self-exposure changes:
    A5087101891: +0.3817 -> +0.0931  (T=$2,397, own_wt=0.17)
    A5009411980: -0.2589 -> +0.0207  (T=$661, own_wt=0.05)
    A5014945614: +0.2768 -> +0.0656  (T=$1,694, own_wt=0.12)
    A5067529915: -0.1451 -> +0.0199  (T=$1,179, own_wt=0.09)
    A5006559011: -0.0819 -> +0.0269  (T=$1,014, own_wt=0.08)
Imputing shares  (method=knn)  ...
Aggregating: z_hat = S_hat @ g,  S_sum = rowsum(S_hat) ...
  effective number of shocks (BHJ-style): 13.84

  --- Exposure level comparison ---
  Self-imputed FOIA exposure (S @ g):
    n nonzero PIs: 208/208
    mean=+0.03249  sd=0.02405  med=+0.02768
  Universe imputed exposure (S_hat @ g):
    n nonzero authors: 1,783,003/1,860,867
    mean=+0.03381  sd=0.01518  med=+0.02989

--- Shock balance (Borusyak-Hull-Jaravel) ---
  Regression: g_k = a + b * X_bar_k + e,  weights = Sum_i s_ik
  H0: shocks are quasi-randomly assigned wrt pre-period X => b approx 0

  characteristic                beta          se        t       p
  log_total_spend            +0.4562      0.1989    +2.29   0.022
  log_lab_spend              +0.3952      0.1935    +2.04   0.041
  n_cats                     +0.0051      0.0048    +1.06   0.288
  lab_share                  -2.0762      1.8483    -1.12   0.261
  top-10 |Rotemberg weight| markets:
    us fbs                                    alpha_k=+0.724  s_bar=0.0487  g=+0.4812
    chemiluminescent substrates               alpha_k=+0.108  s_bar=0.0227  g=+0.1540
    first-strand cdna synthesis systems       alpha_k=+0.076  s_bar=0.0125  g=+0.1964
    site-directed mutagenesis systems         alpha_k=-0.074  s_bar=0.0060  g=-0.3961
    pre-cast bis-tris gels                    alpha_k=+0.041  s_bar=0.0045  g=+0.2985
    cell culture dissociation reagents        alpha_k=+0.031  s_bar=0.0039  g=+0.2543
    column-based dna plasmid miniprep         alpha_k=+0.025  s_bar=0.0062  g=+0.1307
    cell culture nutritional supplements - tryptone  alpha_k=+0.024  s_bar=0.0054  g=+0.1471
    rnase inhibitors                          alpha_k=-0.022  s_bar=0.0032  g=-0.2215
    column-based microbial dna purification kits  alpha_k=+0.021  s_bar=0.0018  g=+0.3817
  ls filter (../../external/us_appended_text/author_ls_authors_indiv.csv): kept 1,462,984/1,860,867
  Saved ../../output/shock_balance_hc_ebmed_lsa_k3.csv
  Saved ../../output/foia_self_exposure_hc_ebmed_lsa_k3.csv  (shrunk anchor-level self exposure)
  Saved ../../output/final_imputed_shift_share_hc_ebmed_lsa_k3.csv
  Saved ../../output/imputed_shares_matrix_hc_ebmed_lsa_k3.npz  (universe x K_treated imputed share matrix)
  Saved ../../output/imputed_shares_markets_hc_ebmed_lsa_k3.csv

==============================================================================
version=all   method=knn   tag=''
==============================================================================
Building FOIA share matrix S from ../../external/exposure_wts/athr_exposure_by_category_all.dta (version=all) ...
  S shape: (208, 46)  nnz: 1,414  density: 0.1478
  FOIA PIs with >=1 treated-market share: 208 / 208
  per-market coverage: min=3  p5=3  p50=27  p95=66  max=106

  --- EB shrinkage (alpha=$32,071, prior=global) ---
  rows shrunk: 208/208  (T=0 rows left at zero)
  self-exposure sd across anchors: raw=0.0315  shrunk=0.0104  (retained 33%)
  own-data weight T/(T+alpha): p25=0.26  p50=0.50  p75=0.67
  largest self-exposure changes:
    A5087101891: +0.3466 -> +0.0397  (T=$2,640, own_wt=0.08)
    A5014945614: +0.1544 -> +0.0266  (T=$3,037, own_wt=0.09)
    A5009411980: -0.0753 -> +0.0085  (T=$2,272, own_wt=0.07)
    A5067529915: -0.0472 -> +0.0082  (T=$3,625, own_wt=0.10)
    A5056763319: +0.0576 -> +0.0207  (T=$5,379, own_wt=0.14)
Imputing shares  (method=knn)  ...
Aggregating: z_hat = S_hat @ g,  S_sum = rowsum(S_hat) ...
  effective number of shocks (BHJ-style): 13.61

  --- Exposure level comparison ---
  Self-imputed FOIA exposure (S @ g):
    n nonzero PIs: 208/208
    mean=+0.01329  sd=0.01043  med=+0.01138
  Universe imputed exposure (S_hat @ g):
    n nonzero authors: 1,783,003/1,860,867
    mean=+0.01389  sd=0.00684  med=+0.01205

--- Shock balance (Borusyak-Hull-Jaravel) ---
  Regression: g_k = a + b * X_bar_k + e,  weights = Sum_i s_ik
  H0: shocks are quasi-randomly assigned wrt pre-period X => b approx 0

  characteristic                beta          se        t       p
  log_total_spend            +0.5235      0.1986    +2.64   0.008
  log_lab_spend              +0.4625      0.1936    +2.39   0.017
  n_cats                     +0.0060      0.0048    +1.24   0.215
  lab_share                  -2.0052      1.8878    -1.06   0.288
  top-10 |Rotemberg weight| markets:
    us fbs                                    alpha_k=+0.724  s_bar=0.0200  g=+0.4812
    chemiluminescent substrates               alpha_k=+0.106  s_bar=0.0091  g=+0.1540
    first-strand cdna synthesis systems       alpha_k=+0.075  s_bar=0.0051  g=+0.1964
    site-directed mutagenesis systems         alpha_k=-0.070  s_bar=0.0024  g=-0.3961
    pre-cast bis-tris gels                    alpha_k=+0.041  s_bar=0.0018  g=+0.2985
    cell culture dissociation reagents        alpha_k=+0.031  s_bar=0.0016  g=+0.2543
    column-based dna plasmid miniprep         alpha_k=+0.025  s_bar=0.0026  g=+0.1307
    cell culture nutritional supplements - tryptone  alpha_k=+0.024  s_bar=0.0021  g=+0.1471
    column-based microbial dna purification kits  alpha_k=+0.021  s_bar=0.0007  g=+0.3817
    rnase inhibitors                          alpha_k=-0.021  s_bar=0.0013  g=-0.2215
  ls filter (../../external/us_appended_text/author_ls_authors_indiv.csv): kept 1,462,984/1,860,867
  Saved ../../output/shock_balance_all_ebmed_lsa_k3.csv
  Saved ../../output/foia_self_exposure_all_ebmed_lsa_k3.csv  (shrunk anchor-level self exposure)
  Saved ../../output/final_imputed_shift_share_all_ebmed_lsa_k3.csv
  Saved ../../output/imputed_shares_matrix_all_ebmed_lsa_k3.npz  (universe x K_treated imputed share matrix)
  Saved ../../output/imputed_shares_markets_all_ebmed_lsa_k3.csv

==============================================================================
version=treated_hc   method=knn   tag=''
==============================================================================
Building FOIA share matrix S from ../../external/exposure_wts/athr_exposure_by_category_treated_hc.dta (version=treated_hc) ...
  S shape: (208, 46)  nnz: 1,414  density: 0.1478
  FOIA PIs with >=1 treated-market share: 208 / 208
  per-market coverage: min=3  p5=3  p50=27  p95=66  max=106

  --- EB shrinkage (alpha=$2,175, prior=global) ---
  rows shrunk: 208/208  (T=0 rows left at zero)
  self-exposure sd across anchors: raw=0.1314  shrunk=0.0679  (retained 52%)
  own-data weight T/(T+alpha): p25=0.24  p50=0.50  p75=0.73
  largest self-exposure changes:
    A5009411980: -0.3961 -> +0.0527  (T=$432, own_wt=0.17)
    A5067529915: -0.3961 -> +0.0527  (T=$432, own_wt=0.17)
    A5018983460: -0.3961 -> -0.0020  (T=$794, own_wt=0.27)
    A5064294448: -0.3564 -> -0.1149  (T=$2,312, own_wt=0.52)
    A5006559011: -0.1578 -> +0.0835  (T=$527, own_wt=0.19)
Imputing shares  (method=knn)  ...
Aggregating: z_hat = S_hat @ g,  S_sum = rowsum(S_hat) ...
  effective number of shocks (BHJ-style): 14.42

  --- Exposure level comparison ---
  Self-imputed FOIA exposure (S @ g):
    n nonzero PIs: 208/208
    mean=+0.12354  sd=0.06791  med=+0.11536
  Universe imputed exposure (S_hat @ g):
    n nonzero authors: 1,783,003/1,860,867
    mean=+0.13143  sd=0.04587  med=+0.12540

--- Shock balance (Borusyak-Hull-Jaravel) ---
  Regression: g_k = a + b * X_bar_k + e,  weights = Sum_i s_ik
  H0: shocks are quasi-randomly assigned wrt pre-period X => b approx 0

  characteristic                beta          se        t       p
  log_total_spend            +0.2389      0.2082    +1.15   0.251
  log_lab_spend              +0.1883      0.1983    +0.95   0.342
  n_cats                     +0.0005      0.0046    +0.10   0.921
  lab_share                  -1.4628      1.7393    -0.84   0.400
  top-10 |Rotemberg weight| markets:
    us fbs                                    alpha_k=+0.716  s_bar=0.1874  g=+0.4812
    chemiluminescent substrates               alpha_k=+0.115  s_bar=0.0943  g=+0.1540
    first-strand cdna synthesis systems       alpha_k=+0.081  s_bar=0.0519  g=+0.1964
    site-directed mutagenesis systems         alpha_k=-0.081  s_bar=0.0257  g=-0.3961
    pre-cast bis-tris gels                    alpha_k=+0.041  s_bar=0.0173  g=+0.2985
    cell culture dissociation reagents        alpha_k=+0.029  s_bar=0.0142  g=+0.2543
    cell culture nutritional supplements - tryptone  alpha_k=+0.027  s_bar=0.0231  g=+0.1471
    column-based dna plasmid miniprep         alpha_k=+0.027  s_bar=0.0257  g=+0.1307
    rnase inhibitors                          alpha_k=-0.022  s_bar=0.0125  g=-0.2215
    high-fidelity dna polymerase              alpha_k=+0.021  s_bar=0.0254  g=+0.1055
  ls filter (../../external/us_appended_text/author_ls_authors_indiv.csv): kept 1,462,984/1,860,867
  Saved ../../output/shock_balance_treated_hc_ebmed_lsa_k3.csv
  Saved ../../output/foia_self_exposure_treated_hc_ebmed_lsa_k3.csv  (shrunk anchor-level self exposure)
  Saved ../../output/final_imputed_shift_share_treated_hc_ebmed_lsa_k3.csv
  Saved ../../output/imputed_shares_matrix_treated_hc_ebmed_lsa_k3.npz  (universe x K_treated imputed share matrix)
  Saved ../../output/imputed_shares_markets_treated_hc_ebmed_lsa_k3.csv

==============================================================================
Per-version shift-share imputation summary
==============================================================================
   version method  n_foia_with_shares  z_hat_mean_universe  z_hat_sd_universe  S_sum_mean_universe  S_sum_sd_universe  eff_n_shocks
        hc    knn                 208               0.0324             0.0163               0.2367             0.0658       13.8409
       all    knn                 208               0.0133             0.0073               0.0956             0.0283       13.6081
treated_hc    knn                 208               0.1259             0.0520               0.9582             0.2002       14.4194

Saved ../../output/shift_share_summary_ebmed_lsa_k3.csv
Done!
Loading universe + FOIA id orders ...
Loading shocks from /n/holylabs/LABS/pakes_lab/Lab/sci_eq/analysis/first_stage/output/did_coefs_eb_price.dta ...
  markets with shocks: 46
  g_k stats: mean=0.0669  sd=0.1804  min=-0.3961  max=0.7120
Loading W (tag='', k=3) ...
  W shape: (1860867, 208)  nnz: 5,011,841
  W rows with any weight: 1,783,003/1,860,867
  W row-sum stats (nonzero rows): mean=1.0000  p5=1.0000  p95=1.0000
Computing FOIA pre-period characteristics ...

==============================================================================
version=hc   method=knn   tag=''
==============================================================================
Building FOIA share matrix S from ../../external/exposure_wts/athr_exposure_by_category_hc.dta (version=hc) ...
  S shape: (208, 46)  nnz: 1,414  density: 0.1478
  FOIA PIs with >=1 treated-market share: 208 / 208
  per-market coverage: min=3  p5=3  p50=27  p95=66  max=106

  --- EB shrinkage (alpha=$12,108, prior=global) ---
  rows shrunk: 208/208  (T=0 rows left at zero)
  self-exposure sd across anchors: raw=0.0563  shrunk=0.0241  (retained 43%)
  own-data weight T/(T+alpha): p25=0.27  p50=0.50  p75=0.70
  largest self-exposure changes:
    A5087101891: +0.3817 -> +0.0931  (T=$2,397, own_wt=0.17)
    A5009411980: -0.2589 -> +0.0207  (T=$661, own_wt=0.05)
    A5014945614: +0.2768 -> +0.0656  (T=$1,694, own_wt=0.12)
    A5067529915: -0.1451 -> +0.0199  (T=$1,179, own_wt=0.09)
    A5006559011: -0.0819 -> +0.0269  (T=$1,014, own_wt=0.08)
Imputing shares  (method=knn)  ...
Aggregating: z_hat = S_hat @ g,  S_sum = rowsum(S_hat) ...
  effective number of shocks (BHJ-style): 13.84

  --- Exposure level comparison ---
  Self-imputed FOIA exposure (S @ g):
    n nonzero PIs: 208/208
    mean=+0.03249  sd=0.02405  med=+0.02768
  Universe imputed exposure (S_hat @ g):
    n nonzero authors: 1,783,003/1,860,867
    mean=+0.03381  sd=0.01518  med=+0.02989

--- Shock balance (Borusyak-Hull-Jaravel) ---
  Regression: g_k = a + b * X_bar_k + e,  weights = Sum_i s_ik
  H0: shocks are quasi-randomly assigned wrt pre-period X => b approx 0

  characteristic                beta          se        t       p
  log_total_spend            +0.4562      0.1989    +2.29   0.022
  log_lab_spend              +0.3952      0.1935    +2.04   0.041
  n_cats                     +0.0051      0.0048    +1.06   0.288
  lab_share                  -2.0762      1.8483    -1.12   0.261
  top-10 |Rotemberg weight| markets:
    us fbs                                    alpha_k=+0.724  s_bar=0.0487  g=+0.4812
    chemiluminescent substrates               alpha_k=+0.108  s_bar=0.0227  g=+0.1540
    first-strand cdna synthesis systems       alpha_k=+0.076  s_bar=0.0125  g=+0.1964
    site-directed mutagenesis systems         alpha_k=-0.074  s_bar=0.0060  g=-0.3961
    pre-cast bis-tris gels                    alpha_k=+0.041  s_bar=0.0045  g=+0.2985
    cell culture dissociation reagents        alpha_k=+0.031  s_bar=0.0039  g=+0.2543
    column-based dna plasmid miniprep         alpha_k=+0.025  s_bar=0.0062  g=+0.1307
    cell culture nutritional supplements - tryptone  alpha_k=+0.024  s_bar=0.0054  g=+0.1471
    rnase inhibitors                          alpha_k=-0.022  s_bar=0.0032  g=-0.2215
    column-based microbial dna purification kits  alpha_k=+0.021  s_bar=0.0018  g=+0.3817
  cluster filter (../../external/us_appended_text/author_static_clusters_30.csv, min-foia-per-cluster=1): kept 1,613,853/1,860,867
  ls filter (../../external/us_appended_text/author_ls_authors_indiv.csv): kept 1,320,966/1,613,853
  Saved ../../output/shock_balance_hc_ebmed_cf_lsa_k3.csv
  Saved ../../output/foia_self_exposure_hc_ebmed_cf_lsa_k3.csv  (shrunk anchor-level self exposure)
  Saved ../../output/final_imputed_shift_share_hc_ebmed_cf_lsa_k3.csv
  Saved ../../output/imputed_shares_matrix_hc_ebmed_cf_lsa_k3.npz  (universe x K_treated imputed share matrix)
  Saved ../../output/imputed_shares_markets_hc_ebmed_cf_lsa_k3.csv

==============================================================================
version=all   method=knn   tag=''
==============================================================================
Building FOIA share matrix S from ../../external/exposure_wts/athr_exposure_by_category_all.dta (version=all) ...
  S shape: (208, 46)  nnz: 1,414  density: 0.1478
  FOIA PIs with >=1 treated-market share: 208 / 208
  per-market coverage: min=3  p5=3  p50=27  p95=66  max=106

  --- EB shrinkage (alpha=$32,071, prior=global) ---
  rows shrunk: 208/208  (T=0 rows left at zero)
  self-exposure sd across anchors: raw=0.0315  shrunk=0.0104  (retained 33%)
  own-data weight T/(T+alpha): p25=0.26  p50=0.50  p75=0.67
  largest self-exposure changes:
    A5087101891: +0.3466 -> +0.0397  (T=$2,640, own_wt=0.08)
    A5014945614: +0.1544 -> +0.0266  (T=$3,037, own_wt=0.09)
    A5009411980: -0.0753 -> +0.0085  (T=$2,272, own_wt=0.07)
    A5067529915: -0.0472 -> +0.0082  (T=$3,625, own_wt=0.10)
    A5056763319: +0.0576 -> +0.0207  (T=$5,379, own_wt=0.14)
Imputing shares  (method=knn)  ...
Aggregating: z_hat = S_hat @ g,  S_sum = rowsum(S_hat) ...
  effective number of shocks (BHJ-style): 13.61

  --- Exposure level comparison ---
  Self-imputed FOIA exposure (S @ g):
    n nonzero PIs: 208/208
    mean=+0.01329  sd=0.01043  med=+0.01138
  Universe imputed exposure (S_hat @ g):
    n nonzero authors: 1,783,003/1,860,867
    mean=+0.01389  sd=0.00684  med=+0.01205

--- Shock balance (Borusyak-Hull-Jaravel) ---
  Regression: g_k = a + b * X_bar_k + e,  weights = Sum_i s_ik
  H0: shocks are quasi-randomly assigned wrt pre-period X => b approx 0

  characteristic                beta          se        t       p
  log_total_spend            +0.5235      0.1986    +2.64   0.008
  log_lab_spend              +0.4625      0.1936    +2.39   0.017
  n_cats                     +0.0060      0.0048    +1.24   0.215
  lab_share                  -2.0052      1.8878    -1.06   0.288
  top-10 |Rotemberg weight| markets:
    us fbs                                    alpha_k=+0.724  s_bar=0.0200  g=+0.4812
    chemiluminescent substrates               alpha_k=+0.106  s_bar=0.0091  g=+0.1540
    first-strand cdna synthesis systems       alpha_k=+0.075  s_bar=0.0051  g=+0.1964
    site-directed mutagenesis systems         alpha_k=-0.070  s_bar=0.0024  g=-0.3961
    pre-cast bis-tris gels                    alpha_k=+0.041  s_bar=0.0018  g=+0.2985
    cell culture dissociation reagents        alpha_k=+0.031  s_bar=0.0016  g=+0.2543
    column-based dna plasmid miniprep         alpha_k=+0.025  s_bar=0.0026  g=+0.1307
    cell culture nutritional supplements - tryptone  alpha_k=+0.024  s_bar=0.0021  g=+0.1471
    column-based microbial dna purification kits  alpha_k=+0.021  s_bar=0.0007  g=+0.3817
    rnase inhibitors                          alpha_k=-0.021  s_bar=0.0013  g=-0.2215
  cluster filter (../../external/us_appended_text/author_static_clusters_30.csv, min-foia-per-cluster=1): kept 1,613,853/1,860,867
  ls filter (../../external/us_appended_text/author_ls_authors_indiv.csv): kept 1,320,966/1,613,853
  Saved ../../output/shock_balance_all_ebmed_cf_lsa_k3.csv
  Saved ../../output/foia_self_exposure_all_ebmed_cf_lsa_k3.csv  (shrunk anchor-level self exposure)
  Saved ../../output/final_imputed_shift_share_all_ebmed_cf_lsa_k3.csv
  Saved ../../output/imputed_shares_matrix_all_ebmed_cf_lsa_k3.npz  (universe x K_treated imputed share matrix)
  Saved ../../output/imputed_shares_markets_all_ebmed_cf_lsa_k3.csv

==============================================================================
version=treated_hc   method=knn   tag=''
==============================================================================
Building FOIA share matrix S from ../../external/exposure_wts/athr_exposure_by_category_treated_hc.dta (version=treated_hc) ...
  S shape: (208, 46)  nnz: 1,414  density: 0.1478
  FOIA PIs with >=1 treated-market share: 208 / 208
  per-market coverage: min=3  p5=3  p50=27  p95=66  max=106

  --- EB shrinkage (alpha=$2,175, prior=global) ---
  rows shrunk: 208/208  (T=0 rows left at zero)
  self-exposure sd across anchors: raw=0.1314  shrunk=0.0679  (retained 52%)
  own-data weight T/(T+alpha): p25=0.24  p50=0.50  p75=0.73
  largest self-exposure changes:
    A5009411980: -0.3961 -> +0.0527  (T=$432, own_wt=0.17)
    A5067529915: -0.3961 -> +0.0527  (T=$432, own_wt=0.17)
    A5018983460: -0.3961 -> -0.0020  (T=$794, own_wt=0.27)
    A5064294448: -0.3564 -> -0.1149  (T=$2,312, own_wt=0.52)
    A5006559011: -0.1578 -> +0.0835  (T=$527, own_wt=0.19)
Imputing shares  (method=knn)  ...
Aggregating: z_hat = S_hat @ g,  S_sum = rowsum(S_hat) ...
  effective number of shocks (BHJ-style): 14.42

  --- Exposure level comparison ---
  Self-imputed FOIA exposure (S @ g):
    n nonzero PIs: 208/208
    mean=+0.12354  sd=0.06791  med=+0.11536
  Universe imputed exposure (S_hat @ g):
    n nonzero authors: 1,783,003/1,860,867
    mean=+0.13143  sd=0.04587  med=+0.12540

--- Shock balance (Borusyak-Hull-Jaravel) ---
  Regression: g_k = a + b * X_bar_k + e,  weights = Sum_i s_ik
  H0: shocks are quasi-randomly assigned wrt pre-period X => b approx 0

  characteristic                beta          se        t       p
  log_total_spend            +0.2389      0.2082    +1.15   0.251
  log_lab_spend              +0.1883      0.1983    +0.95   0.342
  n_cats                     +0.0005      0.0046    +0.10   0.921
  lab_share                  -1.4628      1.7393    -0.84   0.400
  top-10 |Rotemberg weight| markets:
    us fbs                                    alpha_k=+0.716  s_bar=0.1874  g=+0.4812
    chemiluminescent substrates               alpha_k=+0.115  s_bar=0.0943  g=+0.1540
    first-strand cdna synthesis systems       alpha_k=+0.081  s_bar=0.0519  g=+0.1964
    site-directed mutagenesis systems         alpha_k=-0.081  s_bar=0.0257  g=-0.3961
    pre-cast bis-tris gels                    alpha_k=+0.041  s_bar=0.0173  g=+0.2985
    cell culture dissociation reagents        alpha_k=+0.029  s_bar=0.0142  g=+0.2543
    cell culture nutritional supplements - tryptone  alpha_k=+0.027  s_bar=0.0231  g=+0.1471
    column-based dna plasmid miniprep         alpha_k=+0.027  s_bar=0.0257  g=+0.1307
    rnase inhibitors                          alpha_k=-0.022  s_bar=0.0125  g=-0.2215
    high-fidelity dna polymerase              alpha_k=+0.021  s_bar=0.0254  g=+0.1055
  cluster filter (../../external/us_appended_text/author_static_clusters_30.csv, min-foia-per-cluster=1): kept 1,613,853/1,860,867
  ls filter (../../external/us_appended_text/author_ls_authors_indiv.csv): kept 1,320,966/1,613,853
  Saved ../../output/shock_balance_treated_hc_ebmed_cf_lsa_k3.csv
  Saved ../../output/foia_self_exposure_treated_hc_ebmed_cf_lsa_k3.csv  (shrunk anchor-level self exposure)
  Saved ../../output/final_imputed_shift_share_treated_hc_ebmed_cf_lsa_k3.csv
  Saved ../../output/imputed_shares_matrix_treated_hc_ebmed_cf_lsa_k3.npz  (universe x K_treated imputed share matrix)
  Saved ../../output/imputed_shares_markets_treated_hc_ebmed_cf_lsa_k3.csv

==============================================================================
Per-version shift-share imputation summary
==============================================================================
   version method  n_foia_with_shares  z_hat_mean_universe  z_hat_sd_universe  S_sum_mean_universe  S_sum_sd_universe  eff_n_shocks
        hc    knn                 208               0.0324             0.0163               0.2367             0.0658       13.8409
       all    knn                 208               0.0133             0.0073               0.0956             0.0283       13.6081
treated_hc    knn                 208               0.1259             0.0520               0.9582             0.2002       14.4194

Saved ../../output/shift_share_summary_ebmed_cf_lsa_k3.csv
Done!
