Loading universe + FOIA id orders ...
  n universe = 1,860,867
  n FOIA anchors = 208
Loading shocks from /n/holylabs/LABS/pakes_lab/Lab/sci_eq/analysis/first_stage/output/did_coefs_eb_price.dta ...
  markets with shocks: 46
  g_k stats: mean=0.0669  sd=0.1804  min=-0.3961  max=0.7120
Loading W (tag='', k=3) ...
  W shape: (1860867, 208)  nnz: 5,011,841
  W rows with any weight: 1,783,003/1,860,867
  W row-sum stats (nonzero rows): mean=1.0000  p5=1.0000  p95=1.0000
Computing FOIA pre-period characteristics ...

==============================================================================
version=hc   method=knn   tag=''
==============================================================================
Building FOIA share matrix S from ../../external/exposure_wts/athr_exposure_by_category_hc.dta (version=hc) ...
  S shape: (208, 46)  nnz: 1,414  density: 0.1478
  FOIA PIs with >=1 treated-market share: 208 / 208
  per-market raw FOIA coverage: min=3  p5=3  p50=27  p95=66  max=106

  EB information spend cap: $53,308
  raw denominator spend: median=$12,108  p90=$53,308  max=$102,969
  effective EB spend: median=$12,108  p90=$52,728  max=$53,308

  --- Treated-market anchor support ---
  effective FOIA count by market: min=1.52  p25=3.82  p50=9.05  p75=15.38  max=44.44
  ten thinnest treated markets:
    nucleic acid modifying enzymes - klenow fragment  raw_n=  5  N_eff= 1.52  top_share=81%
    dulbecco's phosphate-buffered saline (dpbs) buffer  raw_n=  9  N_eff= 1.85  top_share=72%
    mes-sds buffer                            raw_n=  8  N_eff= 2.12  top_share=66%
    column-based microbial dna purification kits  raw_n=  3  N_eff= 2.14  top_share=56%
    pre-cast tris-tricine gels                raw_n=  3  N_eff= 2.33  top_share=59%
    pre-cast bis-tris gels                    raw_n= 16  N_eff= 2.38  top_share=63%
    laemmli sample buffer                     raw_n=  3  N_eff= 2.73  top_share=42%
    horse serum                               raw_n=  9  N_eff= 2.75  top_share=53%
    lds sample buffer                         raw_n=  3  N_eff= 2.88  top_share=43%
    nucleic acid modifying enzymes - t4 polynucleotide kinase  raw_n=  8  N_eff= 3.29  top_share=48%

  --- Hierarchical EB shrinkage ---
  alpha = $12,108
  prior = cluster
  field/peer eta = 3
  zero-spend FOIA anchors: prior
  observed-spend FOIA anchors: 208/208
  T=0 FOIA anchors: 0/208
  own-data weight T_eff/(T_eff+alpha): p25=0.27  p50=0.50  p75=0.70
  local effective anchor count: p25=4.41  p50=9.13  p75=14.37
  local-vs-global prior weight: p25=0.60  p50=0.75  p75=0.83
  self-exposure SD across observed anchors: raw=0.0563  shrunk=0.0258  retained=46%
  largest anchor self-exposure changes:
    A5087101891: +0.3817 -> +0.0737  T=$2,397  T_eff=$2,397  own_wt=0.17  N_eff_local=3.94  local_wt=0.57
    A5009411980: -0.2589 -> +0.0014  T=$661  T_eff=$661  own_wt=0.05  N_eff_local=7.40  local_wt=0.71
    A5014945614: +0.2768 -> +0.0535  T=$1,694  T_eff=$1,694  own_wt=0.12  N_eff_local=7.17  local_wt=0.71
    A5067529915: -0.1451 -> +0.0014  T=$1,179  T_eff=$1,179  own_wt=0.09  N_eff_local=7.37  local_wt=0.71
    A5006559011: -0.0819 -> +0.0420  T=$1,014  T_eff=$1,014  own_wt=0.08  N_eff_local=14.34  local_wt=0.83
    A5024757186: +0.1740 -> +0.0820  T=$4,014  T_eff=$4,014  own_wt=0.25  N_eff_local=14.20  local_wt=0.83
    A5101652540: +0.1690 -> +0.0826  T=$4,702  T_eff=$4,702  own_wt=0.28  N_eff_local=15.05  local_wt=0.83
    A5018983460: -0.0867 -> -0.0045  T=$3,627  T_eff=$3,627  own_wt=0.23  N_eff_local=3.86  local_wt=0.56
    A5005511937: -0.0745 -> +0.0056  T=$824  T_eff=$824  own_wt=0.06  N_eff_local=9.51  local_wt=0.76
    A5060061551: -0.0542 -> +0.0202  T=$879  T_eff=$879  own_wt=0.07  N_eff_local=1.78  local_wt=0.37

Imputing shares (method=knn) ...
Aggregating: z_hat = S_hat @ g, S_sum = rowsum(S_hat) ...
  effective number of shocks (BHJ-style): 14.82

  --- Exposure level comparison ---
  FOIA exposure after chosen EB specification:
    n nonzero PIs: 208/208
    mean=+0.02938  sd=0.02576  med=+0.02320
  Universe imputed exposure:
    n nonzero authors: 1,783,003/1,860,867
    mean=+0.03084  sd=0.01724  med=+0.02599

--- Shock balance (Borusyak-Hull-Jaravel) ---
  Regression: g_k = a + b * X_bar_k + e, weights = Sum_i s_ik
  H0: shocks are quasi-randomly assigned wrt pre-period X => b approx 0

  characteristic                beta          se        t       p
  log_total_spend            +0.4514      0.1203    +3.75   0.000
  log_lab_spend              +0.4496      0.1191    +3.78   0.000
  n_cats                     +0.0085      0.0035    +2.40   0.016
  lab_share                  -0.1341      1.8635    -0.07   0.943

  top-10 |Rotemberg weight| markets:
    us fbs                                    alpha_k=+0.718  s_bar=0.0441  g=+0.4812  N_eff_anchor=25.97
    chemiluminescent substrates               alpha_k=+0.117  s_bar=0.0224  g=+0.1540  N_eff_anchor=44.44
    site-directed mutagenesis systems         alpha_k=-0.081  s_bar=0.0061  g=-0.3961  N_eff_anchor=17.30
    first-strand cdna synthesis systems       alpha_k=+0.078  s_bar=0.0117  g=+0.1964  N_eff_anchor=13.31
    pre-cast bis-tris gels                    alpha_k=+0.043  s_bar=0.0042  g=+0.2985  N_eff_anchor=2.38
    cell culture dissociation reagents        alpha_k=+0.035  s_bar=0.0041  g=+0.2543  N_eff_anchor=3.81
    rnase inhibitors                          alpha_k=-0.028  s_bar=0.0037  g=-0.2215  N_eff_anchor=6.85
    column-based dna plasmid miniprep         alpha_k=+0.027  s_bar=0.0061  g=+0.1307  N_eff_anchor=15.56
    unstained dna ladders                     alpha_k=-0.023  s_bar=0.0052  g=-0.1326  N_eff_anchor=18.60
    cell culture nutritional supplements - tryptone  alpha_k=+0.023  s_bar=0.0047  g=+0.1471  N_eff_anchor=12.15

  --- Leave-one-FOIA-anchor KNN influence ---
  most influential anchors by universe exposure RMSE:
    A5100767723: RMSE=0.04600  p95|d|=0.06877  max|d|=0.14756  authors=10,439  Wmass=3456.85
    A5102895842: RMSE=0.03627  p95|d|=0.05570  max|d|=0.11029  authors=46,461  Wmass=17457.41
    A5071082165: RMSE=0.03361  p95|d|=0.05119  max|d|=0.09670  authors=30,401  Wmass=10538.46
    A5002683233: RMSE=0.02814  p95|d|=0.04591  max|d|=0.08163  authors=55,310  Wmass=19620.13
    A5068148729: RMSE=0.02383  p95|d|=0.03726  max|d|=0.08811  authors=18,781  Wmass=6556.61
    A5047184482: RMSE=0.02369  p95|d|=0.03681  max|d|=0.06415  authors=4,935  Wmass=1631.18
    A5100323985: RMSE=0.02325  p95|d|=0.03803  max|d|=0.08014  authors=8,701  Wmass=3571.41
    A5015378855: RMSE=0.02183  p95|d|=0.03177  max|d|=0.07130  authors=60,722  Wmass=19590.81
    A5024757186: RMSE=0.02172  p95|d|=0.03703  max|d|=0.09272  authors=21,887  Wmass=8498.88
    A5080755163: RMSE=0.02107  p95|d|=0.03243  max|d|=0.05751  authors=9,513  Wmass=3178.14
  cluster filter (../../external/us_appended_text/author_static_clusters_30_lsa.csv, min-foia-per-cluster=1): kept 1,130,108/1,860,867
  ls filter (../../external/us_appended_text/author_ls_authors_indiv.csv): kept 1,130,108/1,130,108
  Saved ../../output/eb_market_support_hc_ebcmed_capp90_eta3_cf_lsa_k3.csv
  Saved ../../output/shock_balance_hc_ebcmed_capp90_eta3_cf_lsa_k3.csv
  Saved ../../output/foia_self_exposure_hc_ebcmed_capp90_eta3_cf_lsa_k3.csv
  Saved ../../output/foia_eb_support_hc_ebcmed_capp90_eta3_cf_lsa_k3.csv
  Saved ../../output/foia_loo_influence_hc_ebcmed_capp90_eta3_cf_lsa_k3.csv
  Saved ../../output/final_imputed_shift_share_hc_ebcmed_capp90_eta3_cf_lsa_k3.csv
  Saved ../../output/imputed_shares_matrix_hc_ebcmed_capp90_eta3_cf_lsa_k3.npz
  Saved ../../output/imputed_shares_markets_hc_ebcmed_capp90_eta3_cf_lsa_k3.csv

==============================================================================
version=all   method=knn   tag=''
==============================================================================
Building FOIA share matrix S from ../../external/exposure_wts/athr_exposure_by_category_all.dta (version=all) ...
  S shape: (208, 46)  nnz: 1,414  density: 0.1478
  FOIA PIs with >=1 treated-market share: 208 / 208
  per-market raw FOIA coverage: min=3  p5=3  p50=27  p95=66  max=106

  EB information spend cap: $130,173
  raw denominator spend: median=$32,071  p90=$130,173  max=$218,213
  effective EB spend: median=$32,071  p90=$129,558  max=$130,173

  --- Treated-market anchor support ---
  effective FOIA count by market: min=1.52  p25=3.82  p50=8.93  p75=14.93  max=46.93
  ten thinnest treated markets:
    nucleic acid modifying enzymes - klenow fragment  raw_n=  5  N_eff= 1.52  top_share=81%
    dulbecco's phosphate-buffered saline (dpbs) buffer  raw_n=  9  N_eff= 1.88  top_share=71%
    mes-sds buffer                            raw_n=  8  N_eff= 2.13  top_share=66%
    column-based microbial dna purification kits  raw_n=  3  N_eff= 2.14  top_share=56%
    pre-cast bis-tris gels                    raw_n= 16  N_eff= 2.33  top_share=64%
    laemmli sample buffer                     raw_n=  3  N_eff= 2.62  top_share=44%
    pre-cast tris-tricine gels                raw_n=  3  N_eff= 2.64  top_share=50%
    lds sample buffer                         raw_n=  3  N_eff= 2.74  top_share=48%
    horse serum                               raw_n=  9  N_eff= 2.84  top_share=49%
    high-fidelity dna polymerase              raw_n= 27  N_eff= 3.31  top_share=53%

  --- Hierarchical EB shrinkage ---
  alpha = $32,071
  prior = cluster
  field/peer eta = 3
  zero-spend FOIA anchors: prior
  observed-spend FOIA anchors: 208/208
  T=0 FOIA anchors: 0/208
  own-data weight T_eff/(T_eff+alpha): p25=0.26  p50=0.50  p75=0.67
  local effective anchor count: p25=4.76  p50=9.08  p75=14.90
  local-vs-global prior weight: p25=0.61  p50=0.75  p75=0.83
  self-exposure SD across observed anchors: raw=0.0315  shrunk=0.0110  retained=35%
  largest anchor self-exposure changes:
    A5087101891: +0.3466 -> +0.0308  T=$2,640  T_eff=$2,640  own_wt=0.08  N_eff_local=4.37  local_wt=0.59
    A5014945614: +0.1544 -> +0.0211  T=$3,037  T_eff=$3,037  own_wt=0.09  N_eff_local=7.58  local_wt=0.72
    A5009411980: -0.0753 -> +0.0003  T=$2,272  T_eff=$2,272  own_wt=0.07  N_eff_local=7.51  local_wt=0.71
    A5067529915: -0.0472 -> +0.0003  T=$3,625  T_eff=$3,625  own_wt=0.10  N_eff_local=7.48  local_wt=0.71
    A5056763319: +0.0576 -> +0.0163  T=$5,379  T_eff=$5,379  own_wt=0.14  N_eff_local=2.00  local_wt=0.40
    A5006559011: -0.0232 -> +0.0162  T=$3,584  T_eff=$3,584  own_wt=0.10  N_eff_local=15.12  local_wt=0.83
    A5023125790: +0.0389 -> +0.0056  T=$97  T_eff=$97  own_wt=0.00  N_eff_local=7.56  local_wt=0.72
    A5018983460: -0.0313 -> -0.0014  T=$10,035  T_eff=$10,035  own_wt=0.24  N_eff_local=4.13  local_wt=0.58
    A5002683233: +0.0840 -> +0.0557  T=$47,555  T_eff=$47,555  own_wt=0.60  N_eff_local=0.00  local_wt=0.00
    A5003210434: +0.0572 -> +0.0297  T=$10,944  T_eff=$10,944  own_wt=0.25  N_eff_local=14.98  local_wt=0.83

Imputing shares (method=knn) ...
Aggregating: z_hat = S_hat @ g, S_sum = rowsum(S_hat) ...
  effective number of shocks (BHJ-style): 14.68

  --- Exposure level comparison ---
  FOIA exposure after chosen EB specification:
    n nonzero PIs: 208/208
    mean=+0.01192  sd=0.01100  med=+0.00934
  Universe imputed exposure:
    n nonzero authors: 1,783,003/1,860,867
    mean=+0.01256  sd=0.00755  med=+0.01052

--- Shock balance (Borusyak-Hull-Jaravel) ---
  Regression: g_k = a + b * X_bar_k + e, weights = Sum_i s_ik
  H0: shocks are quasi-randomly assigned wrt pre-period X => b approx 0

  characteristic                beta          se        t       p
  log_total_spend            +0.4587      0.1139    +4.03   0.000
  log_lab_spend              +0.4560      0.1125    +4.05   0.000
  n_cats                     +0.0088      0.0033    +2.64   0.008
  lab_share                  +0.0306      1.9417    +0.02   0.987

  top-10 |Rotemberg weight| markets:
    us fbs                                    alpha_k=+0.717  s_bar=0.0179  g=+0.4812  N_eff_anchor=26.30
    chemiluminescent substrates               alpha_k=+0.114  s_bar=0.0089  g=+0.1540  N_eff_anchor=46.93
    site-directed mutagenesis systems         alpha_k=-0.076  s_bar=0.0023  g=-0.3961  N_eff_anchor=17.38
    first-strand cdna synthesis systems       alpha_k=+0.076  s_bar=0.0047  g=+0.1964  N_eff_anchor=13.58
    pre-cast bis-tris gels                    alpha_k=+0.043  s_bar=0.0018  g=+0.2985  N_eff_anchor=2.33
    cell culture dissociation reagents        alpha_k=+0.035  s_bar=0.0017  g=+0.2543  N_eff_anchor=3.73
    rnase inhibitors                          alpha_k=-0.028  s_bar=0.0015  g=-0.2215  N_eff_anchor=6.85
    column-based dna plasmid miniprep         alpha_k=+0.028  s_bar=0.0026  g=+0.1307  N_eff_anchor=14.91
    column-based microbial dna purification kits  alpha_k=+0.023  s_bar=0.0007  g=+0.3817  N_eff_anchor=2.14
    cell culture nutritional supplements - tryptone  alpha_k=+0.023  s_bar=0.0019  g=+0.1471  N_eff_anchor=11.36

  --- Leave-one-FOIA-anchor KNN influence ---
  most influential anchors by universe exposure RMSE:
    A5102895842: RMSE=0.02000  p95|d|=0.03050  max|d|=0.05465  authors=46,461  Wmass=17457.41
    A5100767723: RMSE=0.01685  p95|d|=0.02539  max|d|=0.05505  authors=10,439  Wmass=3456.85
    A5002683233: RMSE=0.01610  p95|d|=0.02583  max|d|=0.04509  authors=55,310  Wmass=19620.13
    A5071082165: RMSE=0.01227  p95|d|=0.01865  max|d|=0.03534  authors=30,401  Wmass=10538.46
    A5100323985: RMSE=0.01213  p95|d|=0.01949  max|d|=0.03647  authors=8,701  Wmass=3571.41
    A5002008484: RMSE=0.01168  p95|d|=0.02211  max|d|=0.04736  authors=36,912  Wmass=13446.96
    A5080755163: RMSE=0.01165  p95|d|=0.01755  max|d|=0.03097  authors=9,513  Wmass=3178.14
    A5068148729: RMSE=0.01083  p95|d|=0.01595  max|d|=0.03670  authors=18,781  Wmass=6556.61
    A5032715400: RMSE=0.01066  p95|d|=0.01922  max|d|=0.03127  authors=2,707  Wmass=946.48
    A5047184482: RMSE=0.01022  p95|d|=0.01566  max|d|=0.02748  authors=4,935  Wmass=1631.18
  cluster filter (../../external/us_appended_text/author_static_clusters_30_lsa.csv, min-foia-per-cluster=1): kept 1,130,108/1,860,867
  ls filter (../../external/us_appended_text/author_ls_authors_indiv.csv): kept 1,130,108/1,130,108
  Saved ../../output/eb_market_support_all_ebcmed_capp90_eta3_cf_lsa_k3.csv
  Saved ../../output/shock_balance_all_ebcmed_capp90_eta3_cf_lsa_k3.csv
  Saved ../../output/foia_self_exposure_all_ebcmed_capp90_eta3_cf_lsa_k3.csv
  Saved ../../output/foia_eb_support_all_ebcmed_capp90_eta3_cf_lsa_k3.csv
  Saved ../../output/foia_loo_influence_all_ebcmed_capp90_eta3_cf_lsa_k3.csv
  Saved ../../output/final_imputed_shift_share_all_ebcmed_capp90_eta3_cf_lsa_k3.csv
  Saved ../../output/imputed_shares_matrix_all_ebcmed_capp90_eta3_cf_lsa_k3.npz
  Saved ../../output/imputed_shares_markets_all_ebcmed_capp90_eta3_cf_lsa_k3.csv

==============================================================================
version=treated_hc   method=knn   tag=''
==============================================================================
Building FOIA share matrix S from ../../external/exposure_wts/athr_exposure_by_category_treated_hc.dta (version=treated_hc) ...
  S shape: (208, 46)  nnz: 1,414  density: 0.1478
  FOIA PIs with >=1 treated-market share: 208 / 208
  per-market raw FOIA coverage: min=3  p5=3  p50=27  p95=66  max=106

  EB information spend cap: $13,716
  raw denominator spend: median=$2,175  p90=$13,716  max=$51,286
  effective EB spend: median=$2,175  p90=$13,403  max=$13,716

  --- Treated-market anchor support ---
  effective FOIA count by market: min=1.52  p25=5.04  p50=8.15  p75=16.58  max=45.72
  ten thinnest treated markets:
    nucleic acid modifying enzymes - klenow fragment  raw_n=  5  N_eff= 1.52  top_share=81%
    column-based microbial dna purification kits  raw_n=  3  N_eff= 2.14  top_share=56%
    dulbecco's phosphate-buffered saline (dpbs) buffer  raw_n=  9  N_eff= 2.32  top_share=62%
    pre-cast tris-tricine gels                raw_n=  3  N_eff= 2.57  top_share=53%
    mes-sds buffer                            raw_n=  8  N_eff= 2.62  top_share=58%
    lds sample buffer                         raw_n=  3  N_eff= 2.64  top_share=50%
    laemmli sample buffer                     raw_n=  3  N_eff= 2.67  top_share=48%
    horse serum                               raw_n=  9  N_eff= 2.97  top_share=42%
    nucleic acid modifying enzymes - t4 polynucleotide kinase  raw_n=  8  N_eff= 3.16  top_share=53%
    pre-cast bis-tris gels                    raw_n= 16  N_eff= 3.30  top_share=52%

  --- Hierarchical EB shrinkage ---
  alpha = $2,175
  prior = cluster
  field/peer eta = 3
  zero-spend FOIA anchors: prior
  observed-spend FOIA anchors: 208/208
  T=0 FOIA anchors: 0/208
  own-data weight T_eff/(T_eff+alpha): p25=0.24  p50=0.50  p75=0.73
  local effective anchor count: p25=3.90  p50=9.21  p75=13.89
  local-vs-global prior weight: p25=0.57  p50=0.75  p75=0.82
  self-exposure SD across observed anchors: raw=0.1314  shrunk=0.0740  retained=56%
  largest anchor self-exposure changes:
    A5009411980: -0.3961 -> +0.0001  T=$432  T_eff=$432  own_wt=0.17  N_eff_local=5.92  local_wt=0.66
    A5067529915: -0.3961 -> +0.0001  T=$432  T_eff=$432  own_wt=0.17  N_eff_local=5.92  local_wt=0.66
    A5018983460: -0.3961 -> -0.0432  T=$794  T_eff=$794  own_wt=0.27  N_eff_local=2.65  local_wt=0.47
    A5006559011: -0.1578 -> +0.1122  T=$527  T_eff=$527  own_wt=0.19  N_eff_local=13.98  local_wt=0.82
    A5056763319: +0.4049 -> +0.1776  T=$765  T_eff=$765  own_wt=0.26  N_eff_local=1.26  local_wt=0.30
    A5064294448: -0.3564 -> -0.1391  T=$2,312  T_eff=$2,312  own_wt=0.52  N_eff_local=5.51  local_wt=0.65
    A5082782774: +0.2985 -> +0.0898  T=$155  T_eff=$155  own_wt=0.07  N_eff_local=6.00  local_wt=0.67
    A5003210434: +0.4670 -> +0.2858  T=$1,340  T_eff=$1,340  own_wt=0.38  N_eff_local=13.83  local_wt=0.82
    A5063996057: -0.0931 -> +0.0855  T=$468  T_eff=$468  own_wt=0.18  N_eff_local=1.00  local_wt=0.25
    A5060061551: -0.0957 -> +0.0714  T=$498  T_eff=$498  own_wt=0.19  N_eff_local=2.14  local_wt=0.42

Imputing shares (method=knn) ...
Aggregating: z_hat = S_hat @ g, S_sum = rowsum(S_hat) ...
  effective number of shocks (BHJ-style): 15.95

  --- Exposure level comparison ---
  FOIA exposure after chosen EB specification:
    n nonzero PIs: 208/208
    mean=+0.10926  sd=0.07401  med=+0.09652
  Universe imputed exposure:
    n nonzero authors: 1,783,003/1,860,867
    mean=+0.11784  sd=0.05243  med=+0.11016

--- Shock balance (Borusyak-Hull-Jaravel) ---
  Regression: g_k = a + b * X_bar_k + e, weights = Sum_i s_ik
  H0: shocks are quasi-randomly assigned wrt pre-period X => b approx 0

  characteristic                beta          se        t       p
  log_total_spend            +0.4689      0.1378    +3.40   0.001
  log_lab_spend              +0.4718      0.1349    +3.50   0.000
  n_cats                     +0.0074      0.0038    +1.97   0.049
  lab_share                  +0.5864      1.7256    +0.34   0.734

  top-10 |Rotemberg weight| markets:
    us fbs                                    alpha_k=+0.702  s_bar=0.1648  g=+0.4812  N_eff_anchor=32.00
    chemiluminescent substrates               alpha_k=+0.135  s_bar=0.0990  g=+0.1540  N_eff_anchor=45.72
    site-directed mutagenesis systems         alpha_k=-0.096  s_bar=0.0273  g=-0.3961  N_eff_anchor=17.98
    first-strand cdna synthesis systems       alpha_k=+0.082  s_bar=0.0471  g=+0.1964  N_eff_anchor=19.56
    pre-cast bis-tris gels                    alpha_k=+0.037  s_bar=0.0139  g=+0.2985  N_eff_anchor=3.30
    cell culture dissociation reagents        alpha_k=+0.031  s_bar=0.0136  g=+0.2543  N_eff_anchor=5.48
    rnase inhibitors                          alpha_k=-0.030  s_bar=0.0154  g=-0.2215  N_eff_anchor=6.57
    column-based dna plasmid miniprep         alpha_k=+0.030  s_bar=0.0261  g=+0.1307  N_eff_anchor=16.74
    cell culture nutritional supplements - tryptone  alpha_k=+0.030  s_bar=0.0230  g=+0.1471  N_eff_anchor=11.69
    unstained dna ladders                     alpha_k=-0.023  s_bar=0.0196  g=-0.1326  N_eff_anchor=19.90

  --- Leave-one-FOIA-anchor KNN influence ---
  most influential anchors by universe exposure RMSE:
    A5002683233: RMSE=0.09808  p95|d|=0.15702  max|d|=0.27835  authors=55,310  Wmass=19620.13
    A5064294448: RMSE=0.08669  p95|d|=0.13717  max|d|=0.35225  authors=26,430  Wmass=9145.18
    A5100323985: RMSE=0.07798  p95|d|=0.13230  max|d|=0.32154  authors=8,701  Wmass=3571.41
    A5018983460: RMSE=0.07410  p95|d|=0.12511  max|d|=0.32767  authors=5,637  Wmass=2224.93
    A5071082165: RMSE=0.07351  p95|d|=0.11366  max|d|=0.27607  authors=30,401  Wmass=10538.46
    A5072986987: RMSE=0.06654  p95|d|=0.10532  max|d|=0.23190  authors=14,725  Wmass=4851.17
    A5015378855: RMSE=0.06562  p95|d|=0.09941  max|d|=0.25614  authors=60,722  Wmass=19590.81
    A5024757186: RMSE=0.06527  p95|d|=0.11404  max|d|=0.35222  authors=21,887  Wmass=8498.88
    A5034792519: RMSE=0.06389  p95|d|=0.10988  max|d|=0.31103  authors=5,943  Wmass=2057.33
    A5003210434: RMSE=0.06299  p95|d|=0.10018  max|d|=0.32829  authors=147,961  Wmass=54369.21
  cluster filter (../../external/us_appended_text/author_static_clusters_30_lsa.csv, min-foia-per-cluster=1): kept 1,130,108/1,860,867
  ls filter (../../external/us_appended_text/author_ls_authors_indiv.csv): kept 1,130,108/1,130,108
  Saved ../../output/eb_market_support_treated_hc_ebcmed_capp90_eta3_cf_lsa_k3.csv
  Saved ../../output/shock_balance_treated_hc_ebcmed_capp90_eta3_cf_lsa_k3.csv
  Saved ../../output/foia_self_exposure_treated_hc_ebcmed_capp90_eta3_cf_lsa_k3.csv
  Saved ../../output/foia_eb_support_treated_hc_ebcmed_capp90_eta3_cf_lsa_k3.csv
  Saved ../../output/foia_loo_influence_treated_hc_ebcmed_capp90_eta3_cf_lsa_k3.csv
  Saved ../../output/final_imputed_shift_share_treated_hc_ebcmed_capp90_eta3_cf_lsa_k3.csv
  Saved ../../output/imputed_shares_matrix_treated_hc_ebcmed_capp90_eta3_cf_lsa_k3.npz
  Saved ../../output/imputed_shares_markets_treated_hc_ebcmed_capp90_eta3_cf_lsa_k3.csv

==============================================================================
Per-version shift-share imputation summary
==============================================================================
   version method  eb_enabled eb_prior  eb_field_eta  eb_spend_cap  n_foia_with_raw_shares  n_foia_nonzero_after_eb  z_hat_mean_universe  z_hat_sd_universe  S_sum_mean_universe  S_sum_sd_universe  eff_n_shocks  min_market_anchor_neff  median_market_anchor_neff
        hc    knn        True  cluster        3.0000    53307.8746                     208                      208               0.0295             0.0180               0.2299             0.0679       14.8154                  1.5156                     9.0524
       all    knn        True  cluster        3.0000   130172.8219                     208                      208               0.0120             0.0078               0.0922             0.0295       14.6782                  1.5156                     8.9335
treated_hc    knn        True  cluster        3.0000    13716.4630                     208                      208               0.1129             0.0565               0.9582             0.2002       15.9486                  1.5156                     8.1467

Saved ../../output/shift_share_summary_ebcmed_capp90_eta3_cf_lsa_k3.csv
Done!
Loading universe + FOIA id orders ...
  n universe = 1,860,867
  n FOIA anchors = 208
Loading shocks from /n/holylabs/LABS/pakes_lab/Lab/sci_eq/analysis/first_stage/output/did_coefs_eb_price.dta ...
  markets with shocks: 46
  g_k stats: mean=0.0669  sd=0.1804  min=-0.3961  max=0.7120
Loading W (tag='', k=3) ...
  W shape: (1860867, 208)  nnz: 5,011,841
  W rows with any weight: 1,783,003/1,860,867
  W row-sum stats (nonzero rows): mean=1.0000  p5=1.0000  p95=1.0000
Loading X_foia for peer EB prior ...
Computing FOIA pre-period characteristics ...

==============================================================================
version=hc   method=knn   tag=''
==============================================================================
Building FOIA share matrix S from ../../external/exposure_wts/athr_exposure_by_category_hc.dta (version=hc) ...
  S shape: (208, 46)  nnz: 1,414  density: 0.1478
  FOIA PIs with >=1 treated-market share: 208 / 208
  per-market raw FOIA coverage: min=3  p5=3  p50=27  p95=66  max=106

  EB information spend cap: $53,308
  raw denominator spend: median=$12,108  p90=$53,308  max=$102,969
  effective EB spend: median=$12,108  p90=$52,728  max=$53,308

  --- Treated-market anchor support ---
  effective FOIA count by market: min=1.52  p25=3.82  p50=9.05  p75=15.38  max=44.44
  ten thinnest treated markets:
    nucleic acid modifying enzymes - klenow fragment  raw_n=  5  N_eff= 1.52  top_share=81%
    dulbecco's phosphate-buffered saline (dpbs) buffer  raw_n=  9  N_eff= 1.85  top_share=72%
    mes-sds buffer                            raw_n=  8  N_eff= 2.12  top_share=66%
    column-based microbial dna purification kits  raw_n=  3  N_eff= 2.14  top_share=56%
    pre-cast tris-tricine gels                raw_n=  3  N_eff= 2.33  top_share=59%
    pre-cast bis-tris gels                    raw_n= 16  N_eff= 2.38  top_share=63%
    laemmli sample buffer                     raw_n=  3  N_eff= 2.73  top_share=42%
    horse serum                               raw_n=  9  N_eff= 2.75  top_share=53%
    lds sample buffer                         raw_n=  3  N_eff= 2.88  top_share=43%
    nucleic acid modifying enzymes - t4 polynucleotide kinase  raw_n=  8  N_eff= 3.29  top_share=48%

  --- Hierarchical EB shrinkage ---
  alpha = $12,108
  prior = peer
  field/peer eta = 3
  zero-spend FOIA anchors: prior
  observed-spend FOIA anchors: 208/208
  T=0 FOIA anchors: 0/208
  own-data weight T_eff/(T_eff+alpha): p25=0.27  p50=0.50  p75=0.70
  local effective anchor count: p25=84.04  p50=89.86  p75=92.99
  local-vs-global prior weight: p25=0.97  p50=0.97  p75=0.97
  self-exposure SD across observed anchors: raw=0.0563  shrunk=0.0239  retained=42%
  largest anchor self-exposure changes:
    A5087101891: +0.3817 -> +0.0893  T=$2,397  T_eff=$2,397  own_wt=0.17  N_eff_local=96.18  local_wt=0.97
    A5009411980: -0.2589 -> +0.0155  T=$661  T_eff=$661  own_wt=0.05  N_eff_local=81.72  local_wt=0.96
    A5014945614: +0.2768 -> +0.0640  T=$1,694  T_eff=$1,694  own_wt=0.12  N_eff_local=86.00  local_wt=0.97
    A5067529915: -0.1451 -> +0.0163  T=$1,179  T_eff=$1,179  own_wt=0.09  N_eff_local=86.26  local_wt=0.97
    A5024757186: +0.1740 -> +0.0687  T=$4,014  T_eff=$4,014  own_wt=0.25  N_eff_local=87.79  local_wt=0.97
    A5006559011: -0.0819 -> +0.0219  T=$1,014  T_eff=$1,014  own_wt=0.08  N_eff_local=89.83  local_wt=0.97
    A5005511937: -0.0745 -> +0.0241  T=$824  T_eff=$824  own_wt=0.06  N_eff_local=94.86  local_wt=0.97
    A5101652540: +0.1690 -> +0.0725  T=$4,702  T_eff=$4,702  own_wt=0.28  N_eff_local=79.20  local_wt=0.96
    A5018983460: -0.0867 -> +0.0076  T=$3,627  T_eff=$3,627  own_wt=0.23  N_eff_local=91.24  local_wt=0.97
    A5060061551: -0.0542 -> +0.0255  T=$879  T_eff=$879  own_wt=0.07  N_eff_local=92.34  local_wt=0.97

Imputing shares (method=knn) ...
Aggregating: z_hat = S_hat @ g, S_sum = rowsum(S_hat) ...
  effective number of shocks (BHJ-style): 14.38

  --- Exposure level comparison ---
  FOIA exposure after chosen EB specification:
    n nonzero PIs: 208/208
    mean=+0.03069  sd=0.02390  med=+0.02548
  Universe imputed exposure:
    n nonzero authors: 1,783,003/1,860,867
    mean=+0.03187  sd=0.01538  med=+0.02758

--- Shock balance (Borusyak-Hull-Jaravel) ---
  Regression: g_k = a + b * X_bar_k + e, weights = Sum_i s_ik
  H0: shocks are quasi-randomly assigned wrt pre-period X => b approx 0

  characteristic                beta          se        t       p
  log_total_spend            +0.5042      0.1801    +2.80   0.005
  log_lab_spend              +0.4519      0.1747    +2.59   0.010
  n_cats                     +0.0074      0.0047    +1.57   0.116
  lab_share                  -1.3894      1.7641    -0.79   0.431

  top-10 |Rotemberg weight| markets:
    us fbs                                    alpha_k=+0.713  s_bar=0.0452  g=+0.4812  N_eff_anchor=25.97
    chemiluminescent substrates               alpha_k=+0.117  s_bar=0.0232  g=+0.1540  N_eff_anchor=44.44
    site-directed mutagenesis systems         alpha_k=-0.082  s_bar=0.0063  g=-0.3961  N_eff_anchor=17.30
    first-strand cdna synthesis systems       alpha_k=+0.075  s_bar=0.0116  g=+0.1964  N_eff_anchor=13.31
    pre-cast bis-tris gels                    alpha_k=+0.045  s_bar=0.0046  g=+0.2985  N_eff_anchor=2.38
    cell culture dissociation reagents        alpha_k=+0.032  s_bar=0.0039  g=+0.2543  N_eff_anchor=3.81
    cell culture nutritional supplements - tryptone  alpha_k=+0.028  s_bar=0.0058  g=+0.1471  N_eff_anchor=12.15
    column-based dna plasmid miniprep         alpha_k=+0.024  s_bar=0.0057  g=+0.1307  N_eff_anchor=15.56
    column-based microbial dna purification kits  alpha_k=+0.023  s_bar=0.0018  g=+0.3817  N_eff_anchor=2.14
    rnase inhibitors                          alpha_k=-0.021  s_bar=0.0029  g=-0.2215  N_eff_anchor=6.85
  cluster filter (../../external/us_appended_text/author_static_clusters_30_lsa.csv, min-foia-per-cluster=1): kept 1,130,108/1,860,867
  ls filter (../../external/us_appended_text/author_ls_authors_indiv.csv): kept 1,130,108/1,130,108
  Saved ../../output/eb_market_support_hc_ebpmed_capp90_eta3_cf_lsa_k3.csv
  Saved ../../output/shock_balance_hc_ebpmed_capp90_eta3_cf_lsa_k3.csv
  Saved ../../output/foia_self_exposure_hc_ebpmed_capp90_eta3_cf_lsa_k3.csv
  Saved ../../output/foia_eb_support_hc_ebpmed_capp90_eta3_cf_lsa_k3.csv
  Saved ../../output/final_imputed_shift_share_hc_ebpmed_capp90_eta3_cf_lsa_k3.csv
  Saved ../../output/imputed_shares_matrix_hc_ebpmed_capp90_eta3_cf_lsa_k3.npz
  Saved ../../output/imputed_shares_markets_hc_ebpmed_capp90_eta3_cf_lsa_k3.csv

==============================================================================
version=all   method=knn   tag=''
==============================================================================
Building FOIA share matrix S from ../../external/exposure_wts/athr_exposure_by_category_all.dta (version=all) ...
  S shape: (208, 46)  nnz: 1,414  density: 0.1478
  FOIA PIs with >=1 treated-market share: 208 / 208
  per-market raw FOIA coverage: min=3  p5=3  p50=27  p95=66  max=106

  EB information spend cap: $130,173
  raw denominator spend: median=$32,071  p90=$130,173  max=$218,213
  effective EB spend: median=$32,071  p90=$129,558  max=$130,173

  --- Treated-market anchor support ---
  effective FOIA count by market: min=1.52  p25=3.82  p50=8.93  p75=14.93  max=46.93
  ten thinnest treated markets:
    nucleic acid modifying enzymes - klenow fragment  raw_n=  5  N_eff= 1.52  top_share=81%
    dulbecco's phosphate-buffered saline (dpbs) buffer  raw_n=  9  N_eff= 1.88  top_share=71%
    mes-sds buffer                            raw_n=  8  N_eff= 2.13  top_share=66%
    column-based microbial dna purification kits  raw_n=  3  N_eff= 2.14  top_share=56%
    pre-cast bis-tris gels                    raw_n= 16  N_eff= 2.33  top_share=64%
    laemmli sample buffer                     raw_n=  3  N_eff= 2.62  top_share=44%
    pre-cast tris-tricine gels                raw_n=  3  N_eff= 2.64  top_share=50%
    lds sample buffer                         raw_n=  3  N_eff= 2.74  top_share=48%
    horse serum                               raw_n=  9  N_eff= 2.84  top_share=49%
    high-fidelity dna polymerase              raw_n= 27  N_eff= 3.31  top_share=53%

  --- Hierarchical EB shrinkage ---
  alpha = $32,071
  prior = peer
  field/peer eta = 3
  zero-spend FOIA anchors: prior
  observed-spend FOIA anchors: 208/208
  T=0 FOIA anchors: 0/208
  own-data weight T_eff/(T_eff+alpha): p25=0.26  p50=0.50  p75=0.67
  local effective anchor count: p25=86.61  p50=91.61  p75=94.81
  local-vs-global prior weight: p25=0.97  p50=0.97  p75=0.97
  self-exposure SD across observed anchors: raw=0.0315  shrunk=0.0103  retained=33%
  largest anchor self-exposure changes:
    A5087101891: +0.3466 -> +0.0381  T=$2,640  T_eff=$2,640  own_wt=0.08  N_eff_local=98.13  local_wt=0.97
    A5014945614: +0.1544 -> +0.0259  T=$3,037  T_eff=$3,037  own_wt=0.09  N_eff_local=89.01  local_wt=0.97
    A5009411980: -0.0753 -> +0.0065  T=$2,272  T_eff=$2,272  own_wt=0.07  N_eff_local=84.65  local_wt=0.97
    A5067529915: -0.0472 -> +0.0068  T=$3,625  T_eff=$3,625  own_wt=0.10  N_eff_local=88.63  local_wt=0.97
    A5056763319: +0.0576 -> +0.0201  T=$5,379  T_eff=$5,379  own_wt=0.14  N_eff_local=97.59  local_wt=0.97
    A5018983460: -0.0313 -> +0.0037  T=$10,035  T_eff=$10,035  own_wt=0.24  N_eff_local=94.50  local_wt=0.97
    A5003210434: +0.0572 -> +0.0244  T=$10,944  T_eff=$10,944  own_wt=0.25  N_eff_local=98.41  local_wt=0.97
    A5006559011: -0.0232 -> +0.0087  T=$3,584  T_eff=$3,584  own_wt=0.10  N_eff_local=92.53  local_wt=0.97
    A5002683233: +0.0840 -> +0.0555  T=$47,555  T_eff=$47,555  own_wt=0.60  N_eff_local=95.12  local_wt=0.97
    A5005511937: -0.0187 -> +0.0096  T=$3,289  T_eff=$3,289  own_wt=0.09  N_eff_local=98.07  local_wt=0.97

Imputing shares (method=knn) ...
Aggregating: z_hat = S_hat @ g, S_sum = rowsum(S_hat) ...
  effective number of shocks (BHJ-style): 14.18

  --- Exposure level comparison ---
  FOIA exposure after chosen EB specification:
    n nonzero PIs: 208/208
    mean=+0.01256  sd=0.01033  med=+0.01039
  Universe imputed exposure:
    n nonzero authors: 1,783,003/1,860,867
    mean=+0.01305  sd=0.00688  med=+0.01111

--- Shock balance (Borusyak-Hull-Jaravel) ---
  Regression: g_k = a + b * X_bar_k + e, weights = Sum_i s_ik
  H0: shocks are quasi-randomly assigned wrt pre-period X => b approx 0

  characteristic                beta          se        t       p
  log_total_spend            +0.5568      0.1787    +3.12   0.002
  log_lab_spend              +0.5021      0.1735    +2.89   0.004
  n_cats                     +0.0081      0.0047    +1.72   0.085
  lab_share                  -1.3519      1.7880    -0.76   0.450

  top-10 |Rotemberg weight| markets:
    us fbs                                    alpha_k=+0.714  s_bar=0.0185  g=+0.4812  N_eff_anchor=26.30
    chemiluminescent substrates               alpha_k=+0.113  s_bar=0.0092  g=+0.1540  N_eff_anchor=46.93
    site-directed mutagenesis systems         alpha_k=-0.078  s_bar=0.0024  g=-0.3961  N_eff_anchor=17.38
    first-strand cdna synthesis systems       alpha_k=+0.073  s_bar=0.0046  g=+0.1964  N_eff_anchor=13.58
    pre-cast bis-tris gels                    alpha_k=+0.045  s_bar=0.0019  g=+0.2985  N_eff_anchor=2.33
    cell culture dissociation reagents        alpha_k=+0.032  s_bar=0.0016  g=+0.2543  N_eff_anchor=3.73
    cell culture nutritional supplements - tryptone  alpha_k=+0.028  s_bar=0.0024  g=+0.1471  N_eff_anchor=11.36
    column-based dna plasmid miniprep         alpha_k=+0.025  s_bar=0.0024  g=+0.1307  N_eff_anchor=14.91
    column-based microbial dna purification kits  alpha_k=+0.023  s_bar=0.0008  g=+0.3817  N_eff_anchor=2.14
    rnase inhibitors                          alpha_k=-0.021  s_bar=0.0012  g=-0.2215  N_eff_anchor=6.85
  cluster filter (../../external/us_appended_text/author_static_clusters_30_lsa.csv, min-foia-per-cluster=1): kept 1,130,108/1,860,867
  ls filter (../../external/us_appended_text/author_ls_authors_indiv.csv): kept 1,130,108/1,130,108
  Saved ../../output/eb_market_support_all_ebpmed_capp90_eta3_cf_lsa_k3.csv
  Saved ../../output/shock_balance_all_ebpmed_capp90_eta3_cf_lsa_k3.csv
  Saved ../../output/foia_self_exposure_all_ebpmed_capp90_eta3_cf_lsa_k3.csv
  Saved ../../output/foia_eb_support_all_ebpmed_capp90_eta3_cf_lsa_k3.csv
  Saved ../../output/final_imputed_shift_share_all_ebpmed_capp90_eta3_cf_lsa_k3.csv
  Saved ../../output/imputed_shares_matrix_all_ebpmed_capp90_eta3_cf_lsa_k3.npz
  Saved ../../output/imputed_shares_markets_all_ebpmed_capp90_eta3_cf_lsa_k3.csv

==============================================================================
version=treated_hc   method=knn   tag=''
==============================================================================
Building FOIA share matrix S from ../../external/exposure_wts/athr_exposure_by_category_treated_hc.dta (version=treated_hc) ...
  S shape: (208, 46)  nnz: 1,414  density: 0.1478
  FOIA PIs with >=1 treated-market share: 208 / 208
  per-market raw FOIA coverage: min=3  p5=3  p50=27  p95=66  max=106

  EB information spend cap: $13,716
  raw denominator spend: median=$2,175  p90=$13,716  max=$51,286
  effective EB spend: median=$2,175  p90=$13,403  max=$13,716

  --- Treated-market anchor support ---
  effective FOIA count by market: min=1.52  p25=5.04  p50=8.15  p75=16.58  max=45.72
  ten thinnest treated markets:
    nucleic acid modifying enzymes - klenow fragment  raw_n=  5  N_eff= 1.52  top_share=81%
    column-based microbial dna purification kits  raw_n=  3  N_eff= 2.14  top_share=56%
    dulbecco's phosphate-buffered saline (dpbs) buffer  raw_n=  9  N_eff= 2.32  top_share=62%
    pre-cast tris-tricine gels                raw_n=  3  N_eff= 2.57  top_share=53%
    mes-sds buffer                            raw_n=  8  N_eff= 2.62  top_share=58%
    lds sample buffer                         raw_n=  3  N_eff= 2.64  top_share=50%
    laemmli sample buffer                     raw_n=  3  N_eff= 2.67  top_share=48%
    horse serum                               raw_n=  9  N_eff= 2.97  top_share=42%
    nucleic acid modifying enzymes - t4 polynucleotide kinase  raw_n=  8  N_eff= 3.16  top_share=53%
    pre-cast bis-tris gels                    raw_n= 16  N_eff= 3.30  top_share=52%

  --- Hierarchical EB shrinkage ---
  alpha = $2,175
  prior = peer
  field/peer eta = 3
  zero-spend FOIA anchors: prior
  observed-spend FOIA anchors: 208/208
  T=0 FOIA anchors: 0/208
  own-data weight T_eff/(T_eff+alpha): p25=0.24  p50=0.50  p75=0.73
  local effective anchor count: p25=74.80  p50=79.11  p75=82.60
  local-vs-global prior weight: p25=0.96  p50=0.96  p75=0.96
  self-exposure SD across observed anchors: raw=0.1314  shrunk=0.0680  retained=52%
  largest anchor self-exposure changes:
    A5067529915: -0.3961 -> +0.0386  T=$432  T_eff=$432  own_wt=0.17  N_eff_local=78.31  local_wt=0.96
    A5009411980: -0.3961 -> +0.0357  T=$432  T_eff=$432  own_wt=0.17  N_eff_local=76.46  local_wt=0.96
    A5018983460: -0.3961 -> -0.0127  T=$794  T_eff=$794  own_wt=0.27  N_eff_local=80.23  local_wt=0.96
    A5064294448: -0.3564 -> -0.1241  T=$2,312  T_eff=$2,312  own_wt=0.52  N_eff_local=77.68  local_wt=0.96
    A5006559011: -0.1578 -> +0.0672  T=$527  T_eff=$527  own_wt=0.19  N_eff_local=80.25  local_wt=0.96
    A5003210434: +0.4670 -> +0.2550  T=$1,340  T_eff=$1,340  own_wt=0.38  N_eff_local=86.46  local_wt=0.97
    A5056763319: +0.4049 -> +0.1998  T=$765  T_eff=$765  own_wt=0.26  N_eff_local=85.83  local_wt=0.97
    A5005511937: -0.1206 -> +0.0735  T=$509  T_eff=$509  own_wt=0.19  N_eff_local=85.73  local_wt=0.97
    A5050835243: -0.0899 -> +0.1008  T=$279  T_eff=$279  own_wt=0.11  N_eff_local=86.34  local_wt=0.97
    A5063996057: -0.0931 -> +0.0918  T=$468  T_eff=$468  own_wt=0.18  N_eff_local=79.00  local_wt=0.96

Imputing shares (method=knn) ...
Aggregating: z_hat = S_hat @ g, S_sum = rowsum(S_hat) ...
  effective number of shocks (BHJ-style): 15.30

  --- Exposure level comparison ---
  FOIA exposure after chosen EB specification:
    n nonzero PIs: 208/208
    mean=+0.11462  sd=0.06796  med=+0.10533
  Universe imputed exposure:
    n nonzero authors: 1,783,003/1,860,867
    mean=+0.12215  sd=0.04626  med=+0.11469

--- Shock balance (Borusyak-Hull-Jaravel) ---
  Regression: g_k = a + b * X_bar_k + e, weights = Sum_i s_ik
  H0: shocks are quasi-randomly assigned wrt pre-period X => b approx 0

  characteristic                beta          se        t       p
  log_total_spend            +0.4438      0.1974    +2.25   0.025
  log_lab_spend              +0.3931      0.1888    +2.08   0.037
  n_cats                     +0.0049      0.0048    +1.03   0.304
  lab_share                  -0.7665      1.6800    -0.46   0.648

  top-10 |Rotemberg weight| markets:
    us fbs                                    alpha_k=+0.704  s_bar=0.1713  g=+0.4812  N_eff_anchor=32.00
    chemiluminescent substrates               alpha_k=+0.135  s_bar=0.1022  g=+0.1540  N_eff_anchor=45.72
    site-directed mutagenesis systems         alpha_k=-0.095  s_bar=0.0280  g=-0.3961  N_eff_anchor=17.98
    first-strand cdna synthesis systems       alpha_k=+0.077  s_bar=0.0460  g=+0.1964  N_eff_anchor=19.56
    pre-cast bis-tris gels                    alpha_k=+0.038  s_bar=0.0150  g=+0.2985  N_eff_anchor=3.30
    cell culture nutritional supplements - tryptone  alpha_k=+0.034  s_bar=0.0272  g=+0.1471  N_eff_anchor=11.69
    cell culture dissociation reagents        alpha_k=+0.029  s_bar=0.0134  g=+0.2543  N_eff_anchor=5.48
    column-based dna plasmid miniprep         alpha_k=+0.027  s_bar=0.0241  g=+0.1307  N_eff_anchor=16.74
    rnase inhibitors                          alpha_k=-0.023  s_bar=0.0122  g=-0.2215  N_eff_anchor=6.57
    unstained dna ladders                     alpha_k=-0.022  s_bar=0.0194  g=-0.1326  N_eff_anchor=19.90
  cluster filter (../../external/us_appended_text/author_static_clusters_30_lsa.csv, min-foia-per-cluster=1): kept 1,130,108/1,860,867
  ls filter (../../external/us_appended_text/author_ls_authors_indiv.csv): kept 1,130,108/1,130,108
  Saved ../../output/eb_market_support_treated_hc_ebpmed_capp90_eta3_cf_lsa_k3.csv
  Saved ../../output/shock_balance_treated_hc_ebpmed_capp90_eta3_cf_lsa_k3.csv
  Saved ../../output/foia_self_exposure_treated_hc_ebpmed_capp90_eta3_cf_lsa_k3.csv
  Saved ../../output/foia_eb_support_treated_hc_ebpmed_capp90_eta3_cf_lsa_k3.csv
  Saved ../../output/final_imputed_shift_share_treated_hc_ebpmed_capp90_eta3_cf_lsa_k3.csv
  Saved ../../output/imputed_shares_matrix_treated_hc_ebpmed_capp90_eta3_cf_lsa_k3.npz
  Saved ../../output/imputed_shares_markets_treated_hc_ebpmed_capp90_eta3_cf_lsa_k3.csv

==============================================================================
Per-version shift-share imputation summary
==============================================================================
   version method  eb_enabled eb_prior  eb_field_eta  eb_spend_cap  n_foia_with_raw_shares  n_foia_nonzero_after_eb  z_hat_mean_universe  z_hat_sd_universe  S_sum_mean_universe  S_sum_sd_universe  eff_n_shocks  min_market_anchor_neff  median_market_anchor_neff
        hc    knn        True     peer        3.0000    53307.8746                     208                      208               0.0305             0.0163               0.2305             0.0650       14.3827                  1.5156                     9.0524
       all    knn        True     peer        3.0000   130172.8219                     208                      208               0.0125             0.0072               0.0926             0.0279       14.1796                  1.5156                     8.9335
treated_hc    knn        True     peer        3.0000    13716.4630                     208                      208               0.1170             0.0515               0.9582             0.2002       15.2950                  1.5156                     8.1467

Saved ../../output/shift_share_summary_ebpmed_capp90_eta3_cf_lsa_k3.csv
Done!
Loading universe + FOIA id orders ...
  n universe = 1,860,867
  n FOIA anchors = 208
Loading shocks from /n/holylabs/LABS/pakes_lab/Lab/sci_eq/analysis/first_stage/output/did_coefs_eb_price.dta ...
  markets with shocks: 46
  g_k stats: mean=0.0669  sd=0.1804  min=-0.3961  max=0.7120
Loading W (tag='', k=3) ...
  W shape: (1860867, 208)  nnz: 5,011,841
  W rows with any weight: 1,783,003/1,860,867
  W row-sum stats (nonzero rows): mean=1.0000  p5=1.0000  p95=1.0000
Computing FOIA pre-period characteristics ...

==============================================================================
version=hc   method=knn   tag=''
==============================================================================
Building FOIA share matrix S from ../../external/exposure_wts/athr_exposure_by_category_hc.dta (version=hc) ...
  S shape: (208, 46)  nnz: 1,414  density: 0.1478
  FOIA PIs with >=1 treated-market share: 208 / 208
  per-market raw FOIA coverage: min=3  p5=3  p50=27  p95=66  max=106

  EB information spend cap: $53,308
  raw denominator spend: median=$12,108  p90=$53,308  max=$102,969
  effective EB spend: median=$12,108  p90=$52,728  max=$53,308

  --- Treated-market anchor support ---
  effective FOIA count by market: min=1.52  p25=3.82  p50=9.05  p75=15.38  max=44.44
  ten thinnest treated markets:
    nucleic acid modifying enzymes - klenow fragment  raw_n=  5  N_eff= 1.52  top_share=81%
    dulbecco's phosphate-buffered saline (dpbs) buffer  raw_n=  9  N_eff= 1.85  top_share=72%
    mes-sds buffer                            raw_n=  8  N_eff= 2.12  top_share=66%
    column-based microbial dna purification kits  raw_n=  3  N_eff= 2.14  top_share=56%
    pre-cast tris-tricine gels                raw_n=  3  N_eff= 2.33  top_share=59%
    pre-cast bis-tris gels                    raw_n= 16  N_eff= 2.38  top_share=63%
    laemmli sample buffer                     raw_n=  3  N_eff= 2.73  top_share=42%
    horse serum                               raw_n=  9  N_eff= 2.75  top_share=53%
    lds sample buffer                         raw_n=  3  N_eff= 2.88  top_share=43%
    nucleic acid modifying enzymes - t4 polynucleotide kinase  raw_n=  8  N_eff= 3.29  top_share=48%

  --- Hierarchical EB shrinkage ---
  alpha = $12,108
  prior = global
  zero-spend FOIA anchors: prior
  observed-spend FOIA anchors: 208/208
  T=0 FOIA anchors: 0/208
  own-data weight T_eff/(T_eff+alpha): p25=0.27  p50=0.50  p75=0.70
  self-exposure SD across observed anchors: raw=0.0563  shrunk=0.0237  retained=42%
  largest anchor self-exposure changes:
    A5087101891: +0.3817 -> +0.0916  T=$2,397  T_eff=$2,397  own_wt=0.17  N_eff_local=nan  local_wt=0.00
    A5009411980: -0.2589 -> +0.0190  T=$661  T_eff=$661  own_wt=0.05  N_eff_local=nan  local_wt=0.00
    A5014945614: +0.2768 -> +0.0639  T=$1,694  T_eff=$1,694  own_wt=0.12  N_eff_local=nan  local_wt=0.00
    A5067529915: -0.1451 -> +0.0182  T=$1,179  T_eff=$1,179  own_wt=0.09  N_eff_local=nan  local_wt=0.00
    A5006559011: -0.0819 -> +0.0252  T=$1,014  T_eff=$1,014  own_wt=0.08  N_eff_local=nan  local_wt=0.00
    A5024757186: +0.1740 -> +0.0690  T=$4,014  T_eff=$4,014  own_wt=0.25  N_eff_local=nan  local_wt=0.00
    A5005511937: -0.0745 -> +0.0272  T=$824  T_eff=$824  own_wt=0.06  N_eff_local=nan  local_wt=0.00
    A5101652540: +0.1690 -> +0.0719  T=$4,702  T_eff=$4,702  own_wt=0.28  N_eff_local=nan  local_wt=0.00
    A5018983460: -0.0867 -> +0.0063  T=$3,627  T_eff=$3,627  own_wt=0.23  N_eff_local=nan  local_wt=0.00
    A5060061551: -0.0542 -> +0.0282  T=$879  T_eff=$879  own_wt=0.07  N_eff_local=nan  local_wt=0.00

Imputing shares (method=knn) ...
Aggregating: z_hat = S_hat @ g, S_sum = rowsum(S_hat) ...
  effective number of shocks (BHJ-style): 14.34

  --- Exposure level comparison ---
  FOIA exposure after chosen EB specification:
    n nonzero PIs: 208/208
    mean=+0.03144  sd=0.02374  med=+0.02640
  Universe imputed exposure:
    n nonzero authors: 1,783,003/1,860,867
    mean=+0.03271  sd=0.01510  med=+0.02859

--- Shock balance (Borusyak-Hull-Jaravel) ---
  Regression: g_k = a + b * X_bar_k + e, weights = Sum_i s_ik
  H0: shocks are quasi-randomly assigned wrt pre-period X => b approx 0

  characteristic                beta          se        t       p
  log_total_spend            +0.4771      0.1891    +2.52   0.012
  log_lab_spend              +0.4226      0.1842    +2.29   0.022
  n_cats                     +0.0061      0.0047    +1.30   0.193
  lab_share                  -1.9398      1.8709    -1.04   0.300

  top-10 |Rotemberg weight| markets:
    us fbs                                    alpha_k=+0.716  s_bar=0.0467  g=+0.4812  N_eff_anchor=25.97
    chemiluminescent substrates               alpha_k=+0.112  s_bar=0.0228  g=+0.1540  N_eff_anchor=44.44
    site-directed mutagenesis systems         alpha_k=-0.078  s_bar=0.0062  g=-0.3961  N_eff_anchor=17.30
    first-strand cdna synthesis systems       alpha_k=+0.077  s_bar=0.0123  g=+0.1964  N_eff_anchor=13.31
    pre-cast bis-tris gels                    alpha_k=+0.045  s_bar=0.0047  g=+0.2985  N_eff_anchor=2.38
    cell culture dissociation reagents        alpha_k=+0.032  s_bar=0.0040  g=+0.2543  N_eff_anchor=3.81
    column-based dna plasmid miniprep         alpha_k=+0.025  s_bar=0.0061  g=+0.1307  N_eff_anchor=15.56
    cell culture nutritional supplements - tryptone  alpha_k=+0.025  s_bar=0.0053  g=+0.1471  N_eff_anchor=12.15
    rnase inhibitors                          alpha_k=-0.024  s_bar=0.0033  g=-0.2215  N_eff_anchor=6.85
    column-based microbial dna purification kits  alpha_k=+0.023  s_bar=0.0018  g=+0.3817  N_eff_anchor=2.14
  cluster filter (../../external/us_appended_text/author_static_clusters_30_lsa.csv, min-foia-per-cluster=1): kept 1,130,108/1,860,867
  ls filter (../../external/us_appended_text/author_ls_authors_indiv.csv): kept 1,130,108/1,130,108
  Saved ../../output/eb_market_support_hc_ebmed_capp90_cf_lsa_k3.csv
  Saved ../../output/shock_balance_hc_ebmed_capp90_cf_lsa_k3.csv
  Saved ../../output/foia_self_exposure_hc_ebmed_capp90_cf_lsa_k3.csv
  Saved ../../output/foia_eb_support_hc_ebmed_capp90_cf_lsa_k3.csv
  Saved ../../output/final_imputed_shift_share_hc_ebmed_capp90_cf_lsa_k3.csv
  Saved ../../output/imputed_shares_matrix_hc_ebmed_capp90_cf_lsa_k3.npz
  Saved ../../output/imputed_shares_markets_hc_ebmed_capp90_cf_lsa_k3.csv

==============================================================================
version=all   method=knn   tag=''
==============================================================================
Building FOIA share matrix S from ../../external/exposure_wts/athr_exposure_by_category_all.dta (version=all) ...
  S shape: (208, 46)  nnz: 1,414  density: 0.1478
  FOIA PIs with >=1 treated-market share: 208 / 208
  per-market raw FOIA coverage: min=3  p5=3  p50=27  p95=66  max=106

  EB information spend cap: $130,173
  raw denominator spend: median=$32,071  p90=$130,173  max=$218,213
  effective EB spend: median=$32,071  p90=$129,558  max=$130,173

  --- Treated-market anchor support ---
  effective FOIA count by market: min=1.52  p25=3.82  p50=8.93  p75=14.93  max=46.93
  ten thinnest treated markets:
    nucleic acid modifying enzymes - klenow fragment  raw_n=  5  N_eff= 1.52  top_share=81%
    dulbecco's phosphate-buffered saline (dpbs) buffer  raw_n=  9  N_eff= 1.88  top_share=71%
    mes-sds buffer                            raw_n=  8  N_eff= 2.13  top_share=66%
    column-based microbial dna purification kits  raw_n=  3  N_eff= 2.14  top_share=56%
    pre-cast bis-tris gels                    raw_n= 16  N_eff= 2.33  top_share=64%
    laemmli sample buffer                     raw_n=  3  N_eff= 2.62  top_share=44%
    pre-cast tris-tricine gels                raw_n=  3  N_eff= 2.64  top_share=50%
    lds sample buffer                         raw_n=  3  N_eff= 2.74  top_share=48%
    horse serum                               raw_n=  9  N_eff= 2.84  top_share=49%
    high-fidelity dna polymerase              raw_n= 27  N_eff= 3.31  top_share=53%

  --- Hierarchical EB shrinkage ---
  alpha = $32,071
  prior = global
  zero-spend FOIA anchors: prior
  observed-spend FOIA anchors: 208/208
  T=0 FOIA anchors: 0/208
  own-data weight T_eff/(T_eff+alpha): p25=0.26  p50=0.50  p75=0.67
  self-exposure SD across observed anchors: raw=0.0315  shrunk=0.0103  retained=33%
  largest anchor self-exposure changes:
    A5087101891: +0.3466 -> +0.0391  T=$2,640  T_eff=$2,640  own_wt=0.08  N_eff_local=nan  local_wt=0.00
    A5014945614: +0.1544 -> +0.0259  T=$3,037  T_eff=$3,037  own_wt=0.09  N_eff_local=nan  local_wt=0.00
    A5009411980: -0.0753 -> +0.0079  T=$2,272  T_eff=$2,272  own_wt=0.07  N_eff_local=nan  local_wt=0.00
    A5067529915: -0.0472 -> +0.0076  T=$3,625  T_eff=$3,625  own_wt=0.10  N_eff_local=nan  local_wt=0.00
    A5056763319: +0.0576 -> +0.0201  T=$5,379  T_eff=$5,379  own_wt=0.14  N_eff_local=nan  local_wt=0.00
    A5018983460: -0.0313 -> +0.0030  T=$10,035  T_eff=$10,035  own_wt=0.24  N_eff_local=nan  local_wt=0.00
    A5006559011: -0.0232 -> +0.0100  T=$3,584  T_eff=$3,584  own_wt=0.10  N_eff_local=nan  local_wt=0.00
    A5003210434: +0.0572 -> +0.0248  T=$10,944  T_eff=$10,944  own_wt=0.25  N_eff_local=nan  local_wt=0.00
    A5005511937: -0.0187 -> +0.0107  T=$3,289  T_eff=$3,289  own_wt=0.09  N_eff_local=nan  local_wt=0.00
    A5002683233: +0.0840 -> +0.0557  T=$47,555  T_eff=$47,555  own_wt=0.60  N_eff_local=nan  local_wt=0.00

Imputing shares (method=knn) ...
Aggregating: z_hat = S_hat @ g, S_sum = rowsum(S_hat) ...
  effective number of shocks (BHJ-style): 14.11

  --- Exposure level comparison ---
  FOIA exposure after chosen EB specification:
    n nonzero PIs: 208/208
    mean=+0.01289  sd=0.01028  med=+0.01091
  Universe imputed exposure:
    n nonzero authors: 1,783,003/1,860,867
    mean=+0.01347  sd=0.00679  med=+0.01160

--- Shock balance (Borusyak-Hull-Jaravel) ---
  Regression: g_k = a + b * X_bar_k + e, weights = Sum_i s_ik
  H0: shocks are quasi-randomly assigned wrt pre-period X => b approx 0

  characteristic                beta          se        t       p
  log_total_spend            +0.5376      0.1891    +2.84   0.004
  log_lab_spend              +0.4821      0.1843    +2.62   0.009
  n_cats                     +0.0069      0.0047    +1.46   0.145
  lab_share                  -1.8758      1.9100    -0.98   0.326

  top-10 |Rotemberg weight| markets:
    us fbs                                    alpha_k=+0.717  s_bar=0.0192  g=+0.4812  N_eff_anchor=26.30
    chemiluminescent substrates               alpha_k=+0.108  s_bar=0.0090  g=+0.1540  N_eff_anchor=46.93
    first-strand cdna synthesis systems       alpha_k=+0.075  s_bar=0.0049  g=+0.1964  N_eff_anchor=13.58
    site-directed mutagenesis systems         alpha_k=-0.074  s_bar=0.0024  g=-0.3961  N_eff_anchor=17.38
    pre-cast bis-tris gels                    alpha_k=+0.045  s_bar=0.0019  g=+0.2985  N_eff_anchor=2.33
    cell culture dissociation reagents        alpha_k=+0.032  s_bar=0.0016  g=+0.2543  N_eff_anchor=3.73
    column-based dna plasmid miniprep         alpha_k=+0.026  s_bar=0.0025  g=+0.1307  N_eff_anchor=14.91
    cell culture nutritional supplements - tryptone  alpha_k=+0.024  s_bar=0.0021  g=+0.1471  N_eff_anchor=11.36
    rnase inhibitors                          alpha_k=-0.023  s_bar=0.0013  g=-0.2215  N_eff_anchor=6.85
    column-based microbial dna purification kits  alpha_k=+0.023  s_bar=0.0008  g=+0.3817  N_eff_anchor=2.14
  cluster filter (../../external/us_appended_text/author_static_clusters_30_lsa.csv, min-foia-per-cluster=1): kept 1,130,108/1,860,867
  ls filter (../../external/us_appended_text/author_ls_authors_indiv.csv): kept 1,130,108/1,130,108
  Saved ../../output/eb_market_support_all_ebmed_capp90_cf_lsa_k3.csv
  Saved ../../output/shock_balance_all_ebmed_capp90_cf_lsa_k3.csv
  Saved ../../output/foia_self_exposure_all_ebmed_capp90_cf_lsa_k3.csv
  Saved ../../output/foia_eb_support_all_ebmed_capp90_cf_lsa_k3.csv
  Saved ../../output/final_imputed_shift_share_all_ebmed_capp90_cf_lsa_k3.csv
  Saved ../../output/imputed_shares_matrix_all_ebmed_capp90_cf_lsa_k3.npz
  Saved ../../output/imputed_shares_markets_all_ebmed_capp90_cf_lsa_k3.csv

==============================================================================
version=treated_hc   method=knn   tag=''
==============================================================================
Building FOIA share matrix S from ../../external/exposure_wts/athr_exposure_by_category_treated_hc.dta (version=treated_hc) ...
  S shape: (208, 46)  nnz: 1,414  density: 0.1478
  FOIA PIs with >=1 treated-market share: 208 / 208
  per-market raw FOIA coverage: min=3  p5=3  p50=27  p95=66  max=106

  EB information spend cap: $13,716
  raw denominator spend: median=$2,175  p90=$13,716  max=$51,286
  effective EB spend: median=$2,175  p90=$13,403  max=$13,716

  --- Treated-market anchor support ---
  effective FOIA count by market: min=1.52  p25=5.04  p50=8.15  p75=16.58  max=45.72
  ten thinnest treated markets:
    nucleic acid modifying enzymes - klenow fragment  raw_n=  5  N_eff= 1.52  top_share=81%
    column-based microbial dna purification kits  raw_n=  3  N_eff= 2.14  top_share=56%
    dulbecco's phosphate-buffered saline (dpbs) buffer  raw_n=  9  N_eff= 2.32  top_share=62%
    pre-cast tris-tricine gels                raw_n=  3  N_eff= 2.57  top_share=53%
    mes-sds buffer                            raw_n=  8  N_eff= 2.62  top_share=58%
    lds sample buffer                         raw_n=  3  N_eff= 2.64  top_share=50%
    laemmli sample buffer                     raw_n=  3  N_eff= 2.67  top_share=48%
    horse serum                               raw_n=  9  N_eff= 2.97  top_share=42%
    nucleic acid modifying enzymes - t4 polynucleotide kinase  raw_n=  8  N_eff= 3.16  top_share=53%
    pre-cast bis-tris gels                    raw_n= 16  N_eff= 3.30  top_share=52%

  --- Hierarchical EB shrinkage ---
  alpha = $2,175
  prior = global
  zero-spend FOIA anchors: prior
  observed-spend FOIA anchors: 208/208
  T=0 FOIA anchors: 0/208
  own-data weight T_eff/(T_eff+alpha): p25=0.24  p50=0.50  p75=0.73
  self-exposure SD across observed anchors: raw=0.1314  shrunk=0.0676  retained=51%
  largest anchor self-exposure changes:
    A5009411980: -0.3961 -> +0.0396  T=$432  T_eff=$432  own_wt=0.17  N_eff_local=nan  local_wt=0.00
    A5067529915: -0.3961 -> +0.0396  T=$432  T_eff=$432  own_wt=0.17  N_eff_local=nan  local_wt=0.00
    A5018983460: -0.3961 -> -0.0136  T=$794  T_eff=$794  own_wt=0.27  N_eff_local=nan  local_wt=0.00
    A5064294448: -0.3564 -> -0.1225  T=$2,312  T_eff=$2,312  own_wt=0.52  N_eff_local=nan  local_wt=0.00
    A5006559011: -0.1578 -> +0.0708  T=$527  T_eff=$527  own_wt=0.19  N_eff_local=nan  local_wt=0.00
    A5003210434: +0.4670 -> +0.2561  T=$1,340  T_eff=$1,340  own_wt=0.38  N_eff_local=nan  local_wt=0.00
    A5056763319: +0.4049 -> +0.1987  T=$765  T_eff=$765  own_wt=0.26  N_eff_local=nan  local_wt=0.00
    A5005511937: -0.1206 -> +0.0794  T=$509  T_eff=$509  own_wt=0.19  N_eff_local=nan  local_wt=0.00
    A5050835243: -0.0899 -> +0.1016  T=$279  T_eff=$279  own_wt=0.11  N_eff_local=nan  local_wt=0.00
    A5060061551: -0.0957 -> +0.0848  T=$498  T_eff=$498  own_wt=0.19  N_eff_local=nan  local_wt=0.00

Imputing shares (method=knn) ...
Aggregating: z_hat = S_hat @ g, S_sum = rowsum(S_hat) ...
  effective number of shocks (BHJ-style): 15.39

  --- Exposure level comparison ---
  FOIA exposure after chosen EB specification:
    n nonzero PIs: 208/208
    mean=+0.11520  sd=0.06757  med=+0.10509
  Universe imputed exposure:
    n nonzero authors: 1,783,003/1,860,867
    mean=+0.12236  sd=0.04566  med=+0.11495

--- Shock balance (Borusyak-Hull-Jaravel) ---
  Regression: g_k = a + b * X_bar_k + e, weights = Sum_i s_ik
  H0: shocks are quasi-randomly assigned wrt pre-period X => b approx 0

  characteristic                beta          se        t       p
  log_total_spend            +0.3898      0.1959    +1.99   0.047
  log_lab_spend              +0.3412      0.1875    +1.82   0.069
  n_cats                     +0.0039      0.0046    +0.85   0.395
  lab_share                  -1.0921      1.7689    -0.62   0.537

  top-10 |Rotemberg weight| markets:
    us fbs                                    alpha_k=+0.706  s_bar=0.1721  g=+0.4812  N_eff_anchor=32.00
    chemiluminescent substrates               alpha_k=+0.130  s_bar=0.0990  g=+0.1540  N_eff_anchor=45.72
    site-directed mutagenesis systems         alpha_k=-0.091  s_bar=0.0270  g=-0.3961  N_eff_anchor=17.98
    first-strand cdna synthesis systems       alpha_k=+0.079  s_bar=0.0474  g=+0.1964  N_eff_anchor=19.56
    pre-cast bis-tris gels                    alpha_k=+0.038  s_bar=0.0151  g=+0.2985  N_eff_anchor=3.30
    cell culture nutritional supplements - tryptone  alpha_k=+0.031  s_bar=0.0244  g=+0.1471  N_eff_anchor=11.69
    cell culture dissociation reagents        alpha_k=+0.029  s_bar=0.0135  g=+0.2543  N_eff_anchor=5.48
    column-based dna plasmid miniprep         alpha_k=+0.028  s_bar=0.0251  g=+0.1307  N_eff_anchor=16.74
    rnase inhibitors                          alpha_k=-0.026  s_bar=0.0137  g=-0.2215  N_eff_anchor=6.57
    high-fidelity dna polymerase              alpha_k=+0.022  s_bar=0.0246  g=+0.1055  N_eff_anchor=5.34
  cluster filter (../../external/us_appended_text/author_static_clusters_30_lsa.csv, min-foia-per-cluster=1): kept 1,130,108/1,860,867
  ls filter (../../external/us_appended_text/author_ls_authors_indiv.csv): kept 1,130,108/1,130,108
  Saved ../../output/eb_market_support_treated_hc_ebmed_capp90_cf_lsa_k3.csv
  Saved ../../output/shock_balance_treated_hc_ebmed_capp90_cf_lsa_k3.csv
  Saved ../../output/foia_self_exposure_treated_hc_ebmed_capp90_cf_lsa_k3.csv
  Saved ../../output/foia_eb_support_treated_hc_ebmed_capp90_cf_lsa_k3.csv
  Saved ../../output/final_imputed_shift_share_treated_hc_ebmed_capp90_cf_lsa_k3.csv
  Saved ../../output/imputed_shares_matrix_treated_hc_ebmed_capp90_cf_lsa_k3.npz
  Saved ../../output/imputed_shares_markets_treated_hc_ebmed_capp90_cf_lsa_k3.csv

==============================================================================
Per-version shift-share imputation summary
==============================================================================
   version method  eb_enabled eb_prior  eb_field_eta  eb_spend_cap  n_foia_with_raw_shares  n_foia_nonzero_after_eb  z_hat_mean_universe  z_hat_sd_universe  S_sum_mean_universe  S_sum_sd_universe  eff_n_shocks  min_market_anchor_neff  median_market_anchor_neff
        hc    knn        True   global        3.0000    53307.8746                     208                      208               0.0313             0.0162               0.2347             0.0653       14.3399                  1.5156                     9.0524
       all    knn        True   global        3.0000   130172.8219                     208                      208               0.0129             0.0072               0.0949             0.0281       14.1113                  1.5156                     8.9335
treated_hc    knn        True   global        3.0000    13716.4630                     208                      208               0.1172             0.0510               0.9582             0.2002       15.3930                  1.5156                     8.1467

Saved ../../output/shift_share_summary_ebmed_capp90_cf_lsa_k3.csv
Done!
Loading universe + FOIA id orders ...
  n universe = 1,860,867
  n FOIA anchors = 208
Loading shocks from /n/holylabs/LABS/pakes_lab/Lab/sci_eq/analysis/first_stage/output/did_coefs_eb_price.dta ...
  markets with shocks: 46
  g_k stats: mean=0.0669  sd=0.1804  min=-0.3961  max=0.7120
Loading W (tag='', k=3) ...
  W shape: (1860867, 208)  nnz: 5,011,841
  W rows with any weight: 1,783,003/1,860,867
  W row-sum stats (nonzero rows): mean=1.0000  p5=1.0000  p95=1.0000
Computing FOIA pre-period characteristics ...

==============================================================================
version=hc   method=knn   tag=''
==============================================================================
Building FOIA share matrix S from ../../external/exposure_wts/athr_exposure_by_category_hc.dta (version=hc) ...
  S shape: (208, 46)  nnz: 1,414  density: 0.1478
  FOIA PIs with >=1 treated-market share: 208 / 208
  per-market raw FOIA coverage: min=3  p5=3  p50=27  p95=66  max=106

  EB information spend cap: $53,308
  raw denominator spend: median=$12,108  p90=$53,308  max=$102,969
  effective EB spend: median=$12,108  p90=$52,728  max=$53,308

  --- Treated-market anchor support ---
  effective FOIA count by market: min=1.52  p25=3.82  p50=9.05  p75=15.38  max=44.44
  ten thinnest treated markets:
    nucleic acid modifying enzymes - klenow fragment  raw_n=  5  N_eff= 1.52  top_share=81%
    dulbecco's phosphate-buffered saline (dpbs) buffer  raw_n=  9  N_eff= 1.85  top_share=72%
    mes-sds buffer                            raw_n=  8  N_eff= 2.12  top_share=66%
    column-based microbial dna purification kits  raw_n=  3  N_eff= 2.14  top_share=56%
    pre-cast tris-tricine gels                raw_n=  3  N_eff= 2.33  top_share=59%
    pre-cast bis-tris gels                    raw_n= 16  N_eff= 2.38  top_share=63%
    laemmli sample buffer                     raw_n=  3  N_eff= 2.73  top_share=42%
    horse serum                               raw_n=  9  N_eff= 2.75  top_share=53%
    lds sample buffer                         raw_n=  3  N_eff= 2.88  top_share=43%
    nucleic acid modifying enzymes - t4 polynucleotide kinase  raw_n=  8  N_eff= 3.29  top_share=48%

  --- Hierarchical EB shrinkage ---
  alpha = $5,000
  prior = cluster
  field/peer eta = 3
  zero-spend FOIA anchors: prior
  observed-spend FOIA anchors: 208/208
  T=0 FOIA anchors: 0/208
  own-data weight T_eff/(T_eff+alpha): p25=0.47  p50=0.71  p75=0.85
  local effective anchor count: p25=4.41  p50=9.13  p75=14.37
  local-vs-global prior weight: p25=0.60  p50=0.75  p75=0.83
  self-exposure SD across observed anchors: raw=0.0563  shrunk=0.0316  retained=56%
  largest anchor self-exposure changes:
    A5087101891: +0.3817 -> +0.1323  T=$2,397  T_eff=$2,397  own_wt=0.32  N_eff_local=3.94  local_wt=0.57
    A5009411980: -0.2589 -> -0.0164  T=$661  T_eff=$661  own_wt=0.12  N_eff_local=7.40  local_wt=0.71
    A5014945614: +0.2768 -> +0.0867  T=$1,694  T_eff=$1,694  own_wt=0.25  N_eff_local=7.17  local_wt=0.71
    A5067529915: -0.1451 -> -0.0150  T=$1,179  T_eff=$1,179  own_wt=0.19  N_eff_local=7.37  local_wt=0.71
    A5006559011: -0.0819 -> +0.0297  T=$1,014  T_eff=$1,014  own_wt=0.17  N_eff_local=14.34  local_wt=0.83
    A5005511937: -0.0745 -> -0.0010  T=$824  T_eff=$824  own_wt=0.14  N_eff_local=9.51  local_wt=0.76
    A5024757186: +0.1740 -> +0.1060  T=$4,014  T_eff=$4,014  own_wt=0.45  N_eff_local=14.20  local_wt=0.83
    A5060061551: -0.0542 -> +0.0136  T=$879  T_eff=$879  own_wt=0.15  N_eff_local=1.78  local_wt=0.37
    A5018983460: -0.0867 -> -0.0248  T=$3,627  T_eff=$3,627  own_wt=0.42  N_eff_local=3.86  local_wt=0.56
    A5101652540: +0.1690 -> +0.1072  T=$4,702  T_eff=$4,702  own_wt=0.48  N_eff_local=15.05  local_wt=0.83

Imputing shares (method=knn) ...
Aggregating: z_hat = S_hat @ g, S_sum = rowsum(S_hat) ...
  effective number of shocks (BHJ-style): 15.61

  --- Exposure level comparison ---
  FOIA exposure after chosen EB specification:
    n nonzero PIs: 208/208
    mean=+0.02795  sd=0.03160  med=+0.01974
  Universe imputed exposure:
    n nonzero authors: 1,783,003/1,860,867
    mean=+0.02988  sd=0.02117  med=+0.02337

--- Shock balance (Borusyak-Hull-Jaravel) ---
  Regression: g_k = a + b * X_bar_k + e, weights = Sum_i s_ik
  H0: shocks are quasi-randomly assigned wrt pre-period X => b approx 0

  characteristic                beta          se        t       p
  log_total_spend            +0.3124      0.0940    +3.32   0.001
  log_lab_spend              +0.3029      0.0930    +3.26   0.001
  n_cats                     +0.0059      0.0027    +2.16   0.031
  lab_share                  -0.7416      1.2431    -0.60   0.551

  top-10 |Rotemberg weight| markets:
    us fbs                                    alpha_k=+0.705  s_bar=0.0420  g=+0.4812  N_eff_anchor=25.97
    chemiluminescent substrates               alpha_k=+0.118  s_bar=0.0220  g=+0.1540  N_eff_anchor=44.44
    site-directed mutagenesis systems         alpha_k=-0.084  s_bar=0.0060  g=-0.3961  N_eff_anchor=17.30
    first-strand cdna synthesis systems       alpha_k=+0.080  s_bar=0.0117  g=+0.1964  N_eff_anchor=13.31
    pre-cast bis-tris gels                    alpha_k=+0.043  s_bar=0.0042  g=+0.2985  N_eff_anchor=2.38
    cell culture dissociation reagents        alpha_k=+0.040  s_bar=0.0045  g=+0.2543  N_eff_anchor=3.81
    column-based microbial dna purification kits  alpha_k=+0.036  s_bar=0.0027  g=+0.3817  N_eff_anchor=2.14
    rnase inhibitors                          alpha_k=-0.030  s_bar=0.0038  g=-0.2215  N_eff_anchor=6.85
    column-based dna plasmid miniprep         alpha_k=+0.027  s_bar=0.0059  g=+0.1307  N_eff_anchor=15.56
    cell culture nutritional supplements - tryptone  alpha_k=+0.025  s_bar=0.0048  g=+0.1471  N_eff_anchor=12.15
  cluster filter (../../external/us_appended_text/author_static_clusters_30_lsa.csv, min-foia-per-cluster=1): kept 1,130,108/1,860,867
  ls filter (../../external/us_appended_text/author_ls_authors_indiv.csv): kept 1,130,108/1,130,108
  Saved ../../output/eb_market_support_hc_ebc5k_capp90_eta3_cf_lsa_k3.csv
  Saved ../../output/shock_balance_hc_ebc5k_capp90_eta3_cf_lsa_k3.csv
  Saved ../../output/foia_self_exposure_hc_ebc5k_capp90_eta3_cf_lsa_k3.csv
  Saved ../../output/foia_eb_support_hc_ebc5k_capp90_eta3_cf_lsa_k3.csv
  Saved ../../output/final_imputed_shift_share_hc_ebc5k_capp90_eta3_cf_lsa_k3.csv
  Saved ../../output/imputed_shares_matrix_hc_ebc5k_capp90_eta3_cf_lsa_k3.npz
  Saved ../../output/imputed_shares_markets_hc_ebc5k_capp90_eta3_cf_lsa_k3.csv

==============================================================================
version=all   method=knn   tag=''
==============================================================================
Building FOIA share matrix S from ../../external/exposure_wts/athr_exposure_by_category_all.dta (version=all) ...
  S shape: (208, 46)  nnz: 1,414  density: 0.1478
  FOIA PIs with >=1 treated-market share: 208 / 208
  per-market raw FOIA coverage: min=3  p5=3  p50=27  p95=66  max=106

  EB information spend cap: $130,173
  raw denominator spend: median=$32,071  p90=$130,173  max=$218,213
  effective EB spend: median=$32,071  p90=$129,558  max=$130,173

  --- Treated-market anchor support ---
  effective FOIA count by market: min=1.52  p25=3.82  p50=8.93  p75=14.93  max=46.93
  ten thinnest treated markets:
    nucleic acid modifying enzymes - klenow fragment  raw_n=  5  N_eff= 1.52  top_share=81%
    dulbecco's phosphate-buffered saline (dpbs) buffer  raw_n=  9  N_eff= 1.88  top_share=71%
    mes-sds buffer                            raw_n=  8  N_eff= 2.13  top_share=66%
    column-based microbial dna purification kits  raw_n=  3  N_eff= 2.14  top_share=56%
    pre-cast bis-tris gels                    raw_n= 16  N_eff= 2.33  top_share=64%
    laemmli sample buffer                     raw_n=  3  N_eff= 2.62  top_share=44%
    pre-cast tris-tricine gels                raw_n=  3  N_eff= 2.64  top_share=50%
    lds sample buffer                         raw_n=  3  N_eff= 2.74  top_share=48%
    horse serum                               raw_n=  9  N_eff= 2.84  top_share=49%
    high-fidelity dna polymerase              raw_n= 27  N_eff= 3.31  top_share=53%

  --- Hierarchical EB shrinkage ---
  alpha = $5,000
  prior = cluster
  field/peer eta = 3
  zero-spend FOIA anchors: prior
  observed-spend FOIA anchors: 208/208
  T=0 FOIA anchors: 0/208
  own-data weight T_eff/(T_eff+alpha): p25=0.70  p50=0.87  p75=0.93
  local effective anchor count: p25=4.76  p50=9.08  p75=14.90
  local-vs-global prior weight: p25=0.61  p50=0.75  p75=0.83
  self-exposure SD across observed anchors: raw=0.0315  shrunk=0.0173  retained=55%
  largest anchor self-exposure changes:
    A5087101891: +0.3466 -> +0.1229  T=$2,640  T_eff=$2,640  own_wt=0.35  N_eff_local=4.37  local_wt=0.59
    A5014945614: +0.1544 -> +0.0636  T=$3,037  T_eff=$3,037  own_wt=0.38  N_eff_local=7.58  local_wt=0.72
    A5009411980: -0.0753 -> -0.0196  T=$2,272  T_eff=$2,272  own_wt=0.31  N_eff_local=7.51  local_wt=0.71
    A5023125790: +0.0389 -> +0.0061  T=$97  T_eff=$97  own_wt=0.02  N_eff_local=7.56  local_wt=0.72
    A5067529915: -0.0472 -> -0.0165  T=$3,625  T_eff=$3,625  own_wt=0.42  N_eff_local=7.48  local_wt=0.71
    A5006559011: -0.0232 -> +0.0023  T=$3,584  T_eff=$3,584  own_wt=0.42  N_eff_local=15.12  local_wt=0.83
    A5056763319: +0.0576 -> +0.0344  T=$5,379  T_eff=$5,379  own_wt=0.52  N_eff_local=2.00  local_wt=0.40
    A5060061551: -0.0160 -> +0.0005  T=$2,974  T_eff=$2,974  own_wt=0.37  N_eff_local=1.79  local_wt=0.37
    A5063996057: -0.0144 -> +0.0018  T=$3,032  T_eff=$3,032  own_wt=0.38  N_eff_local=1.00  local_wt=0.25
    A5103566611: +0.0306 -> +0.0158  T=$4,036  T_eff=$4,036  own_wt=0.45  N_eff_local=9.56  local_wt=0.76

Imputing shares (method=knn) ...
Aggregating: z_hat = S_hat @ g, S_sum = rowsum(S_hat) ...
  effective number of shocks (BHJ-style): 16.24

  --- Exposure level comparison ---
  FOIA exposure after chosen EB specification:
    n nonzero PIs: 208/208
    mean=+0.01107  sd=0.01730  med=+0.00581
  Universe imputed exposure:
    n nonzero authors: 1,783,003/1,860,867
    mean=+0.01245  sd=0.01227  med=+0.00848

--- Shock balance (Borusyak-Hull-Jaravel) ---
  Regression: g_k = a + b * X_bar_k + e, weights = Sum_i s_ik
  H0: shocks are quasi-randomly assigned wrt pre-period X => b approx 0

  characteristic                beta          se        t       p
  log_total_spend            +0.1907      0.0684    +2.79   0.005
  log_lab_spend              +0.1802      0.0668    +2.70   0.007
  n_cats                     +0.0038      0.0020    +1.93   0.054
  lab_share                  -0.7200      0.8387    -0.86   0.391

  top-10 |Rotemberg weight| markets:
    us fbs                                    alpha_k=+0.660  s_bar=0.0164  g=+0.4812  N_eff_anchor=26.30
    chemiluminescent substrates               alpha_k=+0.119  s_bar=0.0092  g=+0.1540  N_eff_anchor=46.93
    first-strand cdna synthesis systems       alpha_k=+0.089  s_bar=0.0054  g=+0.1964  N_eff_anchor=13.58
    site-directed mutagenesis systems         alpha_k=-0.074  s_bar=0.0022  g=-0.3961  N_eff_anchor=17.38
    column-based microbial dna purification kits  alpha_k=+0.073  s_bar=0.0023  g=+0.3817  N_eff_anchor=2.14
    pre-cast bis-tris gels                    alpha_k=+0.047  s_bar=0.0019  g=+0.2985  N_eff_anchor=2.33
    cell culture dissociation reagents        alpha_k=+0.039  s_bar=0.0018  g=+0.2543  N_eff_anchor=3.73
    rnase inhibitors                          alpha_k=-0.030  s_bar=0.0016  g=-0.2215  N_eff_anchor=6.85
    column-based dna plasmid miniprep         alpha_k=+0.027  s_bar=0.0024  g=+0.1307  N_eff_anchor=14.91
    column-based gel dna extraction kits      alpha_k=-0.026  s_bar=0.0033  g=-0.0957  N_eff_anchor=12.35
  cluster filter (../../external/us_appended_text/author_static_clusters_30_lsa.csv, min-foia-per-cluster=1): kept 1,130,108/1,860,867
  ls filter (../../external/us_appended_text/author_ls_authors_indiv.csv): kept 1,130,108/1,130,108
  Saved ../../output/eb_market_support_all_ebc5k_capp90_eta3_cf_lsa_k3.csv
  Saved ../../output/shock_balance_all_ebc5k_capp90_eta3_cf_lsa_k3.csv
  Saved ../../output/foia_self_exposure_all_ebc5k_capp90_eta3_cf_lsa_k3.csv
  Saved ../../output/foia_eb_support_all_ebc5k_capp90_eta3_cf_lsa_k3.csv
  Saved ../../output/final_imputed_shift_share_all_ebc5k_capp90_eta3_cf_lsa_k3.csv
  Saved ../../output/imputed_shares_matrix_all_ebc5k_capp90_eta3_cf_lsa_k3.npz
  Saved ../../output/imputed_shares_markets_all_ebc5k_capp90_eta3_cf_lsa_k3.csv

==============================================================================
version=treated_hc   method=knn   tag=''
==============================================================================
Building FOIA share matrix S from ../../external/exposure_wts/athr_exposure_by_category_treated_hc.dta (version=treated_hc) ...
  S shape: (208, 46)  nnz: 1,414  density: 0.1478
  FOIA PIs with >=1 treated-market share: 208 / 208
  per-market raw FOIA coverage: min=3  p5=3  p50=27  p95=66  max=106

  EB information spend cap: $13,716
  raw denominator spend: median=$2,175  p90=$13,716  max=$51,286
  effective EB spend: median=$2,175  p90=$13,403  max=$13,716

  --- Treated-market anchor support ---
  effective FOIA count by market: min=1.52  p25=5.04  p50=8.15  p75=16.58  max=45.72
  ten thinnest treated markets:
    nucleic acid modifying enzymes - klenow fragment  raw_n=  5  N_eff= 1.52  top_share=81%
    column-based microbial dna purification kits  raw_n=  3  N_eff= 2.14  top_share=56%
    dulbecco's phosphate-buffered saline (dpbs) buffer  raw_n=  9  N_eff= 2.32  top_share=62%
    pre-cast tris-tricine gels                raw_n=  3  N_eff= 2.57  top_share=53%
    mes-sds buffer                            raw_n=  8  N_eff= 2.62  top_share=58%
    lds sample buffer                         raw_n=  3  N_eff= 2.64  top_share=50%
    laemmli sample buffer                     raw_n=  3  N_eff= 2.67  top_share=48%
    horse serum                               raw_n=  9  N_eff= 2.97  top_share=42%
    nucleic acid modifying enzymes - t4 polynucleotide kinase  raw_n=  8  N_eff= 3.16  top_share=53%
    pre-cast bis-tris gels                    raw_n= 16  N_eff= 3.30  top_share=52%

  --- Hierarchical EB shrinkage ---
  alpha = $5,000
  prior = cluster
  field/peer eta = 3
  zero-spend FOIA anchors: prior
  observed-spend FOIA anchors: 208/208
  T=0 FOIA anchors: 0/208
  own-data weight T_eff/(T_eff+alpha): p25=0.12  p50=0.30  p75=0.54
  local effective anchor count: p25=3.90  p50=9.21  p75=13.89
  local-vs-global prior weight: p25=0.57  p50=0.75  p75=0.82
  self-exposure SD across observed anchors: raw=0.1314  shrunk=0.0597  retained=45%
  largest anchor self-exposure changes:
    A5009411980: -0.3961 -> +0.0410  T=$432  T_eff=$432  own_wt=0.08  N_eff_local=5.92  local_wt=0.66
    A5067529915: -0.3961 -> +0.0410  T=$432  T_eff=$432  own_wt=0.08  N_eff_local=5.92  local_wt=0.66
    A5018983460: -0.3961 -> +0.0196  T=$794  T_eff=$794  own_wt=0.14  N_eff_local=2.65  local_wt=0.47
    A5064294448: -0.3564 -> -0.0499  T=$2,312  T_eff=$2,312  own_wt=0.32  N_eff_local=5.51  local_wt=0.65
    A5006559011: -0.1578 -> +0.1456  T=$527  T_eff=$527  own_wt=0.10  N_eff_local=13.98  local_wt=0.82
    A5056763319: +0.4049 -> +0.1384  T=$765  T_eff=$765  own_wt=0.13  N_eff_local=1.26  local_wt=0.30
    A5003210434: +0.4670 -> +0.2360  T=$1,340  T_eff=$1,340  own_wt=0.21  N_eff_local=13.83  local_wt=0.82
    A5082782774: +0.2985 -> +0.0817  T=$155  T_eff=$155  own_wt=0.03  N_eff_local=6.00  local_wt=0.67
    A5087101891: +0.3817 -> +0.1666  T=$2,397  T_eff=$2,397  own_wt=0.32  N_eff_local=2.35  local_wt=0.44
    A5063996057: -0.0931 -> +0.1053  T=$468  T_eff=$468  own_wt=0.09  N_eff_local=1.00  local_wt=0.25

Imputing shares (method=knn) ...
Aggregating: z_hat = S_hat @ g, S_sum = rowsum(S_hat) ...
  effective number of shocks (BHJ-style): 15.52

  --- Exposure level comparison ---
  FOIA exposure after chosen EB specification:
    n nonzero PIs: 208/208
    mean=+0.11402  sd=0.05974  med=+0.10979
  Universe imputed exposure:
    n nonzero authors: 1,783,003/1,860,867
    mean=+0.12011  sd=0.04248  med=+0.11511

--- Shock balance (Borusyak-Hull-Jaravel) ---
  Regression: g_k = a + b * X_bar_k + e, weights = Sum_i s_ik
  H0: shocks are quasi-randomly assigned wrt pre-period X => b approx 0

  characteristic                beta          se        t       p
  log_total_spend            +0.6064      0.1610    +3.77   0.000
  log_lab_spend              +0.6210      0.1566    +3.97   0.000
  n_cats                     +0.0104      0.0045    +2.30   0.021
  lab_share                  +2.0671      2.2175    +0.93   0.351

  top-10 |Rotemberg weight| markets:
    us fbs                                    alpha_k=+0.710  s_bar=0.1697  g=+0.4812  N_eff_anchor=32.00
    chemiluminescent substrates               alpha_k=+0.133  s_bar=0.0995  g=+0.1540  N_eff_anchor=45.72
    site-directed mutagenesis systems         alpha_k=-0.093  s_bar=0.0269  g=-0.3961  N_eff_anchor=17.98
    first-strand cdna synthesis systems       alpha_k=+0.077  s_bar=0.0454  g=+0.1964  N_eff_anchor=19.56
    pre-cast bis-tris gels                    alpha_k=+0.036  s_bar=0.0140  g=+0.2985  N_eff_anchor=3.30
    rnase inhibitors                          alpha_k=-0.030  s_bar=0.0158  g=-0.2215  N_eff_anchor=6.57
    column-based dna plasmid miniprep         alpha_k=+0.030  s_bar=0.0265  g=+0.1307  N_eff_anchor=16.74
    cell culture nutritional supplements - tryptone  alpha_k=+0.029  s_bar=0.0225  g=+0.1471  N_eff_anchor=11.69
    cell culture dissociation reagents        alpha_k=+0.028  s_bar=0.0127  g=+0.2543  N_eff_anchor=5.48
    unstained dna ladders                     alpha_k=-0.023  s_bar=0.0198  g=-0.1326  N_eff_anchor=19.90
  cluster filter (../../external/us_appended_text/author_static_clusters_30_lsa.csv, min-foia-per-cluster=1): kept 1,130,108/1,860,867
  ls filter (../../external/us_appended_text/author_ls_authors_indiv.csv): kept 1,130,108/1,130,108
  Saved ../../output/eb_market_support_treated_hc_ebc5k_capp90_eta3_cf_lsa_k3.csv
  Saved ../../output/shock_balance_treated_hc_ebc5k_capp90_eta3_cf_lsa_k3.csv
  Saved ../../output/foia_self_exposure_treated_hc_ebc5k_capp90_eta3_cf_lsa_k3.csv
  Saved ../../output/foia_eb_support_treated_hc_ebc5k_capp90_eta3_cf_lsa_k3.csv
  Saved ../../output/final_imputed_shift_share_treated_hc_ebc5k_capp90_eta3_cf_lsa_k3.csv
  Saved ../../output/imputed_shares_matrix_treated_hc_ebc5k_capp90_eta3_cf_lsa_k3.npz
  Saved ../../output/imputed_shares_markets_treated_hc_ebc5k_capp90_eta3_cf_lsa_k3.csv

==============================================================================
Per-version shift-share imputation summary
==============================================================================
   version method  eb_enabled eb_prior  eb_field_eta  eb_spend_cap  n_foia_with_raw_shares  n_foia_nonzero_after_eb  z_hat_mean_universe  z_hat_sd_universe  S_sum_mean_universe  S_sum_sd_universe  eff_n_shocks  min_market_anchor_neff  median_market_anchor_neff
        hc    knn        True  cluster        3.0000    53307.8746                     208                      208               0.0286             0.0216               0.2296             0.0781       15.6105                  1.5156                     9.0524
       all    knn        True  cluster        3.0000   130172.8219                     208                      208               0.0119             0.0123               0.0960             0.0424       16.2416                  1.5156                     8.9335
treated_hc    knn        True  cluster        3.0000    13716.4630                     208                      208               0.1151             0.0480               0.9582             0.2002       15.5233                  1.5156                     8.1467

Saved ../../output/shift_share_summary_ebc5k_capp90_eta3_cf_lsa_k3.csv
Done!
Loading universe + FOIA id orders ...
  n universe = 1,860,867
  n FOIA anchors = 208
Loading shocks from /n/holylabs/LABS/pakes_lab/Lab/sci_eq/analysis/first_stage/output/did_coefs_eb_price.dta ...
  markets with shocks: 46
  g_k stats: mean=0.0669  sd=0.1804  min=-0.3961  max=0.7120
Loading W (tag='', k=3) ...
  W shape: (1860867, 208)  nnz: 5,011,841
  W rows with any weight: 1,783,003/1,860,867
  W row-sum stats (nonzero rows): mean=1.0000  p5=1.0000  p95=1.0000
Computing FOIA pre-period characteristics ...

==============================================================================
version=hc   method=knn   tag=''
==============================================================================
Building FOIA share matrix S from ../../external/exposure_wts/athr_exposure_by_category_hc.dta (version=hc) ...
  S shape: (208, 46)  nnz: 1,414  density: 0.1478
  FOIA PIs with >=1 treated-market share: 208 / 208
  per-market raw FOIA coverage: min=3  p5=3  p50=27  p95=66  max=106

  EB information spend cap: $53,308
  raw denominator spend: median=$12,108  p90=$53,308  max=$102,969
  effective EB spend: median=$12,108  p90=$52,728  max=$53,308

  --- Treated-market anchor support ---
  effective FOIA count by market: min=1.52  p25=3.82  p50=9.05  p75=15.38  max=44.44
  ten thinnest treated markets:
    nucleic acid modifying enzymes - klenow fragment  raw_n=  5  N_eff= 1.52  top_share=81%
    dulbecco's phosphate-buffered saline (dpbs) buffer  raw_n=  9  N_eff= 1.85  top_share=72%
    mes-sds buffer                            raw_n=  8  N_eff= 2.12  top_share=66%
    column-based microbial dna purification kits  raw_n=  3  N_eff= 2.14  top_share=56%
    pre-cast tris-tricine gels                raw_n=  3  N_eff= 2.33  top_share=59%
    pre-cast bis-tris gels                    raw_n= 16  N_eff= 2.38  top_share=63%
    laemmli sample buffer                     raw_n=  3  N_eff= 2.73  top_share=42%
    horse serum                               raw_n=  9  N_eff= 2.75  top_share=53%
    lds sample buffer                         raw_n=  3  N_eff= 2.88  top_share=43%
    nucleic acid modifying enzymes - t4 polynucleotide kinase  raw_n=  8  N_eff= 3.29  top_share=48%

  --- Hierarchical EB shrinkage ---
  alpha = $20,000
  prior = cluster
  field/peer eta = 3
  zero-spend FOIA anchors: prior
  observed-spend FOIA anchors: 208/208
  T=0 FOIA anchors: 0/208
  own-data weight T_eff/(T_eff+alpha): p25=0.18  p50=0.38  p75=0.59
  local effective anchor count: p25=4.41  p50=9.13  p75=14.37
  local-vs-global prior weight: p25=0.60  p50=0.75  p75=0.83
  self-exposure SD across observed anchors: raw=0.0563  shrunk=0.0225  retained=40%
  largest anchor self-exposure changes:
    A5087101891: +0.3817 -> +0.0523  T=$2,397  T_eff=$2,397  own_wt=0.11  N_eff_local=3.94  local_wt=0.57
    A5009411980: -0.2589 -> +0.0068  T=$661  T_eff=$661  own_wt=0.03  N_eff_local=7.40  local_wt=0.71
    A5014945614: +0.2768 -> +0.0421  T=$1,694  T_eff=$1,694  own_wt=0.08  N_eff_local=7.17  local_wt=0.71
    A5067529915: -0.1451 -> +0.0067  T=$1,179  T_eff=$1,179  own_wt=0.06  N_eff_local=7.37  local_wt=0.71
    A5006559011: -0.0819 -> +0.0459  T=$1,014  T_eff=$1,014  own_wt=0.05  N_eff_local=14.34  local_wt=0.83
    A5024757186: +0.1740 -> +0.0720  T=$4,014  T_eff=$4,014  own_wt=0.17  N_eff_local=14.20  local_wt=0.83
    A5101652540: +0.1690 -> +0.0719  T=$4,702  T_eff=$4,702  own_wt=0.19  N_eff_local=15.05  local_wt=0.83
    A5018983460: -0.0867 -> +0.0037  T=$3,627  T_eff=$3,627  own_wt=0.15  N_eff_local=3.86  local_wt=0.56
    A5005511937: -0.0745 -> +0.0077  T=$824  T_eff=$824  own_wt=0.04  N_eff_local=9.51  local_wt=0.76
    A5056763319: +0.1148 -> +0.0347  T=$2,699  T_eff=$2,699  own_wt=0.12  N_eff_local=1.92  local_wt=0.39

Imputing shares (method=knn) ...
Aggregating: z_hat = S_hat @ g, S_sum = rowsum(S_hat) ...
  effective number of shocks (BHJ-style): 14.54

  --- Exposure level comparison ---
  FOIA exposure after chosen EB specification:
    n nonzero PIs: 208/208
    mean=+0.03013  sd=0.02255  med=+0.02538
  Universe imputed exposure:
    n nonzero authors: 1,783,003/1,860,867
    mean=+0.03129  sd=0.01518  med=+0.02735

--- Shock balance (Borusyak-Hull-Jaravel) ---
  Regression: g_k = a + b * X_bar_k + e, weights = Sum_i s_ik
  H0: shocks are quasi-randomly assigned wrt pre-period X => b approx 0

  characteristic                beta          se        t       p
  log_total_spend            +0.5355      0.1347    +3.98   0.000
  log_lab_spend              +0.5418      0.1329    +4.08   0.000
  n_cats                     +0.0105      0.0040    +2.62   0.009
  lab_share                  +1.0055      2.3357    +0.43   0.667

  top-10 |Rotemberg weight| markets:
    us fbs                                    alpha_k=+0.722  s_bar=0.0450  g=+0.4812  N_eff_anchor=25.97
    chemiluminescent substrates               alpha_k=+0.116  s_bar=0.0226  g=+0.1540  N_eff_anchor=44.44
    site-directed mutagenesis systems         alpha_k=-0.081  s_bar=0.0061  g=-0.3961  N_eff_anchor=17.30
    first-strand cdna synthesis systems       alpha_k=+0.077  s_bar=0.0118  g=+0.1964  N_eff_anchor=13.31
    pre-cast bis-tris gels                    alpha_k=+0.044  s_bar=0.0044  g=+0.2985  N_eff_anchor=2.38
    cell culture dissociation reagents        alpha_k=+0.033  s_bar=0.0039  g=+0.2543  N_eff_anchor=3.81
    column-based dna plasmid miniprep         alpha_k=+0.027  s_bar=0.0063  g=+0.1307  N_eff_anchor=15.56
    rnase inhibitors                          alpha_k=-0.027  s_bar=0.0037  g=-0.2215  N_eff_anchor=6.85
    unstained dna ladders                     alpha_k=-0.024  s_bar=0.0053  g=-0.1326  N_eff_anchor=18.60
    cell culture nutritional supplements - tryptone  alpha_k=+0.023  s_bar=0.0046  g=+0.1471  N_eff_anchor=12.15
  cluster filter (../../external/us_appended_text/author_static_clusters_30_lsa.csv, min-foia-per-cluster=1): kept 1,130,108/1,860,867
  ls filter (../../external/us_appended_text/author_ls_authors_indiv.csv): kept 1,130,108/1,130,108
  Saved ../../output/eb_market_support_hc_ebc20k_capp90_eta3_cf_lsa_k3.csv
  Saved ../../output/shock_balance_hc_ebc20k_capp90_eta3_cf_lsa_k3.csv
  Saved ../../output/foia_self_exposure_hc_ebc20k_capp90_eta3_cf_lsa_k3.csv
  Saved ../../output/foia_eb_support_hc_ebc20k_capp90_eta3_cf_lsa_k3.csv
  Saved ../../output/final_imputed_shift_share_hc_ebc20k_capp90_eta3_cf_lsa_k3.csv
  Saved ../../output/imputed_shares_matrix_hc_ebc20k_capp90_eta3_cf_lsa_k3.npz
  Saved ../../output/imputed_shares_markets_hc_ebc20k_capp90_eta3_cf_lsa_k3.csv

==============================================================================
version=all   method=knn   tag=''
==============================================================================
Building FOIA share matrix S from ../../external/exposure_wts/athr_exposure_by_category_all.dta (version=all) ...
  S shape: (208, 46)  nnz: 1,414  density: 0.1478
  FOIA PIs with >=1 treated-market share: 208 / 208
  per-market raw FOIA coverage: min=3  p5=3  p50=27  p95=66  max=106

  EB information spend cap: $130,173
  raw denominator spend: median=$32,071  p90=$130,173  max=$218,213
  effective EB spend: median=$32,071  p90=$129,558  max=$130,173

  --- Treated-market anchor support ---
  effective FOIA count by market: min=1.52  p25=3.82  p50=8.93  p75=14.93  max=46.93
  ten thinnest treated markets:
    nucleic acid modifying enzymes - klenow fragment  raw_n=  5  N_eff= 1.52  top_share=81%
    dulbecco's phosphate-buffered saline (dpbs) buffer  raw_n=  9  N_eff= 1.88  top_share=71%
    mes-sds buffer                            raw_n=  8  N_eff= 2.13  top_share=66%
    column-based microbial dna purification kits  raw_n=  3  N_eff= 2.14  top_share=56%
    pre-cast bis-tris gels                    raw_n= 16  N_eff= 2.33  top_share=64%
    laemmli sample buffer                     raw_n=  3  N_eff= 2.62  top_share=44%
    pre-cast tris-tricine gels                raw_n=  3  N_eff= 2.64  top_share=50%
    lds sample buffer                         raw_n=  3  N_eff= 2.74  top_share=48%
    horse serum                               raw_n=  9  N_eff= 2.84  top_share=49%
    high-fidelity dna polymerase              raw_n= 27  N_eff= 3.31  top_share=53%

  --- Hierarchical EB shrinkage ---
  alpha = $20,000
  prior = cluster
  field/peer eta = 3
  zero-spend FOIA anchors: prior
  observed-spend FOIA anchors: 208/208
  T=0 FOIA anchors: 0/208
  own-data weight T_eff/(T_eff+alpha): p25=0.37  p50=0.62  p75=0.77
  local effective anchor count: p25=4.76  p50=9.08  p75=14.90
  local-vs-global prior weight: p25=0.61  p50=0.75  p75=0.83
  self-exposure SD across observed anchors: raw=0.0315  shrunk=0.0124  retained=39%
  largest anchor self-exposure changes:
    A5087101891: +0.3466 -> +0.0446  T=$2,640  T_eff=$2,640  own_wt=0.12  N_eff_local=4.37  local_wt=0.59
    A5014945614: +0.1544 -> +0.0277  T=$3,037  T_eff=$3,037  own_wt=0.13  N_eff_local=7.58  local_wt=0.72
    A5009411980: -0.0753 -> -0.0026  T=$2,272  T_eff=$2,272  own_wt=0.10  N_eff_local=7.51  local_wt=0.71
    A5067529915: -0.0472 -> -0.0024  T=$3,625  T_eff=$3,625  own_wt=0.15  N_eff_local=7.48  local_wt=0.71
    A5056763319: +0.0576 -> +0.0196  T=$5,379  T_eff=$5,379  own_wt=0.21  N_eff_local=2.00  local_wt=0.40
    A5006559011: -0.0232 -> +0.0140  T=$3,584  T_eff=$3,584  own_wt=0.15  N_eff_local=15.12  local_wt=0.83
    A5023125790: +0.0389 -> +0.0057  T=$97  T_eff=$97  own_wt=0.00  N_eff_local=7.56  local_wt=0.72
    A5018983460: -0.0313 -> -0.0052  T=$10,035  T_eff=$10,035  own_wt=0.33  N_eff_local=4.13  local_wt=0.58
    A5003210434: +0.0572 -> +0.0333  T=$10,944  T_eff=$10,944  own_wt=0.35  N_eff_local=14.98  local_wt=0.83
    A5060061551: -0.0160 -> +0.0070  T=$2,974  T_eff=$2,974  own_wt=0.13  N_eff_local=1.79  local_wt=0.37

Imputing shares (method=knn) ...
Aggregating: z_hat = S_hat @ g, S_sum = rowsum(S_hat) ...
  effective number of shocks (BHJ-style): 14.98

  --- Exposure level comparison ---
  FOIA exposure after chosen EB specification:
    n nonzero PIs: 208/208
    mean=+0.01166  sd=0.01242  med=+0.00839
  Universe imputed exposure:
    n nonzero authors: 1,783,003/1,860,867
    mean=+0.01250  sd=0.00857  med=+0.00997

--- Shock balance (Borusyak-Hull-Jaravel) ---
  Regression: g_k = a + b * X_bar_k + e, weights = Sum_i s_ik
  H0: shocks are quasi-randomly assigned wrt pre-period X => b approx 0

  characteristic                beta          se        t       p
  log_total_spend            +0.3796      0.1010    +3.76   0.000
  log_lab_spend              +0.3707      0.0997    +3.72   0.000
  n_cats                     +0.0072      0.0029    +2.46   0.014
  lab_share                  -0.5076      1.5407    -0.33   0.742

  top-10 |Rotemberg weight| markets:
    us fbs                                    alpha_k=+0.708  s_bar=0.0176  g=+0.4812  N_eff_anchor=26.30
    chemiluminescent substrates               alpha_k=+0.115  s_bar=0.0089  g=+0.1540  N_eff_anchor=46.93
    first-strand cdna synthesis systems       alpha_k=+0.078  s_bar=0.0048  g=+0.1964  N_eff_anchor=13.58
    site-directed mutagenesis systems         alpha_k=-0.076  s_bar=0.0023  g=-0.3961  N_eff_anchor=17.38
    pre-cast bis-tris gels                    alpha_k=+0.043  s_bar=0.0017  g=+0.2985  N_eff_anchor=2.33
    cell culture dissociation reagents        alpha_k=+0.037  s_bar=0.0017  g=+0.2543  N_eff_anchor=3.73
    column-based microbial dna purification kits  alpha_k=+0.030  s_bar=0.0010  g=+0.3817  N_eff_anchor=2.14
    rnase inhibitors                          alpha_k=-0.029  s_bar=0.0016  g=-0.2215  N_eff_anchor=6.85
    column-based dna plasmid miniprep         alpha_k=+0.028  s_bar=0.0025  g=+0.1307  N_eff_anchor=14.91
    cell culture nutritional supplements - tryptone  alpha_k=+0.023  s_bar=0.0019  g=+0.1471  N_eff_anchor=11.36
  cluster filter (../../external/us_appended_text/author_static_clusters_30_lsa.csv, min-foia-per-cluster=1): kept 1,130,108/1,860,867
  ls filter (../../external/us_appended_text/author_ls_authors_indiv.csv): kept 1,130,108/1,130,108
  Saved ../../output/eb_market_support_all_ebc20k_capp90_eta3_cf_lsa_k3.csv
  Saved ../../output/shock_balance_all_ebc20k_capp90_eta3_cf_lsa_k3.csv
  Saved ../../output/foia_self_exposure_all_ebc20k_capp90_eta3_cf_lsa_k3.csv
  Saved ../../output/foia_eb_support_all_ebc20k_capp90_eta3_cf_lsa_k3.csv
  Saved ../../output/final_imputed_shift_share_all_ebc20k_capp90_eta3_cf_lsa_k3.csv
  Saved ../../output/imputed_shares_matrix_all_ebc20k_capp90_eta3_cf_lsa_k3.npz
  Saved ../../output/imputed_shares_markets_all_ebc20k_capp90_eta3_cf_lsa_k3.csv

==============================================================================
version=treated_hc   method=knn   tag=''
==============================================================================
Building FOIA share matrix S from ../../external/exposure_wts/athr_exposure_by_category_treated_hc.dta (version=treated_hc) ...
  S shape: (208, 46)  nnz: 1,414  density: 0.1478
  FOIA PIs with >=1 treated-market share: 208 / 208
  per-market raw FOIA coverage: min=3  p5=3  p50=27  p95=66  max=106

  EB information spend cap: $13,716
  raw denominator spend: median=$2,175  p90=$13,716  max=$51,286
  effective EB spend: median=$2,175  p90=$13,403  max=$13,716

  --- Treated-market anchor support ---
  effective FOIA count by market: min=1.52  p25=5.04  p50=8.15  p75=16.58  max=45.72
  ten thinnest treated markets:
    nucleic acid modifying enzymes - klenow fragment  raw_n=  5  N_eff= 1.52  top_share=81%
    column-based microbial dna purification kits  raw_n=  3  N_eff= 2.14  top_share=56%
    dulbecco's phosphate-buffered saline (dpbs) buffer  raw_n=  9  N_eff= 2.32  top_share=62%
    pre-cast tris-tricine gels                raw_n=  3  N_eff= 2.57  top_share=53%
    mes-sds buffer                            raw_n=  8  N_eff= 2.62  top_share=58%
    lds sample buffer                         raw_n=  3  N_eff= 2.64  top_share=50%
    laemmli sample buffer                     raw_n=  3  N_eff= 2.67  top_share=48%
    horse serum                               raw_n=  9  N_eff= 2.97  top_share=42%
    nucleic acid modifying enzymes - t4 polynucleotide kinase  raw_n=  8  N_eff= 3.16  top_share=53%
    pre-cast bis-tris gels                    raw_n= 16  N_eff= 3.30  top_share=52%

  --- Hierarchical EB shrinkage ---
  alpha = $20,000
  prior = cluster
  field/peer eta = 3
  zero-spend FOIA anchors: prior
  observed-spend FOIA anchors: 208/208
  T=0 FOIA anchors: 0/208
  own-data weight T_eff/(T_eff+alpha): p25=0.03  p50=0.10  p75=0.23
  local effective anchor count: p25=3.90  p50=9.21  p75=13.89
  local-vs-global prior weight: p25=0.57  p50=0.75  p75=0.82
  self-exposure SD across observed anchors: raw=0.1314  shrunk=0.0437  retained=33%
  largest anchor self-exposure changes:
    A5009411980: -0.3961 -> +0.0687  T=$432  T_eff=$432  own_wt=0.02  N_eff_local=5.92  local_wt=0.66
    A5067529915: -0.3961 -> +0.0687  T=$432  T_eff=$432  own_wt=0.02  N_eff_local=5.92  local_wt=0.66
    A5018983460: -0.3961 -> +0.0672  T=$794  T_eff=$794  own_wt=0.04  N_eff_local=2.65  local_wt=0.47
    A5064294448: -0.3564 -> +0.0454  T=$2,312  T_eff=$2,312  own_wt=0.10  N_eff_local=5.51  local_wt=0.65
    A5006559011: -0.1578 -> +0.1689  T=$527  T_eff=$527  own_wt=0.03  N_eff_local=13.98  local_wt=0.82
    A5056763319: +0.4049 -> +0.1090  T=$765  T_eff=$765  own_wt=0.04  N_eff_local=1.26  local_wt=0.30
    A5087101891: +0.3817 -> +0.0976  T=$2,397  T_eff=$2,397  own_wt=0.11  N_eff_local=2.35  local_wt=0.44
    A5003210434: +0.4670 -> +0.1925  T=$1,340  T_eff=$1,340  own_wt=0.06  N_eff_local=13.83  local_wt=0.82
    A5082782774: +0.2985 -> +0.0767  T=$155  T_eff=$155  own_wt=0.01  N_eff_local=6.00  local_wt=0.67
    A5034792519: -0.1320 -> +0.0852  T=$6,246  T_eff=$6,246  own_wt=0.24  N_eff_local=17.04  local_wt=0.85

Imputing shares (method=knn) ...
Aggregating: z_hat = S_hat @ g, S_sum = rowsum(S_hat) ...
  effective number of shocks (BHJ-style): 15.28

  --- Exposure level comparison ---
  FOIA exposure after chosen EB specification:
    n nonzero PIs: 208/208
    mean=+0.11805  sd=0.04367  med=+0.12395
  Universe imputed exposure:
    n nonzero authors: 1,783,003/1,860,867
    mean=+0.12122  sd=0.03086  med=+0.12052

--- Shock balance (Borusyak-Hull-Jaravel) ---
  Regression: g_k = a + b * X_bar_k + e, weights = Sum_i s_ik
  H0: shocks are quasi-randomly assigned wrt pre-period X => b approx 0

  characteristic                beta          se        t       p
  log_total_spend            +0.7956      0.1891    +4.21   0.000
  log_lab_spend              +0.7987      0.1786    +4.47   0.000
  n_cats                     +0.0171      0.0057    +3.03   0.002
  lab_share                  +5.0519      2.5547    +1.98   0.048

  top-10 |Rotemberg weight| markets:
    us fbs                                    alpha_k=+0.712  s_bar=0.1719  g=+0.4812  N_eff_anchor=32.00
    chemiluminescent substrates               alpha_k=+0.132  s_bar=0.0997  g=+0.1540  N_eff_anchor=45.72
    site-directed mutagenesis systems         alpha_k=-0.090  s_bar=0.0265  g=-0.3961  N_eff_anchor=17.98
    first-strand cdna synthesis systems       alpha_k=+0.076  s_bar=0.0449  g=+0.1964  N_eff_anchor=19.56
    pre-cast bis-tris gels                    alpha_k=+0.038  s_bar=0.0146  g=+0.2985  N_eff_anchor=3.30
    rnase inhibitors                          alpha_k=-0.031  s_bar=0.0163  g=-0.2215  N_eff_anchor=6.57
    column-based dna plasmid miniprep         alpha_k=+0.030  s_bar=0.0270  g=+0.1307  N_eff_anchor=16.74
    cell culture nutritional supplements - tryptone  alpha_k=+0.028  s_bar=0.0218  g=+0.1471  N_eff_anchor=11.69
    cell culture dissociation reagents        alpha_k=+0.025  s_bar=0.0115  g=+0.2543  N_eff_anchor=5.48
    unstained dna ladders                     alpha_k=-0.023  s_bar=0.0201  g=-0.1326  N_eff_anchor=19.90
  cluster filter (../../external/us_appended_text/author_static_clusters_30_lsa.csv, min-foia-per-cluster=1): kept 1,130,108/1,860,867
  ls filter (../../external/us_appended_text/author_ls_authors_indiv.csv): kept 1,130,108/1,130,108
  Saved ../../output/eb_market_support_treated_hc_ebc20k_capp90_eta3_cf_lsa_k3.csv
  Saved ../../output/shock_balance_treated_hc_ebc20k_capp90_eta3_cf_lsa_k3.csv
  Saved ../../output/foia_self_exposure_treated_hc_ebc20k_capp90_eta3_cf_lsa_k3.csv
  Saved ../../output/foia_eb_support_treated_hc_ebc20k_capp90_eta3_cf_lsa_k3.csv
  Saved ../../output/final_imputed_shift_share_treated_hc_ebc20k_capp90_eta3_cf_lsa_k3.csv
  Saved ../../output/imputed_shares_matrix_treated_hc_ebc20k_capp90_eta3_cf_lsa_k3.npz
  Saved ../../output/imputed_shares_markets_treated_hc_ebc20k_capp90_eta3_cf_lsa_k3.csv

==============================================================================
Per-version shift-share imputation summary
==============================================================================
   version method  eb_enabled eb_prior  eb_field_eta  eb_spend_cap  n_foia_with_raw_shares  n_foia_nonzero_after_eb  z_hat_mean_universe  z_hat_sd_universe  S_sum_mean_universe  S_sum_sd_universe  eff_n_shocks  min_market_anchor_neff  median_market_anchor_neff
        hc    knn        True  cluster        3.0000    53307.8746                     208                      208               0.0300             0.0161               0.2307             0.0635       14.5399                  1.5156                     9.0524
       all    knn        True  cluster        3.0000   130172.8219                     208                      208               0.0120             0.0088               0.0926             0.0321       14.9822                  1.5156                     8.9335
treated_hc    knn        True  cluster        3.0000    13716.4630                     208                      208               0.1161             0.0388               0.9582             0.2002       15.2816                  1.5156                     8.1467

Saved ../../output/shift_share_summary_ebc20k_capp90_eta3_cf_lsa_k3.csv
Done!
Loading universe + FOIA id orders ...
  n universe = 1,860,867
  n FOIA anchors = 208
Loading shocks from /n/holylabs/LABS/pakes_lab/Lab/sci_eq/analysis/first_stage/output/did_coefs_eb_price.dta ...
  markets with shocks: 46
  g_k stats: mean=0.0669  sd=0.1804  min=-0.3961  max=0.7120
Loading W (tag='', k=3) ...
  W shape: (1860867, 208)  nnz: 5,011,841
  W rows with any weight: 1,783,003/1,860,867
  W row-sum stats (nonzero rows): mean=1.0000  p5=1.0000  p95=1.0000
Computing FOIA pre-period characteristics ...

==============================================================================
version=hc   method=knn   tag=''
==============================================================================
Building FOIA share matrix S from ../../external/exposure_wts/athr_exposure_by_category_hc.dta (version=hc) ...
  S shape: (208, 46)  nnz: 1,414  density: 0.1478
  FOIA PIs with >=1 treated-market share: 208 / 208
  per-market raw FOIA coverage: min=3  p5=3  p50=27  p95=66  max=106

  EB information spend cap: $53,308
  raw denominator spend: median=$12,108  p90=$53,308  max=$102,969
  effective EB spend: median=$12,108  p90=$52,728  max=$53,308

  --- Treated-market anchor support ---
  effective FOIA count by market: min=1.52  p25=3.82  p50=9.05  p75=15.38  max=44.44
  ten thinnest treated markets:
    nucleic acid modifying enzymes - klenow fragment  raw_n=  5  N_eff= 1.52  top_share=81%
    dulbecco's phosphate-buffered saline (dpbs) buffer  raw_n=  9  N_eff= 1.85  top_share=72%
    mes-sds buffer                            raw_n=  8  N_eff= 2.12  top_share=66%
    column-based microbial dna purification kits  raw_n=  3  N_eff= 2.14  top_share=56%
    pre-cast tris-tricine gels                raw_n=  3  N_eff= 2.33  top_share=59%
    pre-cast bis-tris gels                    raw_n= 16  N_eff= 2.38  top_share=63%
    laemmli sample buffer                     raw_n=  3  N_eff= 2.73  top_share=42%
    horse serum                               raw_n=  9  N_eff= 2.75  top_share=53%
    lds sample buffer                         raw_n=  3  N_eff= 2.88  top_share=43%
    nucleic acid modifying enzymes - t4 polynucleotide kinase  raw_n=  8  N_eff= 3.29  top_share=48%

  --- Hierarchical EB shrinkage ---
  alpha = $12,108
  prior = cluster
  field/peer eta = 1
  zero-spend FOIA anchors: prior
  observed-spend FOIA anchors: 208/208
  T=0 FOIA anchors: 0/208
  own-data weight T_eff/(T_eff+alpha): p25=0.27  p50=0.50  p75=0.70
  local effective anchor count: p25=4.41  p50=9.13  p75=14.37
  local-vs-global prior weight: p25=0.82  p50=0.90  p75=0.93
  self-exposure SD across observed anchors: raw=0.0563  shrunk=0.0265  retained=47%
  largest anchor self-exposure changes:
    A5087101891: +0.3817 -> +0.0665  T=$2,397  T_eff=$2,397  own_wt=0.17  N_eff_local=3.94  local_wt=0.80
    A5009411980: -0.2589 -> -0.0028  T=$661  T_eff=$661  own_wt=0.05  N_eff_local=7.40  local_wt=0.88
    A5014945614: +0.2768 -> +0.0510  T=$1,694  T_eff=$1,694  own_wt=0.12  N_eff_local=7.17  local_wt=0.88
    A5067529915: -0.1451 -> -0.0027  T=$1,179  T_eff=$1,179  own_wt=0.09  N_eff_local=7.37  local_wt=0.88
    A5006559011: -0.0819 -> +0.0442  T=$1,014  T_eff=$1,014  own_wt=0.08  N_eff_local=14.34  local_wt=0.93
    A5024757186: +0.1740 -> +0.0837  T=$4,014  T_eff=$4,014  own_wt=0.25  N_eff_local=14.20  local_wt=0.93
    A5101652540: +0.1690 -> +0.0840  T=$4,702  T_eff=$4,702  own_wt=0.28  N_eff_local=15.05  local_wt=0.94
    A5056763319: +0.1148 -> +0.0348  T=$2,699  T_eff=$2,699  own_wt=0.18  N_eff_local=1.92  local_wt=0.66
    A5018983460: -0.0867 -> -0.0090  T=$3,627  T_eff=$3,627  own_wt=0.23  N_eff_local=3.86  local_wt=0.79
    A5005511937: -0.0745 -> +0.0015  T=$824  T_eff=$824  own_wt=0.06  N_eff_local=9.51  local_wt=0.90

Imputing shares (method=knn) ...
Aggregating: z_hat = S_hat @ g, S_sum = rowsum(S_hat) ...
  effective number of shocks (BHJ-style): 15.23

  --- Exposure level comparison ---
  FOIA exposure after chosen EB specification:
    n nonzero PIs: 208/208
    mean=+0.02842  sd=0.02647  med=+0.02139
  Universe imputed exposure:
    n nonzero authors: 1,783,003/1,860,867
    mean=+0.02952  sd=0.01796  med=+0.02478

--- Shock balance (Borusyak-Hull-Jaravel) ---
  Regression: g_k = a + b * X_bar_k + e, weights = Sum_i s_ik
  H0: shocks are quasi-randomly assigned wrt pre-period X => b approx 0

  characteristic                beta          se        t       p
  log_total_spend            +0.4335      0.1079    +4.02   0.000
  log_lab_spend              +0.4333      0.1059    +4.09   0.000
  n_cats                     +0.0087      0.0032    +2.71   0.007
  lab_share                  +0.5183      1.7221    +0.30   0.763

  top-10 |Rotemberg weight| markets:
    us fbs                                    alpha_k=+0.714  s_bar=0.0420  g=+0.4812  N_eff_anchor=25.97
    chemiluminescent substrates               alpha_k=+0.124  s_bar=0.0227  g=+0.1540  N_eff_anchor=44.44
    site-directed mutagenesis systems         alpha_k=-0.085  s_bar=0.0061  g=-0.3961  N_eff_anchor=17.30
    first-strand cdna synthesis systems       alpha_k=+0.079  s_bar=0.0114  g=+0.1964  N_eff_anchor=13.31
    pre-cast bis-tris gels                    alpha_k=+0.042  s_bar=0.0040  g=+0.2985  N_eff_anchor=2.38
    cell culture dissociation reagents        alpha_k=+0.036  s_bar=0.0040  g=+0.2543  N_eff_anchor=3.81
    rnase inhibitors                          alpha_k=-0.029  s_bar=0.0037  g=-0.2215  N_eff_anchor=6.85
    column-based dna plasmid miniprep         alpha_k=+0.028  s_bar=0.0060  g=+0.1307  N_eff_anchor=15.56
    unstained dna ladders                     alpha_k=-0.027  s_bar=0.0058  g=-0.1326  N_eff_anchor=18.60
    cell culture nutritional supplements - tryptone  alpha_k=+0.024  s_bar=0.0045  g=+0.1471  N_eff_anchor=12.15
  cluster filter (../../external/us_appended_text/author_static_clusters_30_lsa.csv, min-foia-per-cluster=1): kept 1,130,108/1,860,867
  ls filter (../../external/us_appended_text/author_ls_authors_indiv.csv): kept 1,130,108/1,130,108
  Saved ../../output/eb_market_support_hc_ebcmed_capp90_eta1_cf_lsa_k3.csv
  Saved ../../output/shock_balance_hc_ebcmed_capp90_eta1_cf_lsa_k3.csv
  Saved ../../output/foia_self_exposure_hc_ebcmed_capp90_eta1_cf_lsa_k3.csv
  Saved ../../output/foia_eb_support_hc_ebcmed_capp90_eta1_cf_lsa_k3.csv
  Saved ../../output/final_imputed_shift_share_hc_ebcmed_capp90_eta1_cf_lsa_k3.csv
  Saved ../../output/imputed_shares_matrix_hc_ebcmed_capp90_eta1_cf_lsa_k3.npz
  Saved ../../output/imputed_shares_markets_hc_ebcmed_capp90_eta1_cf_lsa_k3.csv

==============================================================================
version=all   method=knn   tag=''
==============================================================================
Building FOIA share matrix S from ../../external/exposure_wts/athr_exposure_by_category_all.dta (version=all) ...
  S shape: (208, 46)  nnz: 1,414  density: 0.1478
  FOIA PIs with >=1 treated-market share: 208 / 208
  per-market raw FOIA coverage: min=3  p5=3  p50=27  p95=66  max=106

  EB information spend cap: $130,173
  raw denominator spend: median=$32,071  p90=$130,173  max=$218,213
  effective EB spend: median=$32,071  p90=$129,558  max=$130,173

  --- Treated-market anchor support ---
  effective FOIA count by market: min=1.52  p25=3.82  p50=8.93  p75=14.93  max=46.93
  ten thinnest treated markets:
    nucleic acid modifying enzymes - klenow fragment  raw_n=  5  N_eff= 1.52  top_share=81%
    dulbecco's phosphate-buffered saline (dpbs) buffer  raw_n=  9  N_eff= 1.88  top_share=71%
    mes-sds buffer                            raw_n=  8  N_eff= 2.13  top_share=66%
    column-based microbial dna purification kits  raw_n=  3  N_eff= 2.14  top_share=56%
    pre-cast bis-tris gels                    raw_n= 16  N_eff= 2.33  top_share=64%
    laemmli sample buffer                     raw_n=  3  N_eff= 2.62  top_share=44%
    pre-cast tris-tricine gels                raw_n=  3  N_eff= 2.64  top_share=50%
    lds sample buffer                         raw_n=  3  N_eff= 2.74  top_share=48%
    horse serum                               raw_n=  9  N_eff= 2.84  top_share=49%
    high-fidelity dna polymerase              raw_n= 27  N_eff= 3.31  top_share=53%

  --- Hierarchical EB shrinkage ---
  alpha = $32,071
  prior = cluster
  field/peer eta = 1
  zero-spend FOIA anchors: prior
  observed-spend FOIA anchors: 208/208
  T=0 FOIA anchors: 0/208
  own-data weight T_eff/(T_eff+alpha): p25=0.26  p50=0.50  p75=0.67
  local effective anchor count: p25=4.76  p50=9.08  p75=14.90
  local-vs-global prior weight: p25=0.83  p50=0.90  p75=0.94
  self-exposure SD across observed anchors: raw=0.0315  shrunk=0.0113  retained=36%
  largest anchor self-exposure changes:
    A5087101891: +0.3466 -> +0.0277  T=$2,640  T_eff=$2,640  own_wt=0.08  N_eff_local=4.37  local_wt=0.81
    A5014945614: +0.1544 -> +0.0199  T=$3,037  T_eff=$3,037  own_wt=0.09  N_eff_local=7.58  local_wt=0.88
    A5009411980: -0.0753 -> -0.0014  T=$2,272  T_eff=$2,272  own_wt=0.07  N_eff_local=7.51  local_wt=0.88
    A5067529915: -0.0472 -> -0.0014  T=$3,625  T_eff=$3,625  own_wt=0.10  N_eff_local=7.48  local_wt=0.88
    A5056763319: +0.0576 -> +0.0138  T=$5,379  T_eff=$5,379  own_wt=0.14  N_eff_local=2.00  local_wt=0.67
    A5006559011: -0.0232 -> +0.0170  T=$3,584  T_eff=$3,584  own_wt=0.10  N_eff_local=15.12  local_wt=0.94
    A5023125790: +0.0389 -> +0.0037  T=$97  T_eff=$97  own_wt=0.00  N_eff_local=7.56  local_wt=0.88
    A5002683233: +0.0840 -> +0.0557  T=$47,555  T_eff=$47,555  own_wt=0.60  N_eff_local=0.00  local_wt=0.00
    A5018983460: -0.0313 -> -0.0031  T=$10,035  T_eff=$10,035  own_wt=0.24  N_eff_local=4.13  local_wt=0.81
    A5003210434: +0.0572 -> +0.0303  T=$10,944  T_eff=$10,944  own_wt=0.25  N_eff_local=14.98  local_wt=0.94

Imputing shares (method=knn) ...
Aggregating: z_hat = S_hat @ g, S_sum = rowsum(S_hat) ...
  effective number of shocks (BHJ-style): 15.12

  --- Exposure level comparison ---
  FOIA exposure after chosen EB specification:
    n nonzero PIs: 208/208
    mean=+0.01152  sd=0.01126  med=+0.00902
  Universe imputed exposure:
    n nonzero authors: 1,783,003/1,860,867
    mean=+0.01200  sd=0.00782  med=+0.00995

--- Shock balance (Borusyak-Hull-Jaravel) ---
  Regression: g_k = a + b * X_bar_k + e, weights = Sum_i s_ik
  H0: shocks are quasi-randomly assigned wrt pre-period X => b approx 0

  characteristic                beta          se        t       p
  log_total_spend            +0.4329      0.1017    +4.26   0.000
  log_lab_spend              +0.4301      0.0996    +4.32   0.000
  n_cats                     +0.0089      0.0030    +2.93   0.003
  lab_share                  +0.7126      1.7909    +0.40   0.691

  top-10 |Rotemberg weight| markets:
    us fbs                                    alpha_k=+0.711  s_bar=0.0170  g=+0.4812  N_eff_anchor=26.30
    chemiluminescent substrates               alpha_k=+0.120  s_bar=0.0090  g=+0.1540  N_eff_anchor=46.93
    site-directed mutagenesis systems         alpha_k=-0.079  s_bar=0.0023  g=-0.3961  N_eff_anchor=17.38
    first-strand cdna synthesis systems       alpha_k=+0.078  s_bar=0.0046  g=+0.1964  N_eff_anchor=13.58
    pre-cast bis-tris gels                    alpha_k=+0.043  s_bar=0.0016  g=+0.2985  N_eff_anchor=2.33
    cell culture dissociation reagents        alpha_k=+0.035  s_bar=0.0016  g=+0.2543  N_eff_anchor=3.73
    rnase inhibitors                          alpha_k=-0.029  s_bar=0.0015  g=-0.2215  N_eff_anchor=6.85
    column-based dna plasmid miniprep         alpha_k=+0.028  s_bar=0.0025  g=+0.1307  N_eff_anchor=14.91
    unstained dna ladders                     alpha_k=-0.025  s_bar=0.0022  g=-0.1326  N_eff_anchor=19.44
    column-based microbial dna purification kits  alpha_k=+0.024  s_bar=0.0007  g=+0.3817  N_eff_anchor=2.14
  cluster filter (../../external/us_appended_text/author_static_clusters_30_lsa.csv, min-foia-per-cluster=1): kept 1,130,108/1,860,867
  ls filter (../../external/us_appended_text/author_ls_authors_indiv.csv): kept 1,130,108/1,130,108
  Saved ../../output/eb_market_support_all_ebcmed_capp90_eta1_cf_lsa_k3.csv
  Saved ../../output/shock_balance_all_ebcmed_capp90_eta1_cf_lsa_k3.csv
  Saved ../../output/foia_self_exposure_all_ebcmed_capp90_eta1_cf_lsa_k3.csv
  Saved ../../output/foia_eb_support_all_ebcmed_capp90_eta1_cf_lsa_k3.csv
  Saved ../../output/final_imputed_shift_share_all_ebcmed_capp90_eta1_cf_lsa_k3.csv
  Saved ../../output/imputed_shares_matrix_all_ebcmed_capp90_eta1_cf_lsa_k3.npz
  Saved ../../output/imputed_shares_markets_all_ebcmed_capp90_eta1_cf_lsa_k3.csv

==============================================================================
version=treated_hc   method=knn   tag=''
==============================================================================
Building FOIA share matrix S from ../../external/exposure_wts/athr_exposure_by_category_treated_hc.dta (version=treated_hc) ...
  S shape: (208, 46)  nnz: 1,414  density: 0.1478
  FOIA PIs with >=1 treated-market share: 208 / 208
  per-market raw FOIA coverage: min=3  p5=3  p50=27  p95=66  max=106

  EB information spend cap: $13,716
  raw denominator spend: median=$2,175  p90=$13,716  max=$51,286
  effective EB spend: median=$2,175  p90=$13,403  max=$13,716

  --- Treated-market anchor support ---
  effective FOIA count by market: min=1.52  p25=5.04  p50=8.15  p75=16.58  max=45.72
  ten thinnest treated markets:
    nucleic acid modifying enzymes - klenow fragment  raw_n=  5  N_eff= 1.52  top_share=81%
    column-based microbial dna purification kits  raw_n=  3  N_eff= 2.14  top_share=56%
    dulbecco's phosphate-buffered saline (dpbs) buffer  raw_n=  9  N_eff= 2.32  top_share=62%
    pre-cast tris-tricine gels                raw_n=  3  N_eff= 2.57  top_share=53%
    mes-sds buffer                            raw_n=  8  N_eff= 2.62  top_share=58%
    lds sample buffer                         raw_n=  3  N_eff= 2.64  top_share=50%
    laemmli sample buffer                     raw_n=  3  N_eff= 2.67  top_share=48%
    horse serum                               raw_n=  9  N_eff= 2.97  top_share=42%
    nucleic acid modifying enzymes - t4 polynucleotide kinase  raw_n=  8  N_eff= 3.16  top_share=53%
    pre-cast bis-tris gels                    raw_n= 16  N_eff= 3.30  top_share=52%

  --- Hierarchical EB shrinkage ---
  alpha = $2,175
  prior = cluster
  field/peer eta = 1
  zero-spend FOIA anchors: prior
  observed-spend FOIA anchors: 208/208
  T=0 FOIA anchors: 0/208
  own-data weight T_eff/(T_eff+alpha): p25=0.24  p50=0.50  p75=0.73
  local effective anchor count: p25=3.90  p50=9.21  p75=13.89
  local-vs-global prior weight: p25=0.80  p50=0.90  p75=0.93
  self-exposure SD across observed anchors: raw=0.1314  shrunk=0.0764  retained=58%
  largest anchor self-exposure changes:
    A5067529915: -0.3961 -> -0.0114  T=$432  T_eff=$432  own_wt=0.17  N_eff_local=5.92  local_wt=0.86
    A5009411980: -0.3961 -> -0.0114  T=$432  T_eff=$432  own_wt=0.17  N_eff_local=5.92  local_wt=0.86
    A5018983460: -0.3961 -> -0.0595  T=$794  T_eff=$794  own_wt=0.27  N_eff_local=2.65  local_wt=0.73
    A5006559011: -0.1578 -> +0.1177  T=$527  T_eff=$527  own_wt=0.19  N_eff_local=13.98  local_wt=0.93
    A5056763319: +0.4049 -> +0.1590  T=$765  T_eff=$765  own_wt=0.26  N_eff_local=1.26  local_wt=0.56
    A5082782774: +0.2985 -> +0.0762  T=$155  T_eff=$155  own_wt=0.07  N_eff_local=6.00  local_wt=0.86
    A5064294448: -0.3564 -> -0.1442  T=$2,312  T_eff=$2,312  own_wt=0.52  N_eff_local=5.51  local_wt=0.85
    A5003210434: +0.4670 -> +0.2898  T=$1,340  T_eff=$1,340  own_wt=0.38  N_eff_local=13.83  local_wt=0.93
    A5063996057: -0.0931 -> +0.0837  T=$468  T_eff=$468  own_wt=0.18  N_eff_local=1.00  local_wt=0.50
    A5087101891: +0.3817 -> +0.2126  T=$2,397  T_eff=$2,397  own_wt=0.52  N_eff_local=2.35  local_wt=0.70

Imputing shares (method=knn) ...
Aggregating: z_hat = S_hat @ g, S_sum = rowsum(S_hat) ...
  effective number of shocks (BHJ-style): 16.35

  --- Exposure level comparison ---
  FOIA exposure after chosen EB specification:
    n nonzero PIs: 208/208
    mean=+0.10650  sd=0.07642  med=+0.09575
  Universe imputed exposure:
    n nonzero authors: 1,783,003/1,860,867
    mean=+0.11439  sd=0.05477  med=+0.10708

--- Shock balance (Borusyak-Hull-Jaravel) ---
  Regression: g_k = a + b * X_bar_k + e, weights = Sum_i s_ik
  H0: shocks are quasi-randomly assigned wrt pre-period X => b approx 0

  characteristic                beta          se        t       p
  log_total_spend            +0.4687      0.1255    +3.73   0.000
  log_lab_spend              +0.4718      0.1216    +3.88   0.000
  n_cats                     +0.0081      0.0035    +2.29   0.022
  lab_share                  +1.0099      1.5683    +0.64   0.520

  top-10 |Rotemberg weight| markets:
    us fbs                                    alpha_k=+0.695  s_bar=0.1584  g=+0.4812  N_eff_anchor=32.00
    chemiluminescent substrates               alpha_k=+0.140  s_bar=0.0998  g=+0.1540  N_eff_anchor=45.72
    site-directed mutagenesis systems         alpha_k=-0.099  s_bar=0.0275  g=-0.3961  N_eff_anchor=17.98
    first-strand cdna synthesis systems       alpha_k=+0.084  s_bar=0.0468  g=+0.1964  N_eff_anchor=19.56
    pre-cast bis-tris gels                    alpha_k=+0.036  s_bar=0.0132  g=+0.2985  N_eff_anchor=3.30
    column-based dna plasmid miniprep         alpha_k=+0.031  s_bar=0.0259  g=+0.1307  N_eff_anchor=16.74
    rnase inhibitors                          alpha_k=-0.031  s_bar=0.0153  g=-0.2215  N_eff_anchor=6.57
    cell culture dissociation reagents        alpha_k=+0.031  s_bar=0.0132  g=+0.2543  N_eff_anchor=5.48
    cell culture nutritional supplements - tryptone  alpha_k=+0.031  s_bar=0.0228  g=+0.1471  N_eff_anchor=11.69
    goat serum                                alpha_k=+0.026  s_bar=0.0113  g=+0.2516  N_eff_anchor=8.92
  cluster filter (../../external/us_appended_text/author_static_clusters_30_lsa.csv, min-foia-per-cluster=1): kept 1,130,108/1,860,867
  ls filter (../../external/us_appended_text/author_ls_authors_indiv.csv): kept 1,130,108/1,130,108
  Saved ../../output/eb_market_support_treated_hc_ebcmed_capp90_eta1_cf_lsa_k3.csv
  Saved ../../output/shock_balance_treated_hc_ebcmed_capp90_eta1_cf_lsa_k3.csv
  Saved ../../output/foia_self_exposure_treated_hc_ebcmed_capp90_eta1_cf_lsa_k3.csv
  Saved ../../output/foia_eb_support_treated_hc_ebcmed_capp90_eta1_cf_lsa_k3.csv
  Saved ../../output/final_imputed_shift_share_treated_hc_ebcmed_capp90_eta1_cf_lsa_k3.csv
  Saved ../../output/imputed_shares_matrix_treated_hc_ebcmed_capp90_eta1_cf_lsa_k3.npz
  Saved ../../output/imputed_shares_markets_treated_hc_ebcmed_capp90_eta1_cf_lsa_k3.csv

==============================================================================
Per-version shift-share imputation summary
==============================================================================
   version method  eb_enabled eb_prior  eb_field_eta  eb_spend_cap  n_foia_with_raw_shares  n_foia_nonzero_after_eb  z_hat_mean_universe  z_hat_sd_universe  S_sum_mean_universe  S_sum_sd_universe  eff_n_shocks  min_market_anchor_neff  median_market_anchor_neff
        hc    knn        True  cluster        1.0000    53307.8746                     208                      208               0.0283             0.0185               0.2277             0.0695       15.2295                  1.5156                     9.0524
       all    knn        True  cluster        1.0000   130172.8219                     208                      208               0.0115             0.0080               0.0911             0.0301       15.1220                  1.5156                     8.9335
treated_hc    knn        True  cluster        1.0000    13716.4630                     208                      208               0.1096             0.0583               0.9582             0.2002       16.3459                  1.5156                     8.1467

Saved ../../output/shift_share_summary_ebcmed_capp90_eta1_cf_lsa_k3.csv
Done!
Loading universe + FOIA id orders ...
  n universe = 1,860,867
  n FOIA anchors = 208
Loading shocks from /n/holylabs/LABS/pakes_lab/Lab/sci_eq/analysis/first_stage/output/did_coefs_eb_price.dta ...
  markets with shocks: 46
  g_k stats: mean=0.0669  sd=0.1804  min=-0.3961  max=0.7120
Loading W (tag='', k=3) ...
  W shape: (1860867, 208)  nnz: 5,011,841
  W rows with any weight: 1,783,003/1,860,867
  W row-sum stats (nonzero rows): mean=1.0000  p5=1.0000  p95=1.0000
Computing FOIA pre-period characteristics ...

==============================================================================
version=hc   method=knn   tag=''
==============================================================================
Building FOIA share matrix S from ../../external/exposure_wts/athr_exposure_by_category_hc.dta (version=hc) ...
  S shape: (208, 46)  nnz: 1,414  density: 0.1478
  FOIA PIs with >=1 treated-market share: 208 / 208
  per-market raw FOIA coverage: min=3  p5=3  p50=27  p95=66  max=106

  EB information spend cap: $53,308
  raw denominator spend: median=$12,108  p90=$53,308  max=$102,969
  effective EB spend: median=$12,108  p90=$52,728  max=$53,308

  --- Treated-market anchor support ---
  effective FOIA count by market: min=1.52  p25=3.82  p50=9.05  p75=15.38  max=44.44
  ten thinnest treated markets:
    nucleic acid modifying enzymes - klenow fragment  raw_n=  5  N_eff= 1.52  top_share=81%
    dulbecco's phosphate-buffered saline (dpbs) buffer  raw_n=  9  N_eff= 1.85  top_share=72%
    mes-sds buffer                            raw_n=  8  N_eff= 2.12  top_share=66%
    column-based microbial dna purification kits  raw_n=  3  N_eff= 2.14  top_share=56%
    pre-cast tris-tricine gels                raw_n=  3  N_eff= 2.33  top_share=59%
    pre-cast bis-tris gels                    raw_n= 16  N_eff= 2.38  top_share=63%
    laemmli sample buffer                     raw_n=  3  N_eff= 2.73  top_share=42%
    horse serum                               raw_n=  9  N_eff= 2.75  top_share=53%
    lds sample buffer                         raw_n=  3  N_eff= 2.88  top_share=43%
    nucleic acid modifying enzymes - t4 polynucleotide kinase  raw_n=  8  N_eff= 3.29  top_share=48%

  --- Hierarchical EB shrinkage ---
  alpha = $12,108
  prior = cluster
  field/peer eta = 8
  zero-spend FOIA anchors: prior
  observed-spend FOIA anchors: 208/208
  T=0 FOIA anchors: 0/208
  own-data weight T_eff/(T_eff+alpha): p25=0.27  p50=0.50  p75=0.70
  local effective anchor count: p25=4.41  p50=9.13  p75=14.37
  local-vs-global prior weight: p25=0.36  p50=0.53  p75=0.64
  self-exposure SD across observed anchors: raw=0.0563  shrunk=0.0249  retained=44%
  largest anchor self-exposure changes:
    A5087101891: +0.3817 -> +0.0812  T=$2,397  T_eff=$2,397  own_wt=0.17  N_eff_local=3.94  local_wt=0.33
    A5009411980: -0.2589 -> +0.0071  T=$661  T_eff=$661  own_wt=0.05  N_eff_local=7.40  local_wt=0.48
    A5014945614: +0.2768 -> +0.0569  T=$1,694  T_eff=$1,694  own_wt=0.12  N_eff_local=7.17  local_wt=0.47
    A5067529915: -0.1451 -> +0.0068  T=$1,179  T_eff=$1,179  own_wt=0.09  N_eff_local=7.37  local_wt=0.48
    A5006559011: -0.0819 -> +0.0382  T=$1,014  T_eff=$1,014  own_wt=0.08  N_eff_local=14.34  local_wt=0.64
    A5024757186: +0.1740 -> +0.0790  T=$4,014  T_eff=$4,014  own_wt=0.25  N_eff_local=14.20  local_wt=0.64
    A5101652540: +0.1690 -> +0.0803  T=$4,702  T_eff=$4,702  own_wt=0.28  N_eff_local=15.05  local_wt=0.65
    A5018983460: -0.0867 -> +0.0000  T=$3,627  T_eff=$3,627  own_wt=0.23  N_eff_local=3.86  local_wt=0.33
    A5005511937: -0.0745 -> +0.0118  T=$824  T_eff=$824  own_wt=0.06  N_eff_local=9.51  local_wt=0.54
    A5060061551: -0.0542 -> +0.0243  T=$879  T_eff=$879  own_wt=0.07  N_eff_local=1.78  local_wt=0.18

Imputing shares (method=knn) ...
Aggregating: z_hat = S_hat @ g, S_sum = rowsum(S_hat) ...
  effective number of shocks (BHJ-style): 14.49

  --- Exposure level comparison ---
  FOIA exposure after chosen EB specification:
    n nonzero PIs: 208/208
    mean=+0.03033  sd=0.02495  med=+0.02445
  Universe imputed exposure:
    n nonzero authors: 1,783,003/1,860,867
    mean=+0.03187  sd=0.01648  med=+0.02721

--- Shock balance (Borusyak-Hull-Jaravel) ---
  Regression: g_k = a + b * X_bar_k + e, weights = Sum_i s_ik
  H0: shocks are quasi-randomly assigned wrt pre-period X => b approx 0

  characteristic                beta          se        t       p
  log_total_spend            +0.4699      0.1385    +3.39   0.001
  log_lab_spend              +0.4591      0.1375    +3.34   0.001
  n_cats                     +0.0079      0.0039    +2.02   0.043
  lab_share                  -0.8609      1.9120    -0.45   0.653

  top-10 |Rotemberg weight| markets:
    us fbs                                    alpha_k=+0.720  s_bar=0.0457  g=+0.4812  N_eff_anchor=25.97
    chemiluminescent substrates               alpha_k=+0.113  s_bar=0.0224  g=+0.1540  N_eff_anchor=44.44
    site-directed mutagenesis systems         alpha_k=-0.079  s_bar=0.0061  g=-0.3961  N_eff_anchor=17.30
    first-strand cdna synthesis systems       alpha_k=+0.077  s_bar=0.0120  g=+0.1964  N_eff_anchor=13.31
    pre-cast bis-tris gels                    alpha_k=+0.043  s_bar=0.0044  g=+0.2985  N_eff_anchor=2.38
    cell culture dissociation reagents        alpha_k=+0.034  s_bar=0.0041  g=+0.2543  N_eff_anchor=3.81
    column-based dna plasmid miniprep         alpha_k=+0.027  s_bar=0.0062  g=+0.1307  N_eff_anchor=15.56
    rnase inhibitors                          alpha_k=-0.027  s_bar=0.0037  g=-0.2215  N_eff_anchor=6.85
    cell culture nutritional supplements - tryptone  alpha_k=+0.023  s_bar=0.0049  g=+0.1471  N_eff_anchor=12.15
    column-based microbial dna purification kits  alpha_k=+0.022  s_bar=0.0018  g=+0.3817  N_eff_anchor=2.14
  cluster filter (../../external/us_appended_text/author_static_clusters_30_lsa.csv, min-foia-per-cluster=1): kept 1,130,108/1,860,867
  ls filter (../../external/us_appended_text/author_ls_authors_indiv.csv): kept 1,130,108/1,130,108
  Saved ../../output/eb_market_support_hc_ebcmed_capp90_eta8_cf_lsa_k3.csv
  Saved ../../output/shock_balance_hc_ebcmed_capp90_eta8_cf_lsa_k3.csv
  Saved ../../output/foia_self_exposure_hc_ebcmed_capp90_eta8_cf_lsa_k3.csv
  Saved ../../output/foia_eb_support_hc_ebcmed_capp90_eta8_cf_lsa_k3.csv
  Saved ../../output/final_imputed_shift_share_hc_ebcmed_capp90_eta8_cf_lsa_k3.csv
  Saved ../../output/imputed_shares_matrix_hc_ebcmed_capp90_eta8_cf_lsa_k3.npz
  Saved ../../output/imputed_shares_markets_hc_ebcmed_capp90_eta8_cf_lsa_k3.csv

==============================================================================
version=all   method=knn   tag=''
==============================================================================
Building FOIA share matrix S from ../../external/exposure_wts/athr_exposure_by_category_all.dta (version=all) ...
  S shape: (208, 46)  nnz: 1,414  density: 0.1478
  FOIA PIs with >=1 treated-market share: 208 / 208
  per-market raw FOIA coverage: min=3  p5=3  p50=27  p95=66  max=106

  EB information spend cap: $130,173
  raw denominator spend: median=$32,071  p90=$130,173  max=$218,213
  effective EB spend: median=$32,071  p90=$129,558  max=$130,173

  --- Treated-market anchor support ---
  effective FOIA count by market: min=1.52  p25=3.82  p50=8.93  p75=14.93  max=46.93
  ten thinnest treated markets:
    nucleic acid modifying enzymes - klenow fragment  raw_n=  5  N_eff= 1.52  top_share=81%
    dulbecco's phosphate-buffered saline (dpbs) buffer  raw_n=  9  N_eff= 1.88  top_share=71%
    mes-sds buffer                            raw_n=  8  N_eff= 2.13  top_share=66%
    column-based microbial dna purification kits  raw_n=  3  N_eff= 2.14  top_share=56%
    pre-cast bis-tris gels                    raw_n= 16  N_eff= 2.33  top_share=64%
    laemmli sample buffer                     raw_n=  3  N_eff= 2.62  top_share=44%
    pre-cast tris-tricine gels                raw_n=  3  N_eff= 2.64  top_share=50%
    lds sample buffer                         raw_n=  3  N_eff= 2.74  top_share=48%
    horse serum                               raw_n=  9  N_eff= 2.84  top_share=49%
    high-fidelity dna polymerase              raw_n= 27  N_eff= 3.31  top_share=53%

  --- Hierarchical EB shrinkage ---
  alpha = $32,071
  prior = cluster
  field/peer eta = 8
  zero-spend FOIA anchors: prior
  observed-spend FOIA anchors: 208/208
  T=0 FOIA anchors: 0/208
  own-data weight T_eff/(T_eff+alpha): p25=0.26  p50=0.50  p75=0.67
  local effective anchor count: p25=4.76  p50=9.08  p75=14.90
  local-vs-global prior weight: p25=0.37  p50=0.53  p75=0.65
  self-exposure SD across observed anchors: raw=0.0315  shrunk=0.0107  retained=34%
  largest anchor self-exposure changes:
    A5087101891: +0.3466 -> +0.0341  T=$2,640  T_eff=$2,640  own_wt=0.08  N_eff_local=4.37  local_wt=0.35
    A5014945614: +0.1544 -> +0.0226  T=$3,037  T_eff=$3,037  own_wt=0.09  N_eff_local=7.58  local_wt=0.49
    A5009411980: -0.0753 -> +0.0028  T=$2,272  T_eff=$2,272  own_wt=0.07  N_eff_local=7.51  local_wt=0.48
    A5067529915: -0.0472 -> +0.0027  T=$3,625  T_eff=$3,625  own_wt=0.10  N_eff_local=7.48  local_wt=0.48
    A5056763319: +0.0576 -> +0.0182  T=$5,379  T_eff=$5,379  own_wt=0.14  N_eff_local=2.00  local_wt=0.20
    A5006559011: -0.0232 -> +0.0149  T=$3,584  T_eff=$3,584  own_wt=0.10  N_eff_local=15.12  local_wt=0.65
    A5018983460: -0.0313 -> +0.0004  T=$10,035  T_eff=$10,035  own_wt=0.24  N_eff_local=4.13  local_wt=0.34
    A5023125790: +0.0389 -> +0.0082  T=$97  T_eff=$97  own_wt=0.00  N_eff_local=7.56  local_wt=0.49
    A5003210434: +0.0572 -> +0.0286  T=$10,944  T_eff=$10,944  own_wt=0.25  N_eff_local=14.98  local_wt=0.65
    A5002683233: +0.0840 -> +0.0557  T=$47,555  T_eff=$47,555  own_wt=0.60  N_eff_local=0.00  local_wt=0.00

Imputing shares (method=knn) ...
Aggregating: z_hat = S_hat @ g, S_sum = rowsum(S_hat) ...
  effective number of shocks (BHJ-style): 14.32

  --- Exposure level comparison ---
  FOIA exposure after chosen EB specification:
    n nonzero PIs: 208/208
    mean=+0.01233  sd=0.01070  med=+0.00984
  Universe imputed exposure:
    n nonzero authors: 1,783,003/1,860,867
    mean=+0.01302  sd=0.00727  med=+0.01101

--- Shock balance (Borusyak-Hull-Jaravel) ---
  Regression: g_k = a + b * X_bar_k + e, weights = Sum_i s_ik
  H0: shocks are quasi-randomly assigned wrt pre-period X => b approx 0

  characteristic                beta          se        t       p
  log_total_spend            +0.4899      0.1325    +3.70   0.000
  log_lab_spend              +0.4800      0.1314    +3.65   0.000
  n_cats                     +0.0085      0.0038    +2.26   0.024
  lab_share                  -0.7511      1.9819    -0.38   0.705

  top-10 |Rotemberg weight| markets:
    us fbs                                    alpha_k=+0.720  s_bar=0.0187  g=+0.4812  N_eff_anchor=26.30
    chemiluminescent substrates               alpha_k=+0.110  s_bar=0.0089  g=+0.1540  N_eff_anchor=46.93
    first-strand cdna synthesis systems       alpha_k=+0.075  s_bar=0.0048  g=+0.1964  N_eff_anchor=13.58
    site-directed mutagenesis systems         alpha_k=-0.074  s_bar=0.0023  g=-0.3961  N_eff_anchor=17.38
    pre-cast bis-tris gels                    alpha_k=+0.044  s_bar=0.0018  g=+0.2985  N_eff_anchor=2.33
    cell culture dissociation reagents        alpha_k=+0.034  s_bar=0.0017  g=+0.2543  N_eff_anchor=3.73
    column-based dna plasmid miniprep         alpha_k=+0.027  s_bar=0.0026  g=+0.1307  N_eff_anchor=14.91
    rnase inhibitors                          alpha_k=-0.027  s_bar=0.0015  g=-0.2215  N_eff_anchor=6.85
    cell culture nutritional supplements - tryptone  alpha_k=+0.023  s_bar=0.0019  g=+0.1471  N_eff_anchor=11.36
    column-based microbial dna purification kits  alpha_k=+0.023  s_bar=0.0007  g=+0.3817  N_eff_anchor=2.14
  cluster filter (../../external/us_appended_text/author_static_clusters_30_lsa.csv, min-foia-per-cluster=1): kept 1,130,108/1,860,867
  ls filter (../../external/us_appended_text/author_ls_authors_indiv.csv): kept 1,130,108/1,130,108
  Saved ../../output/eb_market_support_all_ebcmed_capp90_eta8_cf_lsa_k3.csv
  Saved ../../output/shock_balance_all_ebcmed_capp90_eta8_cf_lsa_k3.csv
  Saved ../../output/foia_self_exposure_all_ebcmed_capp90_eta8_cf_lsa_k3.csv
  Saved ../../output/foia_eb_support_all_ebcmed_capp90_eta8_cf_lsa_k3.csv
  Saved ../../output/final_imputed_shift_share_all_ebcmed_capp90_eta8_cf_lsa_k3.csv
  Saved ../../output/imputed_shares_matrix_all_ebcmed_capp90_eta8_cf_lsa_k3.npz
  Saved ../../output/imputed_shares_markets_all_ebcmed_capp90_eta8_cf_lsa_k3.csv

==============================================================================
version=treated_hc   method=knn   tag=''
==============================================================================
Building FOIA share matrix S from ../../external/exposure_wts/athr_exposure_by_category_treated_hc.dta (version=treated_hc) ...
  S shape: (208, 46)  nnz: 1,414  density: 0.1478
  FOIA PIs with >=1 treated-market share: 208 / 208
  per-market raw FOIA coverage: min=3  p5=3  p50=27  p95=66  max=106

  EB information spend cap: $13,716
  raw denominator spend: median=$2,175  p90=$13,716  max=$51,286
  effective EB spend: median=$2,175  p90=$13,403  max=$13,716

  --- Treated-market anchor support ---
  effective FOIA count by market: min=1.52  p25=5.04  p50=8.15  p75=16.58  max=45.72
  ten thinnest treated markets:
    nucleic acid modifying enzymes - klenow fragment  raw_n=  5  N_eff= 1.52  top_share=81%
    column-based microbial dna purification kits  raw_n=  3  N_eff= 2.14  top_share=56%
    dulbecco's phosphate-buffered saline (dpbs) buffer  raw_n=  9  N_eff= 2.32  top_share=62%
    pre-cast tris-tricine gels                raw_n=  3  N_eff= 2.57  top_share=53%
    mes-sds buffer                            raw_n=  8  N_eff= 2.62  top_share=58%
    lds sample buffer                         raw_n=  3  N_eff= 2.64  top_share=50%
    laemmli sample buffer                     raw_n=  3  N_eff= 2.67  top_share=48%
    horse serum                               raw_n=  9  N_eff= 2.97  top_share=42%
    nucleic acid modifying enzymes - t4 polynucleotide kinase  raw_n=  8  N_eff= 3.16  top_share=53%
    pre-cast bis-tris gels                    raw_n= 16  N_eff= 3.30  top_share=52%

  --- Hierarchical EB shrinkage ---
  alpha = $2,175
  prior = cluster
  field/peer eta = 8
  zero-spend FOIA anchors: prior
  observed-spend FOIA anchors: 208/208
  T=0 FOIA anchors: 0/208
  own-data weight T_eff/(T_eff+alpha): p25=0.24  p50=0.50  p75=0.73
  local effective anchor count: p25=3.90  p50=9.21  p75=13.89
  local-vs-global prior weight: p25=0.33  p50=0.54  p75=0.63
  self-exposure SD across observed anchors: raw=0.1314  shrunk=0.0714  retained=54%
  largest anchor self-exposure changes:
    A5009411980: -0.3961 -> +0.0142  T=$432  T_eff=$432  own_wt=0.17  N_eff_local=5.92  local_wt=0.43
    A5067529915: -0.3961 -> +0.0142  T=$432  T_eff=$432  own_wt=0.17  N_eff_local=5.92  local_wt=0.43
    A5018983460: -0.3961 -> -0.0293  T=$794  T_eff=$794  own_wt=0.27  N_eff_local=2.65  local_wt=0.25
    A5006559011: -0.1578 -> +0.1028  T=$527  T_eff=$527  own_wt=0.19  N_eff_local=13.98  local_wt=0.64
    A5064294448: -0.3564 -> -0.1330  T=$2,312  T_eff=$2,312  own_wt=0.52  N_eff_local=5.51  local_wt=0.41
    A5056763319: +0.4049 -> +0.1890  T=$765  T_eff=$765  own_wt=0.26  N_eff_local=1.26  local_wt=0.14
    A5082782774: +0.2985 -> +0.1069  T=$155  T_eff=$155  own_wt=0.07  N_eff_local=6.00  local_wt=0.43
    A5003210434: +0.4670 -> +0.2790  T=$1,340  T_eff=$1,340  own_wt=0.38  N_eff_local=13.83  local_wt=0.63
    A5063996057: -0.0931 -> +0.0865  T=$468  T_eff=$468  own_wt=0.18  N_eff_local=1.00  local_wt=0.11
    A5060061551: -0.0957 -> +0.0780  T=$498  T_eff=$498  own_wt=0.19  N_eff_local=2.14  local_wt=0.21

Imputing shares (method=knn) ...
Aggregating: z_hat = S_hat @ g, S_sum = rowsum(S_hat) ...
  effective number of shocks (BHJ-style): 15.62

  --- Exposure level comparison ---
  FOIA exposure after chosen EB specification:
    n nonzero PIs: 208/208
    mean=+0.11195  sd=0.07136  med=+0.10255
  Universe imputed exposure:
    n nonzero authors: 1,783,003/1,860,867
    mean=+0.12043  sd=0.04998  med=+0.11245

--- Shock balance (Borusyak-Hull-Jaravel) ---
  Regression: g_k = a + b * X_bar_k + e, weights = Sum_i s_ik
  H0: shocks are quasi-randomly assigned wrt pre-period X => b approx 0

  characteristic                beta          se        t       p
  log_total_spend            +0.4582      0.1545    +2.97   0.003
  log_lab_spend              +0.4501      0.1517    +2.97   0.003
  n_cats                     +0.0064      0.0040    +1.58   0.114
  lab_share                  -0.0502      1.7979    -0.03   0.978

  top-10 |Rotemberg weight| markets:
    us fbs                                    alpha_k=+0.706  s_bar=0.1694  g=+0.4812  N_eff_anchor=32.00
    chemiluminescent substrates               alpha_k=+0.132  s_bar=0.0987  g=+0.1540  N_eff_anchor=45.72
    site-directed mutagenesis systems         alpha_k=-0.092  s_bar=0.0269  g=-0.3961  N_eff_anchor=17.98
    first-strand cdna synthesis systems       alpha_k=+0.081  s_bar=0.0475  g=+0.1964  N_eff_anchor=19.56
    pre-cast bis-tris gels                    alpha_k=+0.037  s_bar=0.0143  g=+0.2985  N_eff_anchor=3.30
    cell culture dissociation reagents        alpha_k=+0.030  s_bar=0.0137  g=+0.2543  N_eff_anchor=5.48
    cell culture nutritional supplements - tryptone  alpha_k=+0.030  s_bar=0.0233  g=+0.1471  N_eff_anchor=11.69
    column-based dna plasmid miniprep         alpha_k=+0.029  s_bar=0.0260  g=+0.1307  N_eff_anchor=16.74
    rnase inhibitors                          alpha_k=-0.029  s_bar=0.0152  g=-0.2215  N_eff_anchor=6.57
    unstained dna ladders                     alpha_k=-0.022  s_bar=0.0190  g=-0.1326  N_eff_anchor=19.90
  cluster filter (../../external/us_appended_text/author_static_clusters_30_lsa.csv, min-foia-per-cluster=1): kept 1,130,108/1,860,867
  ls filter (../../external/us_appended_text/author_ls_authors_indiv.csv): kept 1,130,108/1,130,108
  Saved ../../output/eb_market_support_treated_hc_ebcmed_capp90_eta8_cf_lsa_k3.csv
  Saved ../../output/shock_balance_treated_hc_ebcmed_capp90_eta8_cf_lsa_k3.csv
  Saved ../../output/foia_self_exposure_treated_hc_ebcmed_capp90_eta8_cf_lsa_k3.csv
  Saved ../../output/foia_eb_support_treated_hc_ebcmed_capp90_eta8_cf_lsa_k3.csv
  Saved ../../output/final_imputed_shift_share_treated_hc_ebcmed_capp90_eta8_cf_lsa_k3.csv
  Saved ../../output/imputed_shares_matrix_treated_hc_ebcmed_capp90_eta8_cf_lsa_k3.npz
  Saved ../../output/imputed_shares_markets_treated_hc_ebcmed_capp90_eta8_cf_lsa_k3.csv

==============================================================================
Per-version shift-share imputation summary
==============================================================================
   version method  eb_enabled eb_prior  eb_field_eta  eb_spend_cap  n_foia_with_raw_shares  n_foia_nonzero_after_eb  z_hat_mean_universe  z_hat_sd_universe  S_sum_mean_universe  S_sum_sd_universe  eff_n_shocks  min_market_anchor_neff  median_market_anchor_neff
        hc    knn        True  cluster        8.0000    53307.8746                     208                      208               0.0305             0.0173               0.2319             0.0667       14.4906                  1.5156                     9.0524
       all    knn        True  cluster        8.0000   130172.8219                     208                      208               0.0125             0.0076               0.0933             0.0289       14.3244                  1.5156                     8.9335
treated_hc    knn        True  cluster        8.0000    13716.4630                     208                      208               0.1154             0.0545               0.9582             0.2002       15.6213                  1.5156                     8.1467

Saved ../../output/shift_share_summary_ebcmed_capp90_eta8_cf_lsa_k3.csv
Done!
Loading universe + FOIA id orders ...
  n universe = 1,860,867
  n FOIA anchors = 208
Loading shocks from /n/holylabs/LABS/pakes_lab/Lab/sci_eq/analysis/first_stage/output/did_coefs_eb_price.dta ...
  markets with shocks: 46
  g_k stats: mean=0.0669  sd=0.1804  min=-0.3961  max=0.7120
Loading W (tag='', k=3) ...
  W shape: (1860867, 208)  nnz: 5,011,841
  W rows with any weight: 1,783,003/1,860,867
  W row-sum stats (nonzero rows): mean=1.0000  p5=1.0000  p95=1.0000
Computing FOIA pre-period characteristics ...

==============================================================================
version=hc   method=knn   tag=''
==============================================================================
Building FOIA share matrix S from ../../external/exposure_wts/athr_exposure_by_category_hc.dta (version=hc) ...
  S shape: (208, 46)  nnz: 1,414  density: 0.1478
  FOIA PIs with >=1 treated-market share: 208 / 208
  per-market raw FOIA coverage: min=3  p5=3  p50=27  p95=66  max=106

  EB information spend cap: none
  raw denominator spend: median=$12,108  p90=$53,308  max=$102,969
  effective EB spend: median=$12,108  p90=$53,308  max=$102,969

  --- Treated-market anchor support ---
  effective FOIA count by market: min=1.52  p25=4.08  p50=8.02  p75=14.62  max=44.21
  ten thinnest treated markets:
    nucleic acid modifying enzymes - klenow fragment  raw_n=  5  N_eff= 1.52  top_share=81%
    dulbecco's phosphate-buffered saline (dpbs) buffer  raw_n=  9  N_eff= 1.96  top_share=70%
    column-based microbial dna purification kits  raw_n=  3  N_eff= 2.14  top_share=56%
    mes-sds buffer                            raw_n=  8  N_eff= 2.28  top_share=62%
    lds sample buffer                         raw_n=  3  N_eff= 2.31  top_share=59%
    pre-cast bis-tris gels                    raw_n= 16  N_eff= 2.41  top_share=63%
    pre-cast tris-tricine gels                raw_n=  3  N_eff= 2.44  top_share=56%
    laemmli sample buffer                     raw_n=  3  N_eff= 2.73  top_share=42%
    horse serum                               raw_n=  9  N_eff= 3.03  top_share=47%
    high-fidelity dna polymerase              raw_n= 27  N_eff= 3.36  top_share=53%

  --- Hierarchical EB shrinkage ---
  alpha = $12,108
  prior = cluster
  field/peer eta = 3
  zero-spend FOIA anchors: prior
  observed-spend FOIA anchors: 208/208
  T=0 FOIA anchors: 0/208
  own-data weight T_eff/(T_eff+alpha): p25=0.27  p50=0.50  p75=0.70
  local effective anchor count: p25=4.13  p50=9.13  p75=12.68
  local-vs-global prior weight: p25=0.58  p50=0.75  p75=0.81
  self-exposure SD across observed anchors: raw=0.0563  shrunk=0.0260  retained=46%
  largest anchor self-exposure changes:
    A5087101891: +0.3817 -> +0.0744  T=$2,397  T_eff=$2,397  own_wt=0.17  N_eff_local=3.94  local_wt=0.57
    A5009411980: -0.2589 -> +0.0022  T=$661  T_eff=$661  own_wt=0.05  N_eff_local=7.04  local_wt=0.70
    A5014945614: +0.2768 -> +0.0540  T=$1,694  T_eff=$1,694  own_wt=0.12  N_eff_local=7.17  local_wt=0.71
    A5067529915: -0.1451 -> +0.0021  T=$1,179  T_eff=$1,179  own_wt=0.09  N_eff_local=7.02  local_wt=0.70
    A5006559011: -0.0819 -> +0.0403  T=$1,014  T_eff=$1,014  own_wt=0.08  N_eff_local=12.83  local_wt=0.81
    A5024757186: +0.1740 -> +0.0807  T=$4,014  T_eff=$4,014  own_wt=0.25  N_eff_local=12.72  local_wt=0.81
    A5101652540: +0.1690 -> +0.0852  T=$4,702  T_eff=$4,702  own_wt=0.28  N_eff_local=12.74  local_wt=0.81
    A5018983460: -0.0867 -> -0.0039  T=$3,627  T_eff=$3,627  own_wt=0.23  N_eff_local=3.86  local_wt=0.56
    A5005511937: -0.0745 -> +0.0060  T=$824  T_eff=$824  own_wt=0.06  N_eff_local=9.51  local_wt=0.76
    A5060061551: -0.0542 -> +0.0213  T=$879  T_eff=$879  own_wt=0.07  N_eff_local=1.78  local_wt=0.37

Imputing shares (method=knn) ...
Aggregating: z_hat = S_hat @ g, S_sum = rowsum(S_hat) ...
  effective number of shocks (BHJ-style): 14.56

  --- Exposure level comparison ---
  FOIA exposure after chosen EB specification:
    n nonzero PIs: 208/208
    mean=+0.03007  sd=0.02604  med=+0.02379
  Universe imputed exposure:
    n nonzero authors: 1,783,003/1,860,867
    mean=+0.03142  sd=0.01719  med=+0.02688

--- Shock balance (Borusyak-Hull-Jaravel) ---
  Regression: g_k = a + b * X_bar_k + e, weights = Sum_i s_ik
  H0: shocks are quasi-randomly assigned wrt pre-period X => b approx 0

  characteristic                beta          se        t       p
  log_total_spend            +0.4530      0.1229    +3.69   0.000
  log_lab_spend              +0.4505      0.1219    +3.69   0.000
  n_cats                     +0.0082      0.0036    +2.27   0.023
  lab_share                  -0.2410      1.8527    -0.13   0.896

  top-10 |Rotemberg weight| markets:
    us fbs                                    alpha_k=+0.721  s_bar=0.0451  g=+0.4812  N_eff_anchor=22.63
    chemiluminescent substrates               alpha_k=+0.115  s_bar=0.0224  g=+0.1540  N_eff_anchor=44.21
    site-directed mutagenesis systems         alpha_k=-0.078  s_bar=0.0060  g=-0.3961  N_eff_anchor=18.02
    first-strand cdna synthesis systems       alpha_k=+0.078  s_bar=0.0120  g=+0.1964  N_eff_anchor=10.70
    pre-cast bis-tris gels                    alpha_k=+0.041  s_bar=0.0041  g=+0.2985  N_eff_anchor=2.41
    cell culture dissociation reagents        alpha_k=+0.034  s_bar=0.0040  g=+0.2543  N_eff_anchor=4.20
    column-based dna plasmid miniprep         alpha_k=+0.027  s_bar=0.0063  g=+0.1307  N_eff_anchor=14.73
    rnase inhibitors                          alpha_k=-0.027  s_bar=0.0036  g=-0.2215  N_eff_anchor=7.18
    cell culture nutritional supplements - tryptone  alpha_k=+0.023  s_bar=0.0048  g=+0.1471  N_eff_anchor=9.47
    unstained dna ladders                     alpha_k=-0.023  s_bar=0.0052  g=-0.1326  N_eff_anchor=17.55
  cluster filter (../../external/us_appended_text/author_static_clusters_30_lsa.csv, min-foia-per-cluster=1): kept 1,130,108/1,860,867
  ls filter (../../external/us_appended_text/author_ls_authors_indiv.csv): kept 1,130,108/1,130,108
  Saved ../../output/eb_market_support_hc_ebcmed_eta3_cf_lsa_k3.csv
  Saved ../../output/shock_balance_hc_ebcmed_eta3_cf_lsa_k3.csv
  Saved ../../output/foia_self_exposure_hc_ebcmed_eta3_cf_lsa_k3.csv
  Saved ../../output/foia_eb_support_hc_ebcmed_eta3_cf_lsa_k3.csv
  Saved ../../output/final_imputed_shift_share_hc_ebcmed_eta3_cf_lsa_k3.csv
  Saved ../../output/imputed_shares_matrix_hc_ebcmed_eta3_cf_lsa_k3.npz
  Saved ../../output/imputed_shares_markets_hc_ebcmed_eta3_cf_lsa_k3.csv

==============================================================================
version=all   method=knn   tag=''
==============================================================================
Building FOIA share matrix S from ../../external/exposure_wts/athr_exposure_by_category_all.dta (version=all) ...
  S shape: (208, 46)  nnz: 1,414  density: 0.1478
  FOIA PIs with >=1 treated-market share: 208 / 208
  per-market raw FOIA coverage: min=3  p5=3  p50=27  p95=66  max=106

  EB information spend cap: none
  raw denominator spend: median=$32,071  p90=$130,173  max=$218,213
  effective EB spend: median=$32,071  p90=$130,173  max=$218,213

  --- Treated-market anchor support ---
  effective FOIA count by market: min=1.52  p25=4.08  p50=8.02  p75=14.62  max=44.21
  ten thinnest treated markets:
    nucleic acid modifying enzymes - klenow fragment  raw_n=  5  N_eff= 1.52  top_share=81%
    dulbecco's phosphate-buffered saline (dpbs) buffer  raw_n=  9  N_eff= 1.96  top_share=70%
    column-based microbial dna purification kits  raw_n=  3  N_eff= 2.14  top_share=56%
    mes-sds buffer                            raw_n=  8  N_eff= 2.28  top_share=62%
    lds sample buffer                         raw_n=  3  N_eff= 2.31  top_share=59%
    pre-cast bis-tris gels                    raw_n= 16  N_eff= 2.41  top_share=63%
    pre-cast tris-tricine gels                raw_n=  3  N_eff= 2.44  top_share=56%
    laemmli sample buffer                     raw_n=  3  N_eff= 2.73  top_share=42%
    horse serum                               raw_n=  9  N_eff= 3.03  top_share=47%
    high-fidelity dna polymerase              raw_n= 27  N_eff= 3.36  top_share=53%

  --- Hierarchical EB shrinkage ---
  alpha = $32,071
  prior = cluster
  field/peer eta = 3
  zero-spend FOIA anchors: prior
  observed-spend FOIA anchors: 208/208
  T=0 FOIA anchors: 0/208
  own-data weight T_eff/(T_eff+alpha): p25=0.26  p50=0.50  p75=0.67
  local effective anchor count: p25=4.46  p50=9.08  p75=13.26
  local-vs-global prior weight: p25=0.60  p50=0.75  p75=0.82
  self-exposure SD across observed anchors: raw=0.0315  shrunk=0.0111  retained=35%
  largest anchor self-exposure changes:
    A5087101891: +0.3466 -> +0.0310  T=$2,640  T_eff=$2,640  own_wt=0.08  N_eff_local=4.37  local_wt=0.59
    A5014945614: +0.1544 -> +0.0212  T=$3,037  T_eff=$3,037  own_wt=0.09  N_eff_local=7.58  local_wt=0.72
    A5009411980: -0.0753 -> +0.0011  T=$2,272  T_eff=$2,272  own_wt=0.07  N_eff_local=6.20  local_wt=0.67
    A5067529915: -0.0472 -> +0.0011  T=$3,625  T_eff=$3,625  own_wt=0.10  N_eff_local=6.18  local_wt=0.67
    A5056763319: +0.0576 -> +0.0167  T=$5,379  T_eff=$5,379  own_wt=0.14  N_eff_local=2.00  local_wt=0.40
    A5006559011: -0.0232 -> +0.0158  T=$3,584  T_eff=$3,584  own_wt=0.10  N_eff_local=13.45  local_wt=0.82
    A5023125790: +0.0389 -> +0.0065  T=$97  T_eff=$97  own_wt=0.00  N_eff_local=6.23  local_wt=0.67
    A5018983460: -0.0313 -> -0.0012  T=$10,035  T_eff=$10,035  own_wt=0.24  N_eff_local=4.13  local_wt=0.58
    A5002683233: +0.0840 -> +0.0560  T=$47,555  T_eff=$47,555  own_wt=0.60  N_eff_local=0.00  local_wt=0.00
    A5003210434: +0.0572 -> +0.0294  T=$10,944  T_eff=$10,944  own_wt=0.25  N_eff_local=13.34  local_wt=0.82

Imputing shares (method=knn) ...
Aggregating: z_hat = S_hat @ g, S_sum = rowsum(S_hat) ...
  effective number of shocks (BHJ-style): 14.37

  --- Exposure level comparison ---
  FOIA exposure after chosen EB specification:
    n nonzero PIs: 208/208
    mean=+0.01227  sd=0.01112  med=+0.00970
  Universe imputed exposure:
    n nonzero authors: 1,783,003/1,860,867
    mean=+0.01286  sd=0.00756  med=+0.01085

--- Shock balance (Borusyak-Hull-Jaravel) ---
  Regression: g_k = a + b * X_bar_k + e, weights = Sum_i s_ik
  H0: shocks are quasi-randomly assigned wrt pre-period X => b approx 0

  characteristic                beta          se        t       p
  log_total_spend            +0.4569      0.1174    +3.89   0.000
  log_lab_spend              +0.4541      0.1163    +3.90   0.000
  n_cats                     +0.0085      0.0034    +2.47   0.013
  lab_share                  -0.1313      1.9506    -0.07   0.946

  top-10 |Rotemberg weight| markets:
    us fbs                                    alpha_k=+0.719  s_bar=0.0184  g=+0.4812  N_eff_anchor=22.63
    chemiluminescent substrates               alpha_k=+0.112  s_bar=0.0089  g=+0.1540  N_eff_anchor=44.21
    first-strand cdna synthesis systems       alpha_k=+0.077  s_bar=0.0048  g=+0.1964  N_eff_anchor=10.70
    site-directed mutagenesis systems         alpha_k=-0.073  s_bar=0.0023  g=-0.3961  N_eff_anchor=18.02
    pre-cast bis-tris gels                    alpha_k=+0.041  s_bar=0.0017  g=+0.2985  N_eff_anchor=2.41
    cell culture dissociation reagents        alpha_k=+0.033  s_bar=0.0016  g=+0.2543  N_eff_anchor=4.20
    column-based dna plasmid miniprep         alpha_k=+0.027  s_bar=0.0026  g=+0.1307  N_eff_anchor=14.73
    rnase inhibitors                          alpha_k=-0.027  s_bar=0.0015  g=-0.2215  N_eff_anchor=7.18
    column-based microbial dna purification kits  alpha_k=+0.022  s_bar=0.0007  g=+0.3817  N_eff_anchor=2.14
    cell culture nutritional supplements - tryptone  alpha_k=+0.022  s_bar=0.0019  g=+0.1471  N_eff_anchor=9.47
  cluster filter (../../external/us_appended_text/author_static_clusters_30_lsa.csv, min-foia-per-cluster=1): kept 1,130,108/1,860,867
  ls filter (../../external/us_appended_text/author_ls_authors_indiv.csv): kept 1,130,108/1,130,108
  Saved ../../output/eb_market_support_all_ebcmed_eta3_cf_lsa_k3.csv
  Saved ../../output/shock_balance_all_ebcmed_eta3_cf_lsa_k3.csv
  Saved ../../output/foia_self_exposure_all_ebcmed_eta3_cf_lsa_k3.csv
  Saved ../../output/foia_eb_support_all_ebcmed_eta3_cf_lsa_k3.csv
  Saved ../../output/final_imputed_shift_share_all_ebcmed_eta3_cf_lsa_k3.csv
  Saved ../../output/imputed_shares_matrix_all_ebcmed_eta3_cf_lsa_k3.npz
  Saved ../../output/imputed_shares_markets_all_ebcmed_eta3_cf_lsa_k3.csv

==============================================================================
version=treated_hc   method=knn   tag=''
==============================================================================
Building FOIA share matrix S from ../../external/exposure_wts/athr_exposure_by_category_treated_hc.dta (version=treated_hc) ...
  S shape: (208, 46)  nnz: 1,414  density: 0.1478
  FOIA PIs with >=1 treated-market share: 208 / 208
  per-market raw FOIA coverage: min=3  p5=3  p50=27  p95=66  max=106

  EB information spend cap: none
  raw denominator spend: median=$2,175  p90=$13,716  max=$51,286
  effective EB spend: median=$2,175  p90=$13,716  max=$51,286

  --- Treated-market anchor support ---
  effective FOIA count by market: min=1.52  p25=4.08  p50=8.02  p75=14.62  max=44.21
  ten thinnest treated markets:
    nucleic acid modifying enzymes - klenow fragment  raw_n=  5  N_eff= 1.52  top_share=81%
    dulbecco's phosphate-buffered saline (dpbs) buffer  raw_n=  9  N_eff= 1.96  top_share=70%
    column-based microbial dna purification kits  raw_n=  3  N_eff= 2.14  top_share=56%
    mes-sds buffer                            raw_n=  8  N_eff= 2.28  top_share=62%
    lds sample buffer                         raw_n=  3  N_eff= 2.31  top_share=59%
    pre-cast bis-tris gels                    raw_n= 16  N_eff= 2.41  top_share=63%
    pre-cast tris-tricine gels                raw_n=  3  N_eff= 2.44  top_share=56%
    laemmli sample buffer                     raw_n=  3  N_eff= 2.73  top_share=42%
    horse serum                               raw_n=  9  N_eff= 3.03  top_share=47%
    high-fidelity dna polymerase              raw_n= 27  N_eff= 3.36  top_share=53%

  --- Hierarchical EB shrinkage ---
  alpha = $2,175
  prior = cluster
  field/peer eta = 3
  zero-spend FOIA anchors: prior
  observed-spend FOIA anchors: 208/208
  T=0 FOIA anchors: 0/208
  own-data weight T_eff/(T_eff+alpha): p25=0.24  p50=0.50  p75=0.73
  local effective anchor count: p25=3.90  p50=7.28  p75=9.80
  local-vs-global prior weight: p25=0.57  p50=0.71  p75=0.77
  self-exposure SD across observed anchors: raw=0.1314  shrunk=0.0750  retained=57%
  largest anchor self-exposure changes:
    A5067529915: -0.3961 -> +0.0045  T=$432  T_eff=$432  own_wt=0.17  N_eff_local=5.92  local_wt=0.66
    A5009411980: -0.3961 -> +0.0045  T=$432  T_eff=$432  own_wt=0.17  N_eff_local=5.92  local_wt=0.66
    A5018983460: -0.3961 -> -0.0371  T=$794  T_eff=$794  own_wt=0.27  N_eff_local=2.65  local_wt=0.47
    A5006559011: -0.1578 -> +0.1193  T=$527  T_eff=$527  own_wt=0.19  N_eff_local=11.06  local_wt=0.79
    A5064294448: -0.3564 -> -0.1364  T=$2,312  T_eff=$2,312  own_wt=0.52  N_eff_local=5.51  local_wt=0.65
    A5056763319: +0.4049 -> +0.1858  T=$765  T_eff=$765  own_wt=0.26  N_eff_local=1.26  local_wt=0.30
    A5082782774: +0.2985 -> +0.0947  T=$155  T_eff=$155  own_wt=0.07  N_eff_local=6.00  local_wt=0.67
    A5063996057: -0.0931 -> +0.0952  T=$468  T_eff=$468  own_wt=0.18  N_eff_local=1.00  local_wt=0.25
    A5058814283: -0.0350 -> +0.1421  T=$313  T_eff=$313  own_wt=0.13  N_eff_local=7.92  local_wt=0.73
    A5039880994: -0.0260 -> +0.1501  T=$215  T_eff=$215  own_wt=0.09  N_eff_local=7.93  local_wt=0.73

Imputing shares (method=knn) ...
Aggregating: z_hat = S_hat @ g, S_sum = rowsum(S_hat) ...
  effective number of shocks (BHJ-style): 15.28

  --- Exposure level comparison ---
  FOIA exposure after chosen EB specification:
    n nonzero PIs: 208/208
    mean=+0.11570  sd=0.07500  med=+0.10412
  Universe imputed exposure:
    n nonzero authors: 1,783,003/1,860,867
    mean=+0.12431  sd=0.05292  med=+0.11749

--- Shock balance (Borusyak-Hull-Jaravel) ---
  Regression: g_k = a + b * X_bar_k + e, weights = Sum_i s_ik
  H0: shocks are quasi-randomly assigned wrt pre-period X => b approx 0

  characteristic                beta          se        t       p
  log_total_spend            +0.4358      0.1466    +2.97   0.003
  log_lab_spend              +0.4438      0.1438    +3.09   0.002
  n_cats                     +0.0060      0.0039    +1.53   0.125
  lab_share                  +0.7446      1.7128    +0.43   0.664

  top-10 |Rotemberg weight| markets:
    us fbs                                    alpha_k=+0.710  s_bar=0.1758  g=+0.4812  N_eff_anchor=22.63
    chemiluminescent substrates               alpha_k=+0.123  s_bar=0.0948  g=+0.1540  N_eff_anchor=44.21
    site-directed mutagenesis systems         alpha_k=-0.089  s_bar=0.0268  g=-0.3961  N_eff_anchor=18.02
    first-strand cdna synthesis systems       alpha_k=+0.084  s_bar=0.0506  g=+0.1964  N_eff_anchor=10.70
    pre-cast bis-tris gels                    alpha_k=+0.039  s_bar=0.0156  g=+0.2985  N_eff_anchor=2.41
    cell culture dissociation reagents        alpha_k=+0.030  s_bar=0.0142  g=+0.2543  N_eff_anchor=4.20
    column-based dna plasmid miniprep         alpha_k=+0.029  s_bar=0.0264  g=+0.1307  N_eff_anchor=14.73
    cell culture nutritional supplements - tryptone  alpha_k=+0.027  s_bar=0.0222  g=+0.1471  N_eff_anchor=9.47
    rnase inhibitors                          alpha_k=-0.027  s_bar=0.0143  g=-0.2215  N_eff_anchor=7.18
    unstained dna ladders                     alpha_k=-0.021  s_bar=0.0192  g=-0.1326  N_eff_anchor=17.55
  cluster filter (../../external/us_appended_text/author_static_clusters_30_lsa.csv, min-foia-per-cluster=1): kept 1,130,108/1,860,867
  ls filter (../../external/us_appended_text/author_ls_authors_indiv.csv): kept 1,130,108/1,130,108
  Saved ../../output/eb_market_support_treated_hc_ebcmed_eta3_cf_lsa_k3.csv
  Saved ../../output/shock_balance_treated_hc_ebcmed_eta3_cf_lsa_k3.csv
  Saved ../../output/foia_self_exposure_treated_hc_ebcmed_eta3_cf_lsa_k3.csv
  Saved ../../output/foia_eb_support_treated_hc_ebcmed_eta3_cf_lsa_k3.csv
  Saved ../../output/final_imputed_shift_share_treated_hc_ebcmed_eta3_cf_lsa_k3.csv
  Saved ../../output/imputed_shares_matrix_treated_hc_ebcmed_eta3_cf_lsa_k3.npz
  Saved ../../output/imputed_shares_markets_treated_hc_ebcmed_eta3_cf_lsa_k3.csv

==============================================================================
Per-version shift-share imputation summary
==============================================================================
   version method  eb_enabled eb_prior  eb_field_eta  eb_spend_cap  n_foia_with_raw_shares  n_foia_nonzero_after_eb  z_hat_mean_universe  z_hat_sd_universe  S_sum_mean_universe  S_sum_sd_universe  eff_n_shocks  min_market_anchor_neff  median_market_anchor_neff
        hc    knn        True  cluster        3.0000           NaN                     208                      208               0.0301             0.0180               0.2310             0.0680       14.5610                  1.5156                     8.0232
       all    knn        True  cluster        3.0000           NaN                     208                      208               0.0123             0.0078               0.0928             0.0296       14.3711                  1.5156                     8.0232
treated_hc    knn        True  cluster        3.0000           NaN                     208                      208               0.1191             0.0575               0.9582             0.2002       15.2797                  1.5156                     8.0232

Saved ../../output/shift_share_summary_ebcmed_eta3_cf_lsa_k3.csv
Done!
