[?1h=
  ___  ____  ____  ____  ____ ©
 /__    /   ____/   /   ____/      17.0
___/   /   /___/   /   /___/       MP—Parallel Edition

 Statistics and Data Science       Copyright 1985-2021 StataCorp LLC
                                   StataCorp
                                   4905 Lakeway Drive
                                   College Station, Texas 77845 USA
                                   800-STATA-PC        https://www.stata.com
                                   979-696-4600        stata@stata.com

Stata license: 32-user 64-core network perpetual
Serial number: 501706311472
  Licensed to: Harvard Research Computing
               Cambridge MA

Notes:
      1. Unicode is supported; see help unicode_advice.
      2. More than 2 billion observations are allowed; see help obs_advice.
      3. Maximum number of variables is set to 120,000; see help set_maxvar.

. do "analysis.do" 

. set more off

. clear all

. capture log close

. program drop _all

. set scheme modern

. preliminaries

. version 17

. set maxvar 20000


. 
. global EXPOSURE_VERSION "hc"

. global EXPOSURE_FILTER  "_cf"

. global FE_MODE "author"

. global HET_RUN_OLS 0

. global DEBUG_YVAR "ppr_cnt"

. global HET_INCLUDE_INSTWTD 0

. global HET_RUN_QUARTILES 0

. global HET_IC_FULL 0

. 
. program main
  1.     gather_inst_chars
  2.     define_group_labels
  3.     local s all_jrnls
  4.     cap mkdir "../output/figures/`s'"
  5.     add_het_splits, samp(`s') r1r2(1) public(0)
  6.     desc_pre_output_by_age, samp(`s') r1r2(1) public(0)
  7.     event_study_het, samp(`s') r1r2(1) public(0)
  8.     output_het_tables, samp(`s') r1r2(1) public(0)
  9. 
.     add_het_splits, samp(all_jrnls) r1r2(1) public(1)
 10.     desc_pre_output_by_age, samp(all_jrnls) r1r2(1) public(1)
 11.     event_study_het, samp(all_jrnls) r1r2(1) public(1)
 12.     output_het_tables, samp(all_jrnls) r1r2(1) public(1)
 13. end

. 
. program gather_inst_chars
  1.     import delimited ../external/college/ipeds_openalex.csv, ///
>         clear varn(1) stringcols(_all)
  2.     keep ipeds_id inst_id
  3.     drop if inst_id == "" | ipeds_id == ""
  4.     destring ipeds_id, replace
  5.     duplicates drop
  6.     bys ipeds_id: gen _ndup = _N
  7.     qui count if _ndup > 1
  8.     if r(N) > 0 {
  9.         di as error "gather_inst_chars: " r(N) " rows with duplicate ipeds_id in crosswalk; keeping first inst_id per ipeds_id. VERIFY the crosswalk."
 10.         bys ipeds_id (inst_id): keep if _n == 1
 11.     }
 12.     drop _ndup
 13.     save ../temp/ipeds_openalex_xw, replace
 14. 
.     use ../external/inst_chars/combined_pre, clear
 15.     merge 1:1 ipeds_id using ../temp/ipeds_openalex_xw, keep(3) nogen
 16.     drop ipeds_id
 17.     bys inst_id: gen _ndup = _N
 18.     qui count if _ndup > 1
 19.     if r(N) > 0 {
 20.         di as error "gather_inst_chars: " r(N) " rows with duplicate inst_id after ipeds merge; keeping first row per inst_id. VERIFY the crosswalk."
 21.         bys inst_id: keep if _n == 1
 22.     }
 23.     drop _ndup
 24. 
.     rename contracts_fund      ic_contr
 25.     rename fed_ls_bio_fund     ic_fdlsb
 26.     rename fed_ls_fund         ic_fdls
 27.     rename fed_ls_hs_fund      ic_fdlsh
 28.     rename grants_fund         ic_gntsf
 29.     rename hhs_ls_bio_fund     ic_hhlsb
 30.     rename hhs_ls_fund         ic_hhls
 31.     rename hhs_ls_hs_fund      ic_hhlsh
 32.     rename nonfed_ls_bio_fund  ic_nflsb
 33.     rename nonfed_ls_fund      ic_nfls
 34.     rename nonfed_ls_hs_fund   ic_nflsh
 35.     rename subrecipient_fund   ic_subrf
 36.     rename tot_bus_fund        ic_busf
 37.     rename tot_fed_fund        ic_fedf
 38.     rename tot_fund            ic_tfnd
 39.     rename tot_inst_fund       ic_instf
 40.     rename tot_nonprof_fund    ic_nonpf
 41.     rename tot_state_fund      ic_statf
 42.     rename ls_fund             ic_lsf
 43.     rename hs_fund             ic_hsf
 44.     rename bio_fund            ic_biof
 45.     rename applied_expend      ic_applx
 46.     rename applied_fed_expend  ic_apfx
 47.     rename basic_expend        ic_basx
 48.     rename basic_fed_expend    ic_bfx
 49.     rename clin_trial_expend   ic_clinx
 50.     rename dev_expend          ic_devx
 51.     rename ls_cap_expend       ic_lscx
 52.     rename med_sch_expend      ic_medx
 53.     rename endowment           ic_endow
 54. 
.     order inst_id
 55.     compress
 56.     save ../temp/inst_chars_pre, replace
 57. end

. 
. * Reduced set: total R&D + total federal + institutional + life-sci + federal life-sci
. * (funding); endowment + basic + applied (expenditures).
. global IC_ALIASES tfnd lsf endow

. if $HET_IC_FULL == 1 {
.     global IC_ALIASES contr fdlsb fdls fdlsh gntsf hhlsb hhls hhlsh nflsb nfls nflsh subrf busf fedf tfnd instf nonpf statf lsf hsf biof applx apfx basx bfx clinx devx lscx medx endow
. }

. global PI_Q_BASES pre_ppr team nihg nihd

. 
. * Joint 2x2 axes for PI-split × inst-char paired coefplots. Each axis defines:
. *   SRC   -- 0/1 PI-level dummy (1 = "hi" side of the axis)
. *   HIPFX -- 2-char subgroup prefix for the "hi" side, used in dummy names
. *   LOPFX -- 2-char subgroup prefix for the "lo" side
. *   HILEG -- legend label for the "hi" side; LOLEG same for "lo" side
. global PI_CHAR_ALIASES   prppr

. global PI_CHAR_SRC_prppr   high_pre_ppr

. global PI_CHAR_HIPFX_prppr hp

. global PI_CHAR_LOPFX_prppr lp

. global PI_CHAR_HILEG_prppr "High Baseline Productivity"

. global PI_CHAR_LOLEG_prppr "Low Baseline Productivity"

. global PI_CHAR_SRC_team    big_team

. global PI_CHAR_HIPFX_team  bt

. global PI_CHAR_LOPFX_team  sm

. global PI_CHAR_HILEG_team  "Larger Team Size"

. global PI_CHAR_LOLEG_team  "Smaller Team Size"

. 
. program define_group_labels
  1.     global LBL_young        "Early-Career Scientists"
  2.     global LBL_old          "Late-Career Scientists"
  3.     global LBL_r1           "R1"
  4.     global LBL_r2           "R2"
  5.     global LBL_pub_inst     "Public"
  6.     global LBL_priv_inst    "Private"
  7.     global LBL_high_pre_ppr "More Productive at Baseline"
  8.     global LBL_low_pre_ppr  "Less Productive at Baseline"
  9.     global LBL_big_team     "Larger Team Size"
 10.     global LBL_small_team   "Smaller Team Size"
 11.     global LBL_high_nihg    "More NIH Grants at Baseline"
 12.     global LBL_low_nihg     "Fewer NIH Grants at Baseline"
 13.     global LBL_high_nihd    "More NIH Funding at Baseline"
 14.     global LBL_low_nihd     "Less NIH Funding at Baseline"
 15.     global LBL_young_nih    "Early-Career Scientists (NIH-Matched PIs)"
 16.     global LBL_old_nih      "Late-Career Scientists (NIH-Matched PIs)"
 17. 
.     global LBL_q1_pre_ppr   "Q1 Baseline Productivity"
 18.     global LBL_q4_pre_ppr   "Q4 Baseline Productivity"
 19.     global LBL_q1_team      "Q1 Team Size"
 20.     global LBL_q4_team      "Q4 Team Size"
 21.     global LBL_q1_nihg      "Q1 Baseline NIH Grants"
 22.     global LBL_q4_nihg      "Q4 Baseline NIH Grants"
 23.     global LBL_q1_nihd      "Q1 Baseline NIH Funding"
 24.     global LBL_q4_nihd      "Q4 Baseline NIH Funding"
 25. 
.     local ic_lbl_contr "Total Contract Funding"
 26.     local ic_lbl_fdlsb "Federal Life-Sci Biology Funding"
 27.     local ic_lbl_fdls  "Federal Life-Sci Funding"
 28.     local ic_lbl_fdlsh "Federal Life-Sci Health-Sci Funding"
 29.     local ic_lbl_gntsf "Grants Funding"
 30.     local ic_lbl_hhlsb "HHS Life-Sci Biology Funding"
 31.     local ic_lbl_hhls  "HHS Life-Sci Funding"
 32.     local ic_lbl_hhlsh "HHS Life-Sci Health-Sci Funding"
 33.     local ic_lbl_nflsb "Non-Federal Life-Sci Biology Funding"
 34.     local ic_lbl_nfls  "Non-Federal Life-Sci Funding"
 35.     local ic_lbl_nflsh "Non-Federal Life-Sci Health-Sci Funding"
 36.     local ic_lbl_subrf "Subrecipient Funding"
 37.     local ic_lbl_busf  "Business Funding"
 38.     local ic_lbl_fedf  "Total Federal Funding"
 39.     local ic_lbl_tfnd  "Total R&D Funding"
 40.     local ic_lbl_instf "Institutional Funding"
 41.     local ic_lbl_nonpf "Non-Profit Funding"
 42.     local ic_lbl_statf "State Funding"
 43.     local ic_lbl_lsf   "Life-Sci Funding"
 44.     local ic_lbl_hsf   "Health-Sci Funding"
 45.     local ic_lbl_biof  "Biology Funding"
 46.     local ic_lbl_applx "Applied Research Expenditures"
 47.     local ic_lbl_apfx  "Federal Applied Research Expenditures"
 48.     local ic_lbl_basx  "Basic Research Expenditures"
 49.     local ic_lbl_bfx   "Federal Basic Research Expenditures"
 50.     local ic_lbl_clinx "Clinical Trial Expenditures"
 51.     local ic_lbl_devx  "Development Expenditures"
 52.     local ic_lbl_lscx  "Life-Sci Capital Expenditures"
 53.     local ic_lbl_medx  "Medical School Expenditures"
 54.     local ic_lbl_endow "Endowment"
 55.     foreach a of global IC_ALIASES {
 56.         global LBL_ic_`a'   "`ic_lbl_`a''"
 57.         global LBL_hi_`a'   "High `ic_lbl_`a''"
 58.         global LBL_lo_`a'   "Low `ic_lbl_`a''"
 59.         global LBL_q1_`a'   "Q1 `ic_lbl_`a''"
 60.         global LBL_q4_`a'   "Q4 `ic_lbl_`a''"
 61.         global LBL_mid_`a'  "Mid `ic_lbl_`a''"
 62.         global LBL_hiw_`a'  "High `ic_lbl_`a''"
 63.         global LBL_low_`a'  "Low `ic_lbl_`a''"
 64.         global LBL_q1w_`a'  "Q1 `ic_lbl_`a''"
 65.         global LBL_q4w_`a'  "Q4 `ic_lbl_`a''"
 66.         global LBL_midw_`a' "Mid `ic_lbl_`a''"
 67.         global LBL_y_hi_`a' "Early-Career x Hi `ic_lbl_`a''"
 68.         global LBL_y_lo_`a' "Early-Career x Lo `ic_lbl_`a''"
 69.         global LBL_o_hi_`a' "Late-Career x Hi `ic_lbl_`a''"
 70.         global LBL_o_lo_`a' "Late-Career x Lo `ic_lbl_`a''"
 71.     }
 72. 
.     global IC_PAIRS_MED
 73.     global IC_PAIRS_MED_PW
 74.     global IC_PAIRS_Q
 75.     global IC_PAIRS_Q_PW
 76.     foreach a of global IC_ALIASES {
 77.         global IC_PAIRS_MED    `"${IC_PAIRS_MED} "hi_`a' lo_`a'" "'
 78.         global IC_PAIRS_MED_PW `"${IC_PAIRS_MED_PW} "hiw_`a' low_`a'" "'
 79.         global IC_PAIRS_Q      `"${IC_PAIRS_Q} "q4_`a' q1_`a'" "'
 80.         global IC_PAIRS_Q_PW   `"${IC_PAIRS_Q_PW} "q4w_`a' q1w_`a'" "'
 81.     }
 82.     global PI_PAIRS_Q
 83.     foreach b of global PI_Q_BASES {
 84.         global PI_PAIRS_Q `"${PI_PAIRS_Q} "q4_`b' q1_`b'" "'
 85.     }
 86. end

. 
. program add_het_splits
  1.     syntax, samp(string) [, r1r2(int 0) public(int 0) r1_only(int 0)]
  2.     local suf ""
  3.     if (`r1r2' == 1 & `public' == 0 & `r1_only' == 0) local suf "_r1_r2"
  4.     if (`r1r2' == 1 & `public' == 1 & `r1_only' == 0) local suf "_r1_r2_public"
  5.     if (`r1_only' == 1 & `public' == 0) local suf "_r1"
  6.     if (`r1_only' == 1 & `public' == 1) local suf "_r1_public"
  7. 
.     use ../external/prepped_samples/es_`samp'`suf', clear
  8. 
.     cap drop athr_indicator
  9.     bys athr_id : gen athr_indicator = _n == 1
 10. 
.     qui sum pre_ppr_cnt_sum if athr_indicator == 1, d
 11.     local ppr_cut = r(p50)
 12.     gen high_pre_ppr = pre_ppr_cnt_sum >= `ppr_cut' if !mi(pre_ppr_cnt_sum)
 13.     gen low_pre_ppr  = pre_ppr_cnt_sum <  `ppr_cut' if !mi(pre_ppr_cnt_sum)
 14. 
.     qui sum age_2014 if athr_indicator == 1, d
 15.     local age_med = r(p50)
 16.     di as text "add_het_splits `samp'`suf' age_2014 median = `age_med'"
 17.     gen young = age_2014 <  `age_med' if !mi(age_2014)
 18.     gen old   = age_2014 >= `age_med' if !mi(age_2014)
 19. 
.     gen r1 = type == "r1" if !mi(type)
 20.     gen r2 = type == "r2" if !mi(type)
 21. 
.     cap confirm variable public
 22.     if !_rc {
 23.         gen pub_inst  = public == 1 if !mi(public)
 24.         gen priv_inst = public == 0 if !mi(public)
 25.     }
 26.     else di as error "add_het_splits `samp'`suf': public not in panel -- pub_inst/priv_inst SKIPPED (rerun reduced_form/restrict_samp to add it)."
 27. 
.     cap confirm variable avg_team_size_last
 28.     if !_rc {
 29.         gen pre_team_yr = avg_team_size_last if year < 2014
 30.         bys athr_id: egen pre_team_avg = mean(pre_team_yr)
 31.         drop pre_team_yr
 32.         qui sum pre_team_avg if athr_indicator == 1, d
 33.         local team_med = r(p50)
 34.         di as text "add_het_splits `samp'`suf' pre-team median = `team_med'"
 35.         gen big_team   = pre_team_avg >= `team_med' if !mi(pre_team_avg)
 36.         gen small_team = pre_team_avg <  `team_med' if !mi(pre_team_avg)
 37.     }
 38.     else di as error "add_het_splits `samp'`suf': avg_team_size_last not in panel -- team split SKIPPED."
 39. 
.     * Baseline NIH scale: pre-2014 means of the derived author-year measures
.     * (n_grants, nih_total_cost from derived/nih/match_pi_athr). Both are missing
.     * for PIs excluded upstream, so the NIH splits estimate on the NIH sample.
.     local nih_src   n_grants nih_total_cost
 40.     local nih_alias nihg     nihd
 41.     forvalues i = 1/2 {
 42.         local src : word `i' of `nih_src'
 43.         local alias : word `i' of `nih_alias'
 44.         cap confirm variable `src'
 45.         if _rc {
 46.             di as error "add_het_splits `samp'`suf': `src' not in panel -- `alias' split SKIPPED (rerun reduced_form/restrict_samp)."
 47.             continue
 48.         }
 49.         gen pre_`alias'_yr = `src' if year < 2014
 50.         bys athr_id: egen pre_`alias' = mean(pre_`alias'_yr)
 51.         drop pre_`alias'_yr
 52.         local src pre_`alias'
 53.         qui sum `src' if athr_indicator == 1, d
 54.         local nih_n = r(N)
 55.         local nih_p50 = r(p50)
 56.         di as text "add_het_splits `samp'`suf' `alias' N_pi=`nih_n' p50=`nih_p50'"
 57.         gen byte high_`alias' = `src' >= `nih_p50' if !mi(`src')
 58.         gen byte low_`alias'  = `src' <  `nih_p50' if !mi(`src')
 59.     }
 60. 
.     * Age split restricted to PIs matched to RePORTER (n_grants non-missing).
.     * Dummies stay missing off the NIH sample, so every fit using them drops
.     * unmatched PIs rather than pooling them into the base category.
.     * nih_matched comes from reduced_form (RePORTER PI-name match). Fall back to
.     * an n_grants-based proxy only if the panel predates it.
.     cap drop nih_pi
 61.     cap confirm variable nih_matched
 62.     if !_rc {
 63.         bys athr_id: egen byte nih_pi = max(nih_matched == 1)
 64.     }
 65.     else {
 66.         cap confirm variable n_grants
 67.         if !_rc bys athr_id: egen byte nih_pi = max(!mi(n_grants))
 68.     }
 69.     cap confirm variable nih_pi
 70.     if !_rc {
 71.         qui count if nih_pi == 1 & athr_indicator == 1
 72.         di as text "add_het_splits `samp'`suf' NIH-matched PIs = " r(N)
 73.         gen byte young_nih = young if nih_pi == 1 & !mi(young)
 74.         gen byte old_nih   = old   if nih_pi == 1 & !mi(old)
 75.     }
 76.     else di as error "add_het_splits `samp'`suf': no NIH match flag in panel -- young_nih/old_nih SKIPPED."
 77. 
.     cap confirm variable avg_num_coathrs
 78.     if !_rc {
 79.         gen pre_coauth_yr = avg_num_coathrs if year < 2014
 80.         bys athr_id: egen pre_coauth_avg = mean(pre_coauth_yr)
 81.         drop pre_coauth_yr
 82.     }
 83. 
.     cap confirm variable msa_size
 84.     if !_rc {
 85.         gen msa_size_2014 = msa_size if year == 2014
 86.         bys athr_id: egen msa_size_at = max(msa_size_2014)
 87.         drop msa_size_2014
 88.     }
 89. 
.     merge m:1 inst_id using ../temp/inst_chars_pre, keep(1 3) nogen
 90.     cap drop inst_indicator
 91.     bys inst_id : gen inst_indicator = _n == 1
 92.     foreach a of global IC_ALIASES {
 93.         cap confirm variable ic_`a'
 94.         if _rc continue
 95.         * Inst-weighted cutoffs (each institution counts once).
.         qui sum ic_`a' if inst_indicator == 1, d
 96.         local ic_n = r(N)
 97.         local ic_p50 = r(p50)
 98.         local ic_p25 = r(p25)
 99.         local ic_p75 = r(p75)
100.         di as text "add_het_splits `samp'`suf' ic_`a' inst-wtd N_inst=`ic_n' p25=`ic_p25' p50=`ic_p50' p75=`ic_p75'"
101.         gen byte hi_`a'  = ic_`a' >= `ic_p50' if !mi(ic_`a')
102.         gen byte lo_`a'  = ic_`a' <  `ic_p50' if !mi(ic_`a')
103.         gen byte q1_`a'  = ic_`a' <= `ic_p25' if !mi(ic_`a')
104.         gen byte q4_`a'  = ic_`a' >= `ic_p75' if !mi(ic_`a')
105.         gen byte mid_`a' = (ic_`a' > `ic_p25' & ic_`a' < `ic_p75') if !mi(ic_`a')
106.         * PI-weighted cutoffs (each PI counts once; big institutions dominate).
.         qui sum ic_`a' if athr_indicator == 1, d
107.         local ic_p25w = r(p25)
108.         local ic_p50w = r(p50)
109.         local ic_p75w = r(p75)
110.         di as text "add_het_splits `samp'`suf' ic_`a' pi-wtd N_pi=" r(N) " p25=`ic_p25w' p50=`ic_p50w' p75=`ic_p75w'"
111.         gen byte hiw_`a'  = ic_`a' >= `ic_p50w' if !mi(ic_`a')
112.         gen byte low_`a'  = ic_`a' <  `ic_p50w' if !mi(ic_`a')
113.         gen byte q1w_`a'  = ic_`a' <= `ic_p25w' if !mi(ic_`a')
114.         gen byte q4w_`a'  = ic_`a' >= `ic_p75w' if !mi(ic_`a')
115.         gen byte midw_`a' = (ic_`a' > `ic_p25w' & ic_`a' < `ic_p75w') if !mi(ic_`a')
116.     }
117. 
.     local pi_q_source pre_ppr_cnt_sum pre_team_avg pre_nihg pre_nihd
118.     local pi_q_alias  pre_ppr        team         nihg     nihd
119.     local nq : word count `pi_q_alias'
120.     forvalues i = 1/`nq' {
121.         local src : word `i' of `pi_q_source'
122.         local alias : word `i' of `pi_q_alias'
123.         cap confirm variable `src'
124.         if _rc {
125.             di as error "add_het_splits `samp'`suf': `src' unavailable -- `alias' quartiles SKIPPED."
126.             continue
127.         }
128.         qui sum `src' if athr_indicator == 1, d
129.         local p25 = r(p25)
130.         local p75 = r(p75)
131.         di as text "add_het_splits `samp'`suf' `alias' p25=`p25' p75=`p75'"
132.         gen byte q1_`alias'  = `src' <= `p25' if !mi(`src')
133.         gen byte q4_`alias'  = `src' >= `p75' if !mi(`src')
134.         gen byte mid_`alias' = (`src' > `p25' & `src' < `p75') if !mi(`src')
135.     }
136. 
.     * Joint young x hiw_<char> 2x2 for every ic char (PI-weighted median cutoff).
.     foreach a of global IC_ALIASES {
137.         cap confirm variable hiw_`a'
138.         if _rc continue
139.         gen byte y_hi_`a' = (young == 1 & hiw_`a' == 1) if !mi(young) & !mi(hiw_`a')
140.         gen byte y_lo_`a' = (young == 1 & hiw_`a' == 0) if !mi(young) & !mi(hiw_`a')
141.         gen byte o_hi_`a' = (young == 0 & hiw_`a' == 1) if !mi(young) & !mi(hiw_`a')
142.         gen byte o_lo_`a' = (young == 0 & hiw_`a' == 0) if !mi(young) & !mi(hiw_`a')
143.     }
144. 
.     * Joint age x baseline-productivity 2x2 (no inst char). Four subgroups.
.     cap confirm variable high_pre_ppr
145.     if !_rc {
146.         gen byte y_hp = (young == 1 & high_pre_ppr == 1) if !mi(young) & !mi(high_pre_ppr)
147.         gen byte y_lp = (young == 1 & high_pre_ppr == 0) if !mi(young) & !mi(high_pre_ppr)
148.         gen byte o_hp = (young == 0 & high_pre_ppr == 1) if !mi(young) & !mi(high_pre_ppr)
149.         gen byte o_lp = (young == 0 & high_pre_ppr == 0) if !mi(young) & !mi(high_pre_ppr)
150.     }
151. 
.     * Joint PI-split x inst-char 2x2. For each axis (baseline productivity,
.     * coauthors), build 4 subgroup dummies per inst char keyed on the PI split
.     * and the PI-wtd inst-char hi/lo indicator.
.     foreach axis of global PI_CHAR_ALIASES {
152.         local src "${PI_CHAR_SRC_`axis'}"
153.         local hp  "${PI_CHAR_HIPFX_`axis'}"
154.         local lp  "${PI_CHAR_LOPFX_`axis'}"
155.         cap confirm variable `src'
156.         if _rc continue
157.         foreach a of global IC_ALIASES {
158.             cap confirm variable hiw_`a'
159.             if _rc continue
160.             gen byte `hp'_hi_`a' = (`src' == 1 & hiw_`a' == 1) if !mi(`src') & !mi(hiw_`a')
161.             gen byte `hp'_lo_`a' = (`src' == 1 & hiw_`a' == 0) if !mi(`src') & !mi(hiw_`a')
162.             gen byte `lp'_hi_`a' = (`src' == 0 & hiw_`a' == 1) if !mi(`src') & !mi(hiw_`a')
163.             gen byte `lp'_lo_`a' = (`src' == 0 & hiw_`a' == 0) if !mi(`src') & !mi(hiw_`a')
164.         }
165.     }
166. 
.     compress
167.     save ../temp/es_`samp'`suf', replace
168. end

. 
. program event_study_het
  1.     * Split-interaction PPML het regressions (+ OLS if HET_RUN_OLS=1).
.     * Writes ../temp/phet_results_<samp><suf>.dta.
.     syntax, samp(string) [, r1r2(int 0) public(int 0) r1_only(int 0)]
  2.     local fes athr_id year
  3.     local vce_cl athr_id
  4.     if "$FE_MODE" == "inst_cluster" {
  5.         local fes inst_id cluster_30 year
  6.         local vce_cl inst_id
  7.     }
  8.     if "$FE_MODE" == "inst_cluster_fldyr" {
  9.         local fes inst_id i.cluster_30#i.year
 10.         local vce_cl inst_id
 11.     }
 12.     local suf ""
 13.     if (`r1r2' == 1 & `public' == 0 & `r1_only' == 0) local suf "_r1_r2"
 14.     if (`r1r2' == 1 & `public' == 1 & `r1_only' == 0) local suf "_r1_r2_public"
 15.     if (`r1_only' == 1 & `public' == 0) local suf "_r1"
 16.     if (`r1_only' == 1 & `public' == 1) local suf "_r1_public"
 17.     use ../temp/es_`samp'`suf', clear
 18. 
.     gen rel = year - 2014
 19.     qui sum rel, d
 20.     local abs_lag = abs(r(max))
 21.     local abs_lead = abs(r(min))
 22.     * [H8] only the observed window; unused time dummies removed
.     forval i = 1/`abs_lead' {
 23.         gen int_lead`i'  = exposure      if rel == -`i'
 24.         gen mshr_lead`i' = mkt_spend_shr if rel == -`i'
 25.     }
 26.     forval i = 0/`abs_lag' {
 27.         gen int_lag`i'  = exposure      if rel == `i'
 28.         gen mshr_lag`i' = mkt_spend_shr if rel == `i'
 29.     }
 30.     ds int_lead* int_lag* mshr_lead* mshr_lag*
 31.     foreach var in `r(varlist)' {
 32.         replace `var' = 0 if mi(`var')
 33.     }
 34.     local int_leads
 35.     local mshr_leads
 36.     local int_lags
 37.     local mshr_lags
 38.     forval i = 2/`abs_lead' {
 39.         local int_leads int_lead`i' `int_leads'
 40.         local mshr_leads mshr_lead`i' `mshr_leads'
 41.     }
 42.     forval i = 0/`abs_lag' {
 43.         local int_lags `int_lags' int_lag`i'
 44.         local mshr_lags `mshr_lags' mshr_lag`i'
 45.     }
 46.     foreach v in ppr_cnt cite_affl_wt {
 47.         gen ln_`v' = ln(1+`v')
 48.     }
 49. 
.     * Skip dummies that are missing or degenerate (all 0 / all 1) so
.     * downstream loops don't try to fit collinear specs.
.     local het_groups young old r1 r2 pub_inst priv_inst high_pre_ppr low_pre_ppr ///
>                      big_team small_team high_nihg low_nihg high_nihd low_nihd ///
>                      young_nih old_nih
 50.     * Only groups the active config actually fits get lead/lag interactions.
.     foreach a of global IC_ALIASES {
 51.         local het_groups `het_groups' hiw_`a' low_`a'
 52.         if "$HET_INCLUDE_INSTWTD" == "1" local het_groups `het_groups' hi_`a' lo_`a'
 53.         if "$HET_RUN_QUARTILES" == "1" {
 54.             local het_groups `het_groups' q1w_`a' midw_`a' q4w_`a'
 55.             if "$HET_INCLUDE_INSTWTD" == "1" local het_groups `het_groups' q1_`a' mid_`a' q4_`a'
 56.         }
 57.     }
 58.     if "$HET_RUN_QUARTILES" == "1" {
 59.         foreach b of global PI_Q_BASES {
 60.             local het_groups `het_groups' q1_`b' mid_`b' q4_`b'
 61.         }
 62.     }
 63.     global HET_GROUPS_ACTIVE
 64.     foreach grp of local het_groups {
 65.         cap confirm variable `grp'
 66.         if _rc {
 67.             di as text "event_study_het `samp'`suf': dummy `grp' not built -- skipping."
 68.             continue
 69.         }
 70.         qui sum `grp'
 71.         if r(N) == 0 | r(min) == r(max) {
 72.             di as text "event_study_het `samp'`suf': dummy `grp' degenerate -- skipping."
 73.             continue
 74.         }
 75.         foreach v of local int_leads {
 76.             gen `v'_`grp' = `v' * `grp'
 77.         }
 78.         foreach v of local int_lags {
 79.             gen `v'_`grp' = `v' * `grp'
 80.         }
 81.         gen int_lead1_`grp' = int_lead1 * `grp'
 82.         foreach v of local mshr_leads {
 83.             gen `v'_`grp' = `v' * `grp'
 84.         }
 85.         foreach v of local mshr_lags {
 86.             gen `v'_`grp' = `v' * `grp'
 87.         }
 88.         local leads_`grp'
 89.         local lags_`grp'
 90.         local mleads_`grp'
 91.         local mlags_`grp'
 92.         foreach v of local int_leads {
 93.             local leads_`grp' `leads_`grp'' `v'_`grp'
 94.         }
 95.         foreach v of local int_lags {
 96.             local lags_`grp' `lags_`grp'' `v'_`grp'
 97.         }
 98.         foreach v of local mshr_leads {
 99.             local mleads_`grp' `mleads_`grp'' `v'_`grp'
100.         }
101.         foreach v of local mshr_lags {
102.             local mlags_`grp' `mlags_`grp'' `v'_`grp'
103.         }
104.         global HET_GROUPS_ACTIVE `"${HET_GROUPS_ACTIVE} `grp'"'
105.     }
106. 
.     if "$POSITION_OUTCOMES_AVAIL" == "" {
107.         cap confirm variable n_first_ppr
108.         global POSITION_OUTCOMES_AVAIL = cond(_rc == 0, 1, 0)
109.     }
110.     local position_outcomes ""
111.     if "$POSITION_OUTCOMES_AVAIL" == "1" {
112.         local position_outcomes n_middle_ppr avg_position avg_team_size_last avg_team_size_notlast
113.     }
114. 
.     * Pooled DiD building blocks (used by the coefplot-feeding fits below).
.     cap drop post Z_it Z_share_it
115.     gen post       = year >= 2014
116.     gen Z_it       = exposure      * post
117.     gen Z_share_it = mkt_spend_shr * post
118. 
.     local pi_pairs `" "young old" "young_nih old_nih" "r1 r2" "pub_inst priv_inst" "high_pre_ppr low_pre_ppr" "big_team small_team" "high_nihg low_nihg" "high_nihd low_nihd" "'
119.     global DUMMY_PAIRS_MED    `" `pi_pairs' ${IC_PAIRS_MED} "'
120.     * PI-level splits included in both med and med_pi so PI-char coefplots
.     * still emit when HET_INCLUDE_INSTWTD=0 (only PI-weighted median runs).
.     global DUMMY_PAIRS_MED_PW `" `pi_pairs' ${IC_PAIRS_MED_PW} "'
121. 
.     * Skip PPML on avg_* outcomes (conditional means, not counts).
.     local ppml_het_skip avg_position avg_team_size_last avg_team_size_notlast
122. 
.     mat drop _all
123.     * Write per-yvar phet_results files (postfile has no append option); combine into
.     * master ../temp/phet_results_<samp><suf>.dta after the loop.
.     local yvar_list ppr_cnt cite_affl_wt avg_num_coathrs ///
>                     n_grants n_new_grants nih_total_cost ///
>                     `position_outcomes'
124.     if "$DEBUG_YVAR" != "" {
125.         local yvar_list $DEBUG_YVAR
126.         di as text "DEBUG_YVAR set -- restricting yvar loop to: $DEBUG_YVAR"
127.     }
128. 
.     foreach yvar of local yvar_list {
129.         tempname ph_handle
130.         postfile `ph_handle' str30 yvar str24 grp str12 spec str20 split_type ///
>             double(post_b post_se pre_b pre_se N r2_p) ///
>             using "../temp/phet_results_`samp'`suf'_`yvar'", replace
131.         local gap 0.5
132.         if regexm("`yvar'", "^cite_affl_wt") local gap 1
133. 
.         * ---- OLS median het (gated by $HET_RUN_OLS, headline outcomes only)
.         * leads_g1/lags_g1 are the differential vs the dummy=0 (`g2') group
.         * absorbed by un-interacted int_lead/int_lag.
.         if "$HET_RUN_OLS" == "1" & inlist("`yvar'", "ppr_cnt", "cite_affl_wt") {
134.             foreach pair of global DUMMY_PAIRS_MED {
135.                 local g1: word 1 of `pair'
136.                 local g2: word 2 of `pair'
137.                 if strpos(" ${HET_GROUPS_ACTIVE} ", " `g1' ") == 0 continue
138.                 if strpos(" ${HET_GROUPS_ACTIVE} ", " `g2' ") == 0 continue
139.                 local g1_label = "${LBL_`g1'}"
140.                 if "`g1_label'" == "" local g1_label "`g1'"
141.                 local mshr_ctrls `mshr_leads' `mshr_lags' `mleads_`g1'' `mlags_`g1''
142.                 local plot_suf "_mshrctrl"
143.                 cap drop PT_`g1'
144.                 gen PT_`g1' = post * `g1'
145.                 cap noi reghdfe `yvar' `int_leads' `int_lags' ///
>                                `leads_`g1'' `lags_`g1'' ///
>                                `mshr_ctrls' PT_`g1', ///
>                                absorb(`fes') vce(cluster `vce_cl')
146.                 local rc = _rc
147.                 if `rc' {
148.                     di as error "event_study_het `samp'`suf' `yvar' `g1' failed (rc=`rc'); skipping."
149.                     continue
150.                 }
151.                 gunique athr_id if e(sample) & `g1' == 1
152.                 local num_athrs = r(unique)
153.                 gunique inst_id if e(sample) & `g1' == 1
154.                 local num_insts = r(unique)
155.                 sum `yvar' if rel <= -1 & e(sample) & `g1' == 1, d
156.                 local pre_mean : dis %4.3f r(mean)
157.                 preserve
158.                 cap mat drop es
159.                 foreach var in `leads_`g1'' `lags_`g1'' int_lead1_`g1' {
160.                     if "`var'" == "int_lead1_`g1'" {
161.                         mat row = 0,0
162.                     }
163.                     else {
164.                         mat row = _b[`var'], _se[`var']
165.                     }
166.                     mat es = nullmat(es) \ row
167.                 }
168.                 svmat es
169.                 keep es1 es2
170.                 drop if mi(es1)
171.                 rename (es1 es2) (b se)
172.                 gen ub = b + 1.96*se
173.                 sum ub, d
174.                 local ymax = round(r(max),`gap')
175.                 gen lb = b - 1.96*se
176.                 sum lb, d
177.                 local ymin = round(r(min),`gap')
178.                 if `ymin' > 0 local ymin = 0
179.                 gen rel = -`abs_lead' if _n == 1
180.                 replace rel = rel[_n-1]+1 if _n > 1
181.                 replace rel = rel + 1 if rel >= -1
182.                 replace rel = -1 if rel == `abs_lag' + 1
183.                 gen year = rel + 2014
184.                 hashsort rel
185.                 tw rcap ub lb year if year != 2013 , lcolor(ebblue%70) msize(vsmall) || ///
>                   scatter b year, mcolor(ebblue) || ///
>                 scatteri `ymax' 2013.75 `ymax' 2014.25 , bcolor(gs12%30) recast(area) base(`ymin') ///
>                   xlab(2010(1)2019, labsize(small)) xtitle("Year") ///
>                   ytitle("Exposure x Post") ylab(`ymin'(`gap')`ymax') ///
>                   subtitle("`g1_label'", pos(11) size(small)) ///
>                   legend(on order(- "Num. PIs: `num_athrs'" "Num. Insts: `num_insts'" "Pre-Period Avg : `pre_mean'") pos(7) ring(1) rows(3) bmargin(zero) size(small)) ///
>                   yline(0, lcolor(gs10) lpattern(solid)) plotregion(margin(sides))
186.                 graph export ../output/figures/`samp'/es_`yvar'`suf'_`g1'`plot_suf'.pdf, replace
187.                 save ../temp/es_`yvar'`suf'_`g1'`plot_suf', replace
188.                 restore
189.             }
190. 
.         }
191. 
.         * ---- PPML heterogeneity ----
.         * Posts "mshrctrl": joint pooled DiD with fully-interacted Z_it and Z_share_it
.         * on the full sample. grp coefficient = _b[Z_grp]; matches ppml_pdid_het_binscatter.
.         if strpos(" `ppml_het_skip' ", " `yvar' ") == 0 {
192.             cap mkdir "../output/figures/`samp'/es_ppml"
193.             * ---- PPML median split (inst-weighted + PI-weighted variants) ----
.             local mmethods pw
194.             if "$HET_INCLUDE_INSTWTD" == "1" local mmethods inst pw
195.             foreach mmethod of local mmethods {
196.             local pairs_current
197.             if "`mmethod'" == "inst" {
198.                 foreach pair of global DUMMY_PAIRS_MED {
199.                     local pairs_current `"`pairs_current' `"`pair'"' "'
200.                 }
201.                 local st_tag "med"
202.                 local mplot_suf "_ppml_mshrctrl"
203.             }
204.             else {
205.                 foreach pair of global DUMMY_PAIRS_MED_PW {
206.                     local pairs_current `"`pairs_current' `"`pair'"' "'
207.                 }
208.                 local st_tag "med_pi"
209.                 local mplot_suf "_ppml_medpi_mshrctrl"
210.             }
211.             foreach pair of local pairs_current {
212.                 local g1: word 1 of `pair'
213.                 local g2: word 2 of `pair'
214.                 if strpos(" ${HET_GROUPS_ACTIVE} ", " `g1' ") == 0 continue
215.                 if strpos(" ${HET_GROUPS_ACTIVE} ", " `g2' ") == 0 continue
216. 
.                 * --- Pooled-DiD PPML with fully-interacted Z and share; posted as "mshrctrl" ---
.                 * [H11] PT_`g1' absorbs the group-level post shift; `g2' x post is the base
.                 cap drop Z_`g1' Z_`g2' S_`g1' S_`g2' PT_`g1'
217.                 gen Z_`g1' = Z_it       * `g1'
218.                 gen Z_`g2' = Z_it       * `g2'
219.                 gen S_`g1' = Z_share_it * `g1'
220.                 gen S_`g2' = Z_share_it * `g2'
221.                 gen PT_`g1' = post * `g1'
222.                 cap noi ppmlhdfe `yvar' Z_`g1' Z_`g2' S_`g1' S_`g2' PT_`g1', ///
>                                absorb(`fes') vce(cluster `vce_cl')
223.                 local rc = _rc
224.                 if `rc' {
225.                     di as error "event_study_het `samp'`suf' `yvar' `g1'/`g2' `st_tag' pooled-DiD int ppml failed (rc=`rc'); skipping pair."
226.                     continue
227.                 }
228.                 local Nppml = e(N)
229.                 local r2ppml = e(r2_p)
230.                 foreach grp in `g1' `g2' {
231.                     gunique athr_id if e(sample) & `grp' == 1
232.                     local num_athrs = r(unique)
233.                     gunique inst_id if e(sample) & `grp' == 1
234.                     local num_insts = r(unique)
235.                     local b_post  = _b[Z_`grp']
236.                     local se_post = _se[Z_`grp']
237.                     di as text "pooled-DiD int PPML `samp'`suf' `yvar' `grp' `st_tag': b=" %8.4f `b_post' ///
>                         " (se=" %8.4f `se_post' ")   N=" %9.0f `Nppml' " PIs=`num_athrs' Insts=`num_insts'"
238.                     post `ph_handle' ("`yvar'") ("`grp'") ("mshrctrl") ("`st_tag'") ///
>                         (`b_post') (`se_post') (.) (.) (`Nppml') (`r2ppml')
239.                 }
240. 
.                 * --- Joint event-study PPML for per-group ES PDFs only (not posted) ---
.                 local mshr_ctrls `mleads_`g1'' `mlags_`g1'' `mleads_`g2'' `mlags_`g2''
241.                 local plot_suf "`mplot_suf'"
242.                 cap noi ppmlhdfe `yvar' `leads_`g1'' `lags_`g1'' `leads_`g2'' `lags_`g2'' ///
>                                `mshr_ctrls' PT_`g1', ///
>                                absorb(`fes') vce(cluster `vce_cl')
243.                 if _rc {
244.                     di as error "event_study_het `samp'`suf' `yvar' `g1'/`g2' `st_tag' joint ES for PDFs failed; skipping ES plots."
245.                     continue
246.                 }
247.                 foreach grp in `g1' `g2' {
248.                     local grp_label = "${LBL_`grp'}"
249.                     if "`grp_label'" == "" local grp_label "`grp'"
250.                     gunique athr_id if e(sample) & `grp' == 1
251.                     local num_athrs = r(unique)
252.                     gunique inst_id if e(sample) & `grp' == 1
253.                     local num_insts = r(unique)
254.                     sum `yvar' if rel <= -1 & e(sample) & `grp' == 1, d
255.                     local pre_mean : dis %4.3f r(mean)
256.                     preserve
257.                     cap mat drop es
258.                     foreach var in `leads_`grp'' `lags_`grp'' int_lead1_`grp' {
259.                         if "`var'" == "int_lead1_`grp'" {
260.                             mat row = 0,0
261.                         }
262.                         else {
263.                             mat row = _b[`var'], _se[`var']
264.                         }
265.                         mat es = nullmat(es) \ row
266.                     }
267.                     svmat es
268.                     keep es1 es2
269.                     drop if mi(es1)
270.                     rename (es1 es2) (b se)
271.                     gen ub = b + 1.96*se
272.                     sum ub, d
273.                     local ymax = round(r(max), 0.1)
274.                     gen lb = b - 1.96*se
275.                     sum lb, d
276.                     local ymin = round(r(min), 0.1)
277.                     if `ymin' > 0 local ymin = 0
278.                     gen rel = -`abs_lead' if _n == 1
279.                     replace rel = rel[_n-1]+1 if _n > 1
280.                     replace rel = rel + 1 if rel >= -1
281.                     replace rel = -1 if rel == `abs_lag' + 1
282.                     gen year = rel + 2014
283.                     hashsort rel
284.                     tw rcap ub lb year if year != 2013, lcolor(ebblue%70) msize(vsmall) || ///
>                       scatter b year, mcolor(ebblue) || ///
>                     scatteri `ymax' 2013.75 `ymax' 2014.25 , bcolor(gs12%30) recast(area) base(`ymin') ///
>                       xlab(2010(1)2019, labsize(small)) xtitle("Year") ///
>                       ytitle("Exposure x Post") ylab(`ymin'(0.1)`ymax') ///
>                       subtitle("`grp_label'", pos(11) size(small)) ///
>                       legend(on order(- "Num. PIs: `num_athrs'" "Num. Insts: `num_insts'" "Pre-Period Avg : `pre_mean'") pos(7) ring(1) rows(3) bmargin(zero) size(small)) ///
>                       yline(0, lcolor(gs10) lpattern(solid)) plotregion(margin(sides))
285.                     graph export ../output/figures/`samp'/es_ppml/es_`yvar'`suf'_`grp'`plot_suf'.pdf, replace
286.                     save ../temp/es_`yvar'`suf'_`grp'`plot_suf', replace
287.                     restore
288.                 }
289.             }
290.             }  // close foreach mmethod
291. 
.             * ---- PPML quartile split (inst-weighted + PI-weighted variants) ----
.             * Gated by HET_RUN_QUARTILES; off by default per user request.
.             local qmethods
292.             if "$HET_RUN_QUARTILES" == "1" local qmethods pw
293.             if "$HET_RUN_QUARTILES" == "1" & "$HET_INCLUDE_INSTWTD" == "1" local qmethods inst pw
294.             foreach qmethod of local qmethods {
295.             local quart_all
296.             if "`qmethod'" == "inst" {
297.                 foreach pair of global IC_PAIRS_Q {
298.                     local quart_all `"`quart_all' `"`pair'"' "'
299.                 }
300.                 local st_tag "quart"
301.                 local qplot_suf "_ppml_q_mshrctrl"
302.             }
303.             else {
304.                 foreach pair of global IC_PAIRS_Q_PW {
305.                     local quart_all `"`quart_all' `"`pair'"' "'
306.                 }
307.                 local st_tag "quart_pi"
308.                 local qplot_suf "_ppml_qpi_mshrctrl"
309.             }
310.             * PI-continuous quartiles run under BOTH methods (same dummies
.             * either way) so quart and quart_pi coefplots each fill their
.             * pi panel — mirrors pi_pairs in DUMMY_PAIRS_MED / _MED_PW.
.             foreach pair of global PI_PAIRS_Q {
311.                 local quart_all `"`quart_all' `"`pair'"' "'
312.             }
313.             foreach pair of local quart_all {
314.                 local g1: word 1 of `pair'
315.                 local g2: word 2 of `pair'
316.                 * mid-group name: q4w_<char> -> midw_<char>; q4_<base> -> mid_<base>
.                 if substr("`g1'", 1, 4) == "q4w_" {
317.                     local base = substr("`g1'", 5, .)
318.                     local gm "midw_`base'"
319.                 }
320.                 else {
321.                     local base = substr("`g1'", 4, .)
322.                     local gm "mid_`base'"
323.                 }
324.                 if strpos(" ${HET_GROUPS_ACTIVE} ", " `g1' ") == 0 continue
325.                 if strpos(" ${HET_GROUPS_ACTIVE} ", " `g2' ") == 0 continue
326.                 if strpos(" ${HET_GROUPS_ACTIVE} ", " `gm' ") == 0 continue
327. 
.                 * --- Pooled-DiD PPML with fully-interacted Z and share (Q4/Mid/Q1); posted as "mshrctrl" ---
.                 * [H11] Q1 x post is the omitted base
.                 cap drop Z_`g1' Z_`g2' Z_`gm' S_`g1' S_`g2' S_`gm' PT_`g1' PT_`gm'
328.                 gen Z_`g1' = Z_it       * `g1'
329.                 gen Z_`g2' = Z_it       * `g2'
330.                 gen Z_`gm' = Z_it       * `gm'
331.                 gen S_`g1' = Z_share_it * `g1'
332.                 gen S_`g2' = Z_share_it * `g2'
333.                 gen S_`gm' = Z_share_it * `gm'
334.                 gen PT_`g1' = post * `g1'
335.                 gen PT_`gm' = post * `gm'
336.                 cap noi ppmlhdfe `yvar' Z_`g1' Z_`g2' Z_`gm' S_`g1' S_`g2' S_`gm' PT_`g1' PT_`gm', ///
>                                         absorb(`fes') vce(cluster `vce_cl')
337.                 local rc = _rc
338.                 if `rc' {
339.                     di as error "event_study_het `samp'`suf' `yvar' `g1'/`g2' `st_tag' pooled-DiD int ppml failed (rc=`rc'); skipping pair."
340.                     continue
341.                 }
342.                 local Nppml = e(N)
343.                 local r2ppml = e(r2_p)
344.                 foreach grp in `g1' `g2' {
345.                     gunique athr_id if e(sample) & `grp' == 1
346.                     local num_athrs = r(unique)
347.                     gunique inst_id if e(sample) & `grp' == 1
348.                     local num_insts = r(unique)
349.                     local b_post  = _b[Z_`grp']
350.                     local se_post = _se[Z_`grp']
351.                     di as text "pooled-DiD int PPML `samp'`suf' `yvar' `grp' `st_tag': b=" %8.4f `b_post' ///
>                         " (se=" %8.4f `se_post' ")   N=" %9.0f `Nppml' " PIs=`num_athrs' Insts=`num_insts'"
352.                     post `ph_handle' ("`yvar'") ("`grp'") ("mshrctrl") ("`st_tag'") ///
>                         (`b_post') (`se_post') (.) (.) (`Nppml') (`r2ppml')
353.                 }
354. 
.                 * --- Joint event-study PPML for per-group ES PDFs only (not posted) ---
.                 local mshr_ctrls `mleads_`g1'' `mlags_`g1'' ///
>                                  `mleads_`g2'' `mlags_`g2'' ///
>                                  `mleads_`gm'' `mlags_`gm''
355.                 local plot_suf "`qplot_suf'"
356.                 cap noi ppmlhdfe `yvar' `leads_`g1'' `lags_`g1'' ///
>                                         `leads_`g2'' `lags_`g2'' ///
>                                         `leads_`gm'' `lags_`gm'' ///
>                                         `mshr_ctrls' PT_`g1' PT_`gm', ///
>                                         absorb(`fes') vce(cluster `vce_cl')
357.                 if _rc {
358.                     di as error "event_study_het `samp'`suf' `yvar' `g1'/`g2' `st_tag' joint ES for PDFs failed; skipping ES plots."
359.                     continue
360.                 }
361.                 foreach grp in `g1' `g2' {
362.                     local grp_label = "${LBL_`grp'}"
363.                     if "`grp_label'" == "" local grp_label "`grp'"
364.                     gunique athr_id if e(sample) & `grp' == 1
365.                     local num_athrs = r(unique)
366.                     gunique inst_id if e(sample) & `grp' == 1
367.                     local num_insts = r(unique)
368.                     sum `yvar' if rel <= -1 & e(sample) & `grp' == 1, d
369.                     local pre_mean : dis %4.3f r(mean)
370.                     preserve
371.                     cap mat drop es
372.                     foreach var in `leads_`grp'' `lags_`grp'' int_lead1_`grp' {
373.                         if "`var'" == "int_lead1_`grp'" {
374.                             mat row = 0,0
375.                         }
376.                         else {
377.                             mat row = _b[`var'], _se[`var']
378.                         }
379.                         mat es = nullmat(es) \ row
380.                     }
381.                     svmat es
382.                     keep es1 es2
383.                     drop if mi(es1)
384.                     rename (es1 es2) (b se)
385.                     gen ub = b + 1.96*se
386.                     sum ub, d
387.                     local ymax = round(r(max), 0.1)
388.                     gen lb = b - 1.96*se
389.                     sum lb, d
390.                     local ymin = round(r(min), 0.1)
391.                     if `ymin' > 0 local ymin = 0
392.                     gen rel = -`abs_lead' if _n == 1
393.                     replace rel = rel[_n-1]+1 if _n > 1
394.                     replace rel = rel + 1 if rel >= -1
395.                     replace rel = -1 if rel == `abs_lag' + 1
396.                     gen year = rel + 2014
397.                     hashsort rel
398.                     tw rcap ub lb year if year != 2013, lcolor(ebblue%70) msize(vsmall) || ///
>                       scatter b year, mcolor(ebblue) || ///
>                     scatteri `ymax' 2013.75 `ymax' 2014.25 , bcolor(gs12%30) recast(area) base(`ymin') ///
>                       xlab(2010(1)2019, labsize(small)) xtitle("Year") ///
>                       ytitle("Exposure x Post") ylab(`ymin'(0.1)`ymax') ///
>                       subtitle("`grp_label'", pos(11) size(small)) ///
>                       legend(on order(- "Num. PIs: `num_athrs'" "Num. Insts: `num_insts'" "Pre-Period Avg : `pre_mean'") pos(7) ring(1) rows(3) bmargin(zero) size(small)) ///
>                       yline(0, lcolor(gs10) lpattern(solid)) plotregion(margin(sides))
399.                     graph export ../output/figures/`samp'/es_ppml/es_`yvar'`suf'_`grp'`plot_suf'.pdf, replace
400.                     save ../temp/es_`yvar'`suf'_`grp'`plot_suf', replace
401.                     restore
402.                 }
403.             }
404.             }  // close foreach qmethod
405. 
.             * ---- PPML young x hiw_<char> joint 2x2 for every ic char.
.             * One pooled-DiD interaction fit per char; posts 4 rows per char.
.             foreach a of global IC_ALIASES {
406.                 cap confirm variable y_hi_`a'
407.                 if _rc continue
408.                 foreach grp in y_hi_`a' y_lo_`a' o_hi_`a' o_lo_`a' {
409.                     cap drop Z_`grp' S_`grp' PT_`grp'
410.                     gen Z_`grp' = Z_it       * `grp'
411.                     gen S_`grp' = Z_share_it * `grp'
412.                     gen PT_`grp' = post * `grp'
413.                 }
414.                 * [H11] o_lo x post is the omitted base (the four PTs sum to post)
.                 cap noi ppmlhdfe `yvar' Z_y_hi_`a' Z_y_lo_`a' Z_o_hi_`a' Z_o_lo_`a' ///
>                                         S_y_hi_`a' S_y_lo_`a' S_o_hi_`a' S_o_lo_`a' ///
>                                         PT_y_hi_`a' PT_y_lo_`a' PT_o_hi_`a', ///
>                                         absorb(`fes') vce(cluster `vce_cl')
415.                 if _rc {
416.                     di as error "event_study_het `samp'`suf' `yvar' joint-ae `a' ppml failed; skipping."
417.                     continue
418.                 }
419.                 local Nppml = e(N)
420.                 local r2ppml = e(r2_p)
421.                 foreach grp in y_hi_`a' y_lo_`a' o_hi_`a' o_lo_`a' {
422.                     gunique athr_id if e(sample) & `grp' == 1
423.                     local num_athrs = r(unique)
424.                     gunique inst_id if e(sample) & `grp' == 1
425.                     local num_insts = r(unique)
426.                     local b_post  = _b[Z_`grp']
427.                     local se_post = _se[Z_`grp']
428.                     di as text "joint-ae PPML `samp'`suf' `yvar' `grp': b=" %8.4f `b_post' ///
>                         " (se=" %8.4f `se_post' ")   N=" %9.0f `Nppml' " PIs=`num_athrs' Insts=`num_insts'"
429.                     post `ph_handle' ("`yvar'") ("`grp'") ("mshrctrl") ("joint_ae") ///
>                         (`b_post') (`se_post') (.) (.) (`Nppml') (`r2ppml')
430.                 }
431.                 * Hi-vs-Lo differential per age; SEs via lincom use full VCE.
.                 foreach age in y o {
432.                     cap noi lincom Z_`age'_hi_`a' - Z_`age'_lo_`a'
433.                     if _rc continue
434.                     local b_diff  = r(estimate)
435.                     local se_diff = r(se)
436.                     local p_diff  = r(p)
437.                     di as text "joint-ae DIFF `samp'`suf' `yvar' `age'_`a': b=" %8.4f `b_diff' ///
>                         " (se=" %8.4f `se_diff' ") p=" %6.4f `p_diff'
438.                     post `ph_handle' ("`yvar'") ("`age'_diff_`a'") ("mshrctrl") ("joint_ae_diff") ///
>                         (`b_diff') (`se_diff') (`p_diff') (.) (`Nppml') (`r2ppml')
439.                 }
440.             }
441. 
.             * ---- PPML joint 2x2 for each PI-split axis (baseline productivity,
.             * coauthors) crossed with each inst char. One fit per (axis, char).
.             foreach axis of global PI_CHAR_ALIASES {
442.                 local hp "${PI_CHAR_HIPFX_`axis'}"
443.                 local lp "${PI_CHAR_LOPFX_`axis'}"
444.                 foreach a of global IC_ALIASES {
445.                     cap confirm variable `hp'_hi_`a'
446.                     if _rc continue
447.                     foreach grp in `hp'_hi_`a' `hp'_lo_`a' `lp'_hi_`a' `lp'_lo_`a' {
448.                         cap drop Z_`grp' S_`grp' PT_`grp'
449.                         gen Z_`grp' = Z_it       * `grp'
450.                         gen S_`grp' = Z_share_it * `grp'
451.                         gen PT_`grp' = post * `grp'
452.                     }
453.                     * [H11] `lp'_lo x post is the omitted base
.                     cap noi ppmlhdfe `yvar' ///
>                         Z_`hp'_hi_`a' Z_`hp'_lo_`a' Z_`lp'_hi_`a' Z_`lp'_lo_`a' ///
>                         S_`hp'_hi_`a' S_`hp'_lo_`a' S_`lp'_hi_`a' S_`lp'_lo_`a' ///
>                         PT_`hp'_hi_`a' PT_`hp'_lo_`a' PT_`lp'_hi_`a', ///
>                         absorb(`fes') vce(cluster `vce_cl')
454.                     if _rc {
455.                         di as error "event_study_het `samp'`suf' `yvar' joint-ae-`axis' `a' ppml failed; skipping."
456.                         continue
457.                     }
458.                     local Nppml = e(N)
459.                     local r2ppml = e(r2_p)
460.                     foreach grp in `hp'_hi_`a' `hp'_lo_`a' `lp'_hi_`a' `lp'_lo_`a' {
461.                         gunique athr_id if e(sample) & `grp' == 1
462.                         local num_athrs = r(unique)
463.                         gunique inst_id if e(sample) & `grp' == 1
464.                         local num_insts = r(unique)
465.                         local b_post  = _b[Z_`grp']
466.                         local se_post = _se[Z_`grp']
467.                         di as text "joint-ae-`axis' PPML `samp'`suf' `yvar' `grp': b=" %8.4f `b_post' ///
>                             " (se=" %8.4f `se_post' ")   N=" %9.0f `Nppml' " PIs=`num_athrs' Insts=`num_insts'"
468.                         post `ph_handle' ("`yvar'") ("`grp'") ("mshrctrl") ("joint_ae_`axis'") ///
>                             (`b_post') (`se_post') (.) (.) (`Nppml') (`r2ppml')
469.                     }
470.                     * Within-tier hp-vs-lp: low-res row is the thin cell that would carry the reversal claim.
.                     foreach side in hi lo {
471.                         cap noi lincom Z_`hp'_`side'_`a' - Z_`lp'_`side'_`a'
472.                         if _rc continue
473.                         local b_diff  = r(estimate)
474.                         local se_diff = r(se)
475.                         local t_diff  = cond(`se_diff' > 0, `b_diff'/`se_diff', .)
476.                         local p_diff  = r(p)
477.                         local ci_l    = r(lb)
478.                         local ci_h    = r(ub)
479.                         di as text "joint-ae-`axis' DIFF `samp'`suf' `yvar' `side'res_`a' (`hp'-`lp'): " ///
>                             "b=" %8.4f `b_diff' " se=" %8.4f `se_diff' ///
>                             " t=" %6.2f `t_diff' " p=" %6.4f `p_diff' ///
>                             " CI95=[" %6.3f `ci_l' "," %6.3f `ci_h' "]"
480.                         post `ph_handle' ("`yvar'") ("`side'res_diff_`a'") ("mshrctrl") ("joint_ae_`axis'_diff") ///
>                             (`b_diff') (`se_diff') (`p_diff') (.) (`Nppml') (`r2ppml')
481.                     }
482.                 }
483.             }
484. 
.             * ---- Age x baseline-productivity 2x2 (no inst char). One PPML,
.             * four subgroup coefficients. Posts split_type = "joint_agepr".
.             cap confirm variable y_hp
485.             if !_rc {
486.                 foreach grp in y_hp y_lp o_hp o_lp {
487.                     cap drop Z_`grp' S_`grp' PT_`grp'
488.                     gen Z_`grp' = Z_it       * `grp'
489.                     gen S_`grp' = Z_share_it * `grp'
490.                     gen PT_`grp' = post * `grp'
491.                 }
492.                 * [H11] o_lp x post is the omitted base
.                 cap noi ppmlhdfe `yvar' Z_y_hp Z_y_lp Z_o_hp Z_o_lp ///
>                                         S_y_hp S_y_lp S_o_hp S_o_lp ///
>                                         PT_y_hp PT_y_lp PT_o_hp, ///
>                                         absorb(`fes') vce(cluster `vce_cl')
493.                 if _rc {
494.                     di as error "event_study_het `samp'`suf' `yvar' joint-agepr ppml failed; skipping."
495.                 }
496.                 else {
497.                     local Nppml = e(N)
498.                     local r2ppml = e(r2_p)
499.                     foreach grp in y_hp y_lp o_hp o_lp {
500.                         gunique athr_id if e(sample) & `grp' == 1
501.                         local num_athrs = r(unique)
502.                         gunique inst_id if e(sample) & `grp' == 1
503.                         local num_insts = r(unique)
504.                         local b_post  = _b[Z_`grp']
505.                         local se_post = _se[Z_`grp']
506.                         di as text "joint-agepr PPML `samp'`suf' `yvar' `grp': b=" %8.4f `b_post' ///
>                             " (se=" %8.4f `se_post' ")   N=" %9.0f `Nppml' " PIs=`num_athrs' Insts=`num_insts'"
507.                         post `ph_handle' ("`yvar'") ("`grp'") ("mshrctrl") ("joint_agepr") ///
>                             (`b_post') (`se_post') (.) (.) (`Nppml') (`r2ppml')
508.                     }
509.                 }
510.             }
511. 
.         }
512.         postclose `ph_handle'
513. 
.         * pdid binscatter + coefplot for this yvar, so PDFs land continuously
.         if strpos(" `ppml_het_skip' ", " `yvar' ") == 0 {
514.             cap noi ppml_pdid_het_binscatter, samp(`samp') r1r2(`r1r2') public(`public') r1_only(`r1_only') yvar(`yvar')
515.         }
516.         cap noi ppml_het_coefplot, samp(`samp') r1r2(`r1r2') public(`public') r1_only(`r1_only') yvar(`yvar')
517.     }
518. 
.     * Combine per-yvar phet_results files into master (consumed by output_het_tables).
.     preserve
519.     clear
520.     foreach yvar of local yvar_list {
521.         cap append using ../temp/phet_results_`samp'`suf'_`yvar'
522.     }
523.     save ../temp/phet_results_`samp'`suf', replace
524.     restore
525. end

. 
. program ppml_pdid_het_binscatter
  1.     * Joint PPML pooled-DiD FWL binscatter of `yvar' on Z_it, mshr partialled.
.     * Fit ppmlhdfe on FULL sample with fully-interacted Z and share, then
.     * residualize _z_work and Z_grp against the sibling group + shares + FEs.
.     * On grp==1 rows the sibling interactions are 0 so FWL slope = _b[Z_grp].
.     * NOTE: residualization runs on the full sample while the plot keeps
.     * grp==1 rows, so the binned slope approximates the (exactly displayed)
.     * joint-fit coefficient.
.     syntax, samp(string) [, r1r2(int 0) public(int 0) r1_only(int 0) yvar(string)]
  2.     if "`yvar'" == "" local yvar ppr_cnt
  3.     local fes athr_id year
  4.     local vce_cl athr_id
  5.     if "$FE_MODE" == "inst_cluster" {
  6.         local fes inst_id cluster_30 year
  7.         local vce_cl inst_id
  8.     }
  9.     if "$FE_MODE" == "inst_cluster_fldyr" {
 10.         local fes inst_id i.cluster_30#i.year
 11.         local vce_cl inst_id
 12.     }
 13.     local suf ""
 14.     if (`r1r2' == 1 & `public' == 0 & `r1_only' == 0) local suf "_r1_r2"
 15.     if (`r1r2' == 1 & `public' == 1 & `r1_only' == 0) local suf "_r1_r2_public"
 16.     if (`r1_only' == 1 & `public' == 0) local suf "_r1"
 17.     if (`r1_only' == 1 & `public' == 1) local suf "_r1_public"
 18.     cap mkdir "../output/figures/`samp'/ppml_pdid_het_bs"
 19. 
.     * [H9] y-axis label per outcome (was hard-coded "Publications")
.     local bs_lbl "`yvar'"
 20.     if "`yvar'" == "ppr_cnt"           local bs_lbl "Publications"
 21.     if "`yvar'" == "cite_affl_wt"      local bs_lbl "Citation-Weighted Output"
 22.     if "`yvar'" == "avg_num_coathrs"   local bs_lbl "Coauthors"
 23.     if "`yvar'" == "n_grants"          local bs_lbl "Active NIH Research Grants"
 24.     if "`yvar'" == "n_new_grants"      local bs_lbl "New NIH Research Grants"
 25.     if "`yvar'" == "nih_total_cost"    local bs_lbl "NIH Award Dollars"
 26.     if "`yvar'" == "n_middle_ppr"      local bs_lbl "Middle-Author Papers"
 27. 
.     local dummy_pairs `" "young old" "young_nih old_nih" "r1 r2" "pub_inst priv_inst" "high_pre_ppr low_pre_ppr" "big_team small_team" "high_nihg low_nihg" "high_nihd low_nihd" ${IC_PAIRS_MED_PW} "'
 28.     if "$HET_INCLUDE_INSTWTD" == "1" local dummy_pairs `" `dummy_pairs' ${IC_PAIRS_MED} "'
 29. 
.     * Load panel once; per-pair vars are cap-dropped and rebuilt in place.
.     preserve
 30.         use ../temp/es_`samp'`suf', clear
 31.         gen post       = year >= 2014
 32.         gen Z_it       = exposure      * post
 33.         gen Z_share_it = mkt_spend_shr * post
 34. 
.         foreach pair of local dummy_pairs {
 35.             local g1 : word 1 of `pair'
 36.             local g2 : word 2 of `pair'
 37. 
.             * HET_GROUPS_ACTIVE (set by event_study_het before this is called)
.             * screens missing AND degenerate dummies — a no-obs group would
.             * crash binscatter and abort the remaining pairs.
.             if strpos(" ${HET_GROUPS_ACTIVE} ", " `g1' ") == 0 continue
 38.             if strpos(" ${HET_GROUPS_ACTIVE} ", " `g2' ") == 0 continue
 39. 
.             * one at a time — a `drop' list is all-or-nothing, and a missing
.             * Z_<grp> would leave _mu/_dvar alive to crash d() below
.             foreach v in Z_`g1' Z_`g2' S_`g1' S_`g2' PT_`g1' _mu _z_work _dvar _fwlw _y_r _Z_r {
 40.                 cap drop `v'
 41.             }
 42.             gen Z_`g1' = Z_it       * `g1'
 43.             gen Z_`g2' = Z_it       * `g2'
 44.             gen S_`g1' = Z_share_it * `g1'
 45.             gen S_`g2' = Z_share_it * `g2'
 46.             gen PT_`g1' = post * `g1'
 47. 
.             * [H11] PT matches the posted pooled-DiD spec so displayed beta agrees
.             cap noi ppmlhdfe `yvar' Z_`g1' Z_`g2' S_`g1' S_`g2' PT_`g1', ///
>                     absorb(`fes') vce(cluster `vce_cl') d(_dvar)
 48.             local rc = _rc
 49.             if `rc' {
 50.                 di as error "ppml_pdid_het_bs `samp'`suf' `yvar' `g1'/`g2' joint failed (rc=`rc'); skipping pair."
 51.                 continue
 52.             }
 53.             local b_`g1'  = _b[Z_`g1']
 54.             local se_`g1' = _se[Z_`g1']
 55.             local b_`g2'  = _b[Z_`g2']
 56.             local se_`g2' = _se[Z_`g2']
 57. 
.             * IRLS working response + FWL weight from the joint fit.
.             predict double _mu, mu
 58.             gen double _z_work = ln(_mu) + (`yvar' - _mu)/_mu if !mi(_mu) & _mu > 0
 59.             gen double _fwlw = _mu if !mi(_mu) & _mu > 0
 60. 
.             foreach grp in `g1' `g2' {
 61.                 local other = cond("`grp'" == "`g1'", "`g2'", "`g1'")
 62. 
.                 foreach v in _y_r _Z_r {
 63.                     cap drop `v'
 64.                 }
 65.                 cap noi qui reghdfe _z_work Z_`other' S_`g1' S_`g2' PT_`g1' if !mi(_fwlw) [pw=_fwlw], ///
>                         absorb(`fes') residuals(_y_r)
 66.                 if _rc == 0 cap noi qui reghdfe Z_`grp' Z_`other' S_`g1' S_`g2' PT_`g1' if !mi(_fwlw) [pw=_fwlw], ///
>                         absorb(`fes') residuals(_Z_r)
 67.                 if _rc {
 68.                     di as error "ppml_pdid_het_bs FWL `grp' failed; skipping plot."
 69.                     continue
 70.                 }
 71.                 gunique athr_id if `grp' == 1 & !mi(_y_r) & !mi(_Z_r)
 72.                 local n_pis = r(unique)
 73.                 gunique inst_id if `grp' == 1 & !mi(_y_r) & !mi(_Z_r)
 74.                 local n_insts = r(unique)
 75.                 local b_str  : dis %7.3f `b_`grp''
 76.                 local se_str : dis %7.3f `se_`grp''
 77.                 binscatter _y_r _Z_r [aw=_fwlw] if `grp' == 1 & !mi(_y_r) & !mi(_Z_r), n(30) ///
>                     xtitle("Exposure x Post") ///
>                     ytitle("{&Delta} Log Expected `bs_lbl'") ///
>                     xlab(-0.06(0.015)0.06, format(%5.3f)) ///
>                     msymbol(O) mcolor(ebblue) ///
>                     note("Num. PIs: `n_pis'   Num. Insts: `n_insts'" "{&beta} = `b_str' (SE: `se_str')", size(small) pos(7) ring(1) justification(left)) ///
>                     plotregion(margin(sides))
 78.                 graph export ///
>                     ../output/figures/`samp'/ppml_pdid_het_bs/ppml_pdid_`yvar'_`grp'_mshrctrl`suf'.pdf, ///
>                     replace
 79.             }
 80.         }
 81.     restore
 82. end

. 
. program desc_pre_output_by_age
  1.     * PI-level pre-period research-output densities, young vs old.
.     * Log-scale and raw (x capped at pooled p95) overlays per outcome.
.     syntax, samp(string) [, r1r2(int 0) public(int 0) r1_only(int 0)]
  2.     local suf ""
  3.     if (`r1r2' == 1 & `public' == 0 & `r1_only' == 0) local suf "_r1_r2"
  4.     if (`r1r2' == 1 & `public' == 1 & `r1_only' == 0) local suf "_r1_r2_public"
  5.     if (`r1_only' == 1 & `public' == 0) local suf "_r1"
  6.     if (`r1_only' == 1 & `public' == 1) local suf "_r1_public"
  7.     cap mkdir "../output/figures/`samp'"
  8. 
.     use ../temp/es_`samp'`suf', clear
  9.     keep if year < 2014
 10.     qui sum year
 11.     local y0 = r(min)
 12.     local y1 = r(max)
 13. 
.     * Productivity: total pre-period papers and papers per pre-period year.
.     * Citations and authorship-position counts ride along as totals.
.     local sum_src   ppr_cnt cite_affl_wt n_first_ppr n_last_ppr
 14.     local sum_alias ppr_tot cite         first       last
 15.     local mean_src   ppr_cnt
 16.     local mean_alias ppr_yr
 17.     local lbl_ppr_tot "Total Papers"
 18.     local lbl_ppr_yr  "Papers per Year"
 19.     local lbl_cite    "Affiliation-Weighted Citations"
 20.     local lbl_first   "First-Authored Papers"
 21.     local lbl_last    "Last-Authored Papers"
 22.     local fmt_ppr_tot %6.1f
 23.     local fmt_ppr_yr  %5.2f
 24.     local fmt_cite    %8.1f
 25.     local fmt_first   %6.1f
 26.     local fmt_last    %6.1f
 27. 
.     local coll_sum
 28.     local coll_mean
 29.     local keep_alias
 30.     foreach stat in sum mean {
 31.         local nsrc : word count ``stat'_src'
 32.         forvalues i = 1/`nsrc' {
 33.             local src : word `i' of ``stat'_src'
 34.             local a   : word `i' of ``stat'_alias'
 35.             cap confirm variable `src'
 36.             if _rc {
 37.                 di as error "desc_pre_output_by_age `samp'`suf': `src' not in panel -- `a' density SKIPPED."
 38.                 continue
 39.             }
 40.             local coll_`stat' `coll_`stat'' pre_`a'=`src'
 41.             local keep_alias `keep_alias' `a'
 42.         }
 43.     }
 44.     if "`keep_alias'" == "" {
 45.         di as error "desc_pre_output_by_age `samp'`suf': no outcomes available -- nothing plotted."
 46.         exit
 47.     }
 48.     local coll_sum_part = cond("`coll_sum'" == "", "", "(sum) `coll_sum'")
 49.     local coll_mean_part = cond("`coll_mean'" == "", "", "(mean) `coll_mean'")
 50. 
.     egen long inst_num = group(inst_id)
 51.     gcollapse `coll_sum_part' `coll_mean_part' (firstnm) young inst_num, by(athr_id)
 52.     drop if mi(young)
 53. 
.     qui count if young == 1
 54.     local n_y = r(N)
 55.     qui count if young == 0
 56.     local n_o = r(N)
 57.     di as text _n "desc_pre_output_by_age `samp'`suf': pre-period = `y0'-`y1', N young = `n_y', N old = `n_o'"
 58. 
.     foreach a of local keep_alias {
 59.         local f "`fmt_`a''"
 60.         qui sum pre_`a' if young == 1, d
 61.         local mu_y = strtrim(string(r(mean), "`f'"))
 62.         local md_y = strtrim(string(r(p50),  "`f'"))
 63.         qui sum pre_`a' if young == 0, d
 64.         local mu_o = strtrim(string(r(mean), "`f'"))
 65.         local md_o = strtrim(string(r(p50),  "`f'"))
 66.         local leg_y "Early-Career: mean=`mu_y', p50=`md_y', N=`n_y'"
 67.         local leg_o "Late-Career: mean=`mu_o', p50=`md_o', N=`n_o'"
 68.         di as text "  `a': young mean=`mu_y' p50=`md_y' | old mean=`mu_o' p50=`md_o'"
 69.         cap noi ksmirnov pre_`a', by(young)
 70.         qui reg pre_`a' young, vce(cluster inst_num)
 71.         di as text "  `a': young-old diff = " %8.3f _b[young] " (se " %8.3f _se[young] ")"
 72. 
.         gen double ln_pre_`a' = ln(1 + pre_`a')
 73.         tw kdensity ln_pre_`a' if young == 1, lcolor(ebblue) lwidth(medthick) || ///
>            kdensity ln_pre_`a' if young == 0, lcolor(dkorange) lwidth(medthick) ///
>            , xtitle("ln(1 + Pre-Period `lbl_`a'', `y0'-`y1')") ytitle("Density") ///
>              legend(order(1 "`leg_y'" 2 "`leg_o'") ///
>                     pos(2) ring(0) rows(2) size(small)) ///
>              plotregion(margin(sides))
 74.         graph export ../output/figures/`samp'/desc_kd_pre_`a'_ln`suf'.pdf, replace
 75. 
.         qui sum pre_`a', d
 76.         local xcap = r(p95)
 77.         tw kdensity pre_`a' if young == 1 & pre_`a' <= `xcap', lcolor(ebblue) lwidth(medthick) || ///
>            kdensity pre_`a' if young == 0 & pre_`a' <= `xcap', lcolor(dkorange) lwidth(medthick) ///
>            , xtitle("Pre-Period `lbl_`a'', `y0'-`y1' (x capped at pooled p95)") ytitle("Density") ///
>              legend(order(1 "`leg_y'" 2 "`leg_o'") ///
>                     pos(2) ring(0) rows(2) size(small)) ///
>              plotregion(margin(sides))
 78.         graph export ../output/figures/`samp'/desc_kd_pre_`a'_raw`suf'.pdf, replace
 79.     }
 80. 
.     save ../temp/desc_pre_output_`samp'`suf', replace
 81. end

. 
. program output_het_tables
  1.     syntax, samp(string) [, r1r2(int 0) public(int 0) r1_only(int 0)]
  2.     local suf ""
  3.     if (`r1r2' == 1 & `public' == 0 & `r1_only' == 0) local suf "_r1_r2"
  4.     if (`r1r2' == 1 & `public' == 1 & `r1_only' == 0) local suf "_r1_r2_public"
  5.     if (`r1_only' == 1 & `public' == 0) local suf "_r1"
  6.     if (`r1_only' == 1 & `public' == 1) local suf "_r1_public"
  7.     cap mkdir ../output/tables
  8.     cap mkdir ../output/tables/`samp'
  9. 
.     cap confirm file "../temp/phet_results_`samp'`suf'.dta"
 10.     if !_rc {
 11.         preserve
 12.         use "../temp/phet_results_`samp'`suf'.dta", clear
 13.         export delimited using "../output/tables/`samp'/phet_results`suf'.txt", replace delim(tab)
 14.         restore
 15.     }
 16. end

. 
. program ppml_het_coefplot
  1.     * Three panels per yvar (pi / ic_fund / ic_expx).
.     * If yvar() is supplied, plot only that outcome; otherwise loop all.
.     syntax, samp(string) [, r1r2(int 0) public(int 0) r1_only(int 0) yvar(string)]
  2.     local suf ""
  3.     if (`r1r2' == 1 & `public' == 0 & `r1_only' == 0) local suf "_r1_r2"
  4.     if (`r1r2' == 1 & `public' == 1 & `r1_only' == 0) local suf "_r1_r2_public"
  5.     if (`r1_only' == 1 & `public' == 0) local suf "_r1"
  6.     if (`r1_only' == 1 & `public' == 1) local suf "_r1_public"
  7. 
.     * When called inline per-yvar, read the per-yvar postfile; otherwise the combined master.
.     if "`yvar'" != "" {
  8.         local resfile "../temp/phet_results_`samp'`suf'_`yvar'.dta"
  9.     }
 10.     else {
 11.         local resfile "../temp/phet_results_`samp'`suf'.dta"
 12.     }
 13.     cap confirm file "`resfile'"
 14.     if _rc {
 15.         di as error "ppml_het_coefplot: `resfile' not found -- skipping"
 16.         exit 0
 17.     }
 18. 
.     local ppml_het_yvars ppr_cnt cite_affl_wt avg_num_coathrs ///
>                         n_grants n_new_grants nih_total_cost ///
>                         n_middle_ppr
 19.     if "`yvar'" != "" local ppml_het_yvars `yvar'
 20. 
.     local ic_fund_aliases tfnd lsf
 21.     local ic_expx_aliases endow
 22.     if $HET_IC_FULL == 1 {
 23.         local ic_fund_aliases contr fdlsb fdls fdlsh gntsf hhlsb hhls hhlsh nflsb nfls nflsh subrf busf fedf tfnd instf nonpf statf lsf hsf biof
 24.         local ic_expx_aliases applx apfx basx bfx clinx devx lscx medx endow
 25.     }
 26. 
.     * joint_ae_<axis> types track PI_CHAR_ALIASES so dropping an axis there
.     * removes its coefplot too.
.     local axis_sts
 27.     foreach axis of global PI_CHAR_ALIASES {
 28.         local axis_sts `axis_sts' joint_ae_`axis'
 29.     }
 30.     local st_list med_pi joint_ae `axis_sts' joint_agepr
 31.     if "$HET_INCLUDE_INSTWTD" == "1" local st_list med `st_list'
 32.     if "$HET_RUN_QUARTILES" == "1" {
 33.         local st_list `st_list' quart_pi
 34.         if "$HET_INCLUDE_INSTWTD" == "1" local st_list `st_list' quart
 35.     }
 36.     foreach st of local st_list {
 37.         if "`st'" == "joint_ae" | "`st'" == "joint_agepr" | strpos("`st'", "joint_ae_") == 1 {
 38.             * Custom paired rendering used instead of the standard panel loop.
.             * Leaving all groups empty causes the standard loop to skip.
.             local groups_pi
 39.             local groups_ic_fund
 40.             local groups_ic_expx
 41.         }
 42.         else if "`st'" == "med" {
 43.             local groups_pi     young old young_nih old_nih r1 r2 pub_inst priv_inst ///
>                                 high_pre_ppr low_pre_ppr ///
>                                 big_team small_team ///
>                                 high_nihg low_nihg high_nihd low_nihd
 44.             local groups_ic_fund
 45.             foreach a of local ic_fund_aliases {
 46.                 local groups_ic_fund `groups_ic_fund' hi_`a' lo_`a'
 47.             }
 48.             local groups_ic_expx
 49.             foreach a of local ic_expx_aliases {
 50.                 local groups_ic_expx `groups_ic_expx' hi_`a' lo_`a'
 51.             }
 52.         }
 53.         else if "`st'" == "med_pi" {
 54.             * PI-weighted inst-char medians. PI-level splits are the same
.             * variables as under med so they render in the pi panel too.
.             local groups_pi     young old young_nih old_nih r1 r2 pub_inst priv_inst ///
>                                 high_pre_ppr low_pre_ppr ///
>                                 big_team small_team ///
>                                 high_nihg low_nihg high_nihd low_nihd
 55.             local groups_ic_fund
 56.             foreach a of local ic_fund_aliases {
 57.                 local groups_ic_fund `groups_ic_fund' hiw_`a' low_`a'
 58.             }
 59.             local groups_ic_expx
 60.             foreach a of local ic_expx_aliases {
 61.                 local groups_ic_expx `groups_ic_expx' hiw_`a' low_`a'
 62.             }
 63.         }
 64.         else if "`st'" == "quart" {
 65.             local groups_pi
 66.             foreach b of global PI_Q_BASES {
 67.                 local groups_pi `groups_pi' q4_`b' q1_`b'
 68.             }
 69.             local groups_ic_fund
 70.             foreach a of local ic_fund_aliases {
 71.                 local groups_ic_fund `groups_ic_fund' q4_`a' q1_`a'
 72.             }
 73.             local groups_ic_expx
 74.             foreach a of local ic_expx_aliases {
 75.                 local groups_ic_expx `groups_ic_expx' q4_`a' q1_`a'
 76.             }
 77.         }
 78.         else {
 79.             * quart_pi -- PI-weighted quartiles for inst chars, PI-continuous
.             * quartiles for PI bases.
.             local groups_pi
 80.             foreach b of global PI_Q_BASES {
 81.                 local groups_pi `groups_pi' q4_`b' q1_`b'
 82.             }
 83.             local groups_ic_fund
 84.             foreach a of local ic_fund_aliases {
 85.                 local groups_ic_fund `groups_ic_fund' q4w_`a' q1w_`a'
 86.             }
 87.             local groups_ic_expx
 88.             foreach a of local ic_expx_aliases {
 89.                 local groups_ic_expx `groups_ic_expx' q4w_`a' q1w_`a'
 90.             }
 91.         }
 92. 
.         foreach spec_tag in mshrctrl {
 93.             local spec_folder = cond($HET_IC_FULL == 1, "coefplot_evavg_full", "coefplot_evavg")
 94.             cap mkdir "../output/figures/`samp'/`spec_folder'"
 95. 
.         * Combined panel stacks pi + ic_fund + ic_expx so the paper can show
.         * one coefplot per (yvar, spec, st) instead of three per-panel PDFs.
.         local groups_all `groups_pi' `groups_ic_fund' `groups_ic_expx'
 96.         foreach panel in pi ic_fund ic_expx all {
 97.             local groups `groups_`panel''
 98.             local n_groups : word count `groups'
 99.             if `n_groups' == 0 continue
100. 
.             foreach yv of local ppml_het_yvars {
101.                 preserve
102.                 use "`resfile'", clear
103.                 keep if yvar == "`yv'" & split_type == "`st'" & spec == "`spec_tag'"
104.                 if _N == 0 {
105.                     restore
106.                     continue
107.                 }
108. 
.                 * Groups come in high/low pairs; add a gap between pairs so
.                 * each pair reads as one block.
.                 local pair_gap 0.7
109.                 local npairs = ceil(`n_groups'/2)
110.                 gen double y = .
111.                 local ylabs ""
112.                 local i = 0
113.                 foreach g of local groups {
114.                     local ++i
115.                     local pair = int((`i'-1)/2)
116.                     local ypos = (`n_groups' - `i') + (`npairs' - 1 - `pair')*`pair_gap' + 1
117.                     qui replace y = `ypos' if grp == "`g'"
118.                     local lbl = "${LBL_`g'}"
119.                     if "`lbl'" == "" local lbl "`g'"
120.                     if length("`lbl'") > 40 local lbl = substr("`lbl'", 1, 37) + "..."
121.                     local ylabs `"`ylabs' `ypos' "`lbl'""'
122.                 }
123.                 drop if mi(y) | mi(post_b)
124.                 if _N == 0 {
125.                     restore
126.                     continue
127.                 }
128.                 gen ub = post_b + 1.96*post_se
129.                 gen lb = post_b - 1.96*post_se
130. 
.                 qui sum lb
131.                 local xmin = floor(r(min)/0.5)*0.5
132.                 qui sum ub
133.                 local xmax = ceil(r(max)/0.5)*0.5
134. 
.                 * Adaptive canvas: bigger for more rows. Matches old reduced_form format.
.                 local ysize 6
135.                 if `n_groups' > 20 local ysize 10
136.                 if `n_groups' > 40 local ysize 14
137.                 * Grow the canvas by the added inter-pair whitespace.
.                 local ysize = round(`ysize' * (`n_groups' + (`npairs'-1)*`pair_gap')/`n_groups', 0.1)
138.                 local labsize small
139.                 if `n_groups' > 20 local labsize vsmall
140. 
.                 tw rcap ub lb y, horizontal lcolor(ebblue%70) msize(vsmall) || ///
>                    scatter y post_b, mcolor(ebblue) msize(small) ///
>                    , xline(0, lcolor(gs10) lpattern(solid)) ///
>                      ylabel(`ylabs', angle(0) labsize(`labsize') noticks nogrid) ///
>                      ytitle("") xtitle("Exposure x Post", size(small)) ///
>                      xlabel(`xmin'(0.5)`xmax', labsize(small)) ///
>                      legend(off) ///
>                      ysize(`ysize') xsize(7) ///
>                      yscale(range(0.9 .)) ///
>                      plotregion(margin(l=zero r=zero b=zero t=vsmall))
141.                 graph export ///
>                     "../output/figures/`samp'/`spec_folder'/ppml_het_coefplot_`yv'_`st'_`panel'`suf'.pdf", ///
>                     replace
142.                 di as text "wrote ../output/figures/`samp'/`spec_folder'/ppml_het_coefplot_`yv'_`st'_`panel'`suf'.pdf"
143.                 restore
144.             }
145.         }
146. 
.         * ----- Custom paired coefplot: inst chars on y-axis (High/Low rows),
.         *       one blue + one orange marker per row. Splitting axis and
.         *       prefix widths depend on `st':
.         *         joint_ae         -- age (1-char y/o prefix)
.         *         joint_ae_<axis>  -- PI split (2-char hp/lp or mc/fc prefix)
.         if "`st'" == "joint_ae" | strpos("`st'", "joint_ae_") == 1 {
147.             if "`st'" == "joint_ae" {
148.                 local pfx_len   1
149.                 local hi_pfx    y
150.                 local lo_pfx    o
151.                 local hi_leg    "Early-Career"
152.                 local lo_leg    "Late-Career"
153.                 local filename_stem joint_ae_paired
154.             }
155.             else {
156.                 local axis : subinstr local st "joint_ae_" "", all
157.                 local pfx_len   2
158.                 local hi_pfx    "${PI_CHAR_HIPFX_`axis'}"
159.                 local lo_pfx    "${PI_CHAR_LOPFX_`axis'}"
160.                 local hi_leg    "${PI_CHAR_HILEG_`axis'}"
161.                 local lo_leg    "${PI_CHAR_LOLEG_`axis'}"
162.                 local filename_stem "joint_ae_`axis'_paired"
163.             }
164.             local hilo_pos = `pfx_len' + 2
165.             local char_pos = `pfx_len' + 5
166.             foreach yv of local ppml_het_yvars {
167.                 preserve
168.                 use "`resfile'", clear
169.                 keep if yvar == "`yv'" & split_type == "`st'" & spec == "`spec_tag'"
170.                 if _N == 0 {
171.                     restore
172.                     continue
173.                 }
174.                 gen str2  pfx_c  = substr(grp, 1, `pfx_len')
175.                 gen str2  hilo_c = substr(grp, `hilo_pos', 2)
176.                 gen str12 char_c = substr(grp, `char_pos', .)
177.                 gen byte  is_hi_side = (pfx_c == "`hi_pfx'")
178.                 gen char_idx = .
179.                 local ii = 0
180.                 foreach a of global IC_ALIASES {
181.                     local ++ii
182.                     qui replace char_idx = `ii' if char_c == "`a'"
183.                 }
184.                 qui drop if mi(char_idx)
185.                 if _N == 0 {
186.                     restore
187.                     continue
188.                 }
189.                 qui sum char_idx
190.                 local nchars = r(max)
191.                 * Row layout: within-pair (blue+orange same hi/lo) 0.6;
.                 * between hi-row and lo-row of same char = 0.8; between
.                 * chars = 1.2. Base spacing 3.2 per char.
.                 gen double y_group = (`nchars' + 1 - char_idx) * 3.2
192.                 gen double y_pos   = y_group ///
>                     + cond(hilo_c == "hi" & is_hi_side == 1,  1.0, ///
>                       cond(hilo_c == "hi" & is_hi_side == 0,  0.4, ///
>                       cond(hilo_c == "lo" & is_hi_side == 1, -0.4, -1.0)))
193.                 gen ub = post_b + 1.96*post_se
194.                 gen lb = post_b - 1.96*post_se
195. 
.                 local ylabs
196.                 forvalues i = 1/`nchars' {
197.                     qui levelsof char_c if char_idx == `i', local(cname) clean
198.                     local clbl = "${LBL_ic_`cname'}"
199.                     if "`clbl'" == "" local clbl "`cname'"
200.                     local base = (`nchars' + 1 - `i') * 3.2
201.                     local pos_hi = `base' + 1.0
202.                     local pos_lo = `base' - 0.4
203.                     local ylabs `"`ylabs' `pos_hi' "High `clbl'""'
204.                     local ylabs `"`ylabs' `pos_lo' "Low `clbl'""'
205.                 }
206. 
.                 qui sum lb
207.                 local xmin = floor(r(min)/0.5)*0.5
208.                 qui sum ub
209.                 local xmax = ceil(r(max)/0.5)*0.5
210. 
.                 tw rcap ub lb y_pos if is_hi_side == 1, horizontal lcolor(ebblue%70) msize(vsmall)   || ///
>                    scatter y_pos post_b if is_hi_side == 1, mcolor(ebblue) msize(small)              || ///
>                    rcap ub lb y_pos if is_hi_side == 0, horizontal lcolor(dkorange%70) msize(vsmall) || ///
>                    scatter y_pos post_b if is_hi_side == 0, mcolor(dkorange) msymbol(D) msize(small) ///
>                    , xline(0, lcolor(gs10) lpattern(solid)) ///
>                      ylabel(`ylabs', angle(0) labsize(small) noticks nogrid) ///
>                      ytitle("") xtitle("Exposure x Post", size(small)) ///
>                      xlabel(`xmin'(0.5)`xmax', labsize(small)) ///
>                      legend(order(2 "`hi_leg'" 4 "`lo_leg'") pos(6) ring(1) rows(1) span size(small)) ///
>                      ysize(`=max(8, `nchars'*1.6)') xsize(9) ///
>                      yscale(range(2.1 .)) ///
>                      plotregion(margin(l=zero r=zero b=zero t=vsmall))
211.                 graph export ///
>                     "../output/figures/`samp'/`spec_folder'/ppml_het_coefplot_`yv'_`filename_stem'`suf'.pdf", ///
>                     replace
212.                 di as text "wrote `filename_stem' coefplot for `yv' `spec_tag'"
213.                 restore
214.             }
215.         }
216. 
.         * ----- Age x baseline-productivity 2x2 (no inst char).
.         *       Two rows: High Baseline Productivity / Low Baseline Productivity.
.         *       Blue = Early-Career, Orange = Late-Career.
.         if "`st'" == "joint_agepr" {
217.             foreach yv of local ppml_het_yvars {
218.                 preserve
219.                 use "`resfile'", clear
220.                 keep if yvar == "`yv'" & split_type == "joint_agepr" & spec == "`spec_tag'"
221.                 if _N == 0 {
222.                     restore
223.                     continue
224.                 }
225.                 gen byte is_young = (substr(grp, 1, 1) == "y")
226.                 gen str2 pr_c    = substr(grp, 3, 2)
227.                 gen double y_pos = cond(pr_c == "hp",  2, 1) ///
>                                    + cond(is_young == 1,  0.3, -0.3)
228.                 gen ub = post_b + 1.96*post_se
229.                 gen lb = post_b - 1.96*post_se
230. 
.                 local ylabs `"2 "High Baseline Productivity" 1 "Low Baseline Productivity""'
231. 
.                 qui sum lb
232.                 local xmin = floor(r(min)/0.5)*0.5
233.                 qui sum ub
234.                 local xmax = ceil(r(max)/0.5)*0.5
235. 
.                 tw rcap ub lb y_pos if is_young == 1, horizontal lcolor(ebblue%70) msize(vsmall)   || ///
>                    scatter y_pos post_b if is_young == 1, mcolor(ebblue) msize(small)              || ///
>                    rcap ub lb y_pos if is_young == 0, horizontal lcolor(dkorange%70) msize(vsmall) || ///
>                    scatter y_pos post_b if is_young == 0, mcolor(dkorange) msymbol(D) msize(small) ///
>                    , xline(0, lcolor(gs10) lpattern(solid)) ///
>                      ylabel(`ylabs', angle(0) labsize(small) noticks nogrid) ///
>                      ytitle("") xtitle("Exposure x Post", size(small)) ///
>                      xlabel(`xmin'(0.5)`xmax', labsize(small)) ///
>                      legend(order(2 "Early-Career" 4 "Late-Career") pos(6) ring(1) rows(1) span size(small)) ///
>                      ysize(5) xsize(7) ///
>                      yscale(range(0.62 .)) ///
>                      plotregion(margin(l=zero r=zero b=zero t=vsmall))
236.                 graph export ///
>                     "../output/figures/`samp'/`spec_folder'/ppml_het_coefplot_`yv'_joint_agepr`suf'.pdf", ///
>                     replace
237.                 di as text "wrote joint_agepr coefplot for `yv' `spec_tag'"
238.                 restore
239.             }
240.         }
241.         }  // close foreach spec_tag
242.     }
243. end

. 
. **
. main
(encoding automatically selected: ISO-8859-1)
(4 vars, 266 obs)
(4 observations deleted)
ipeds_id: all characters numeric; replaced as long

Duplicates in terms of all variables

(0 observations are duplicates)
file ../temp/ipeds_openalex_xw.dta saved

    Result                      Number of obs
    -----------------------------------------
    Not matched                             0
    Matched                               259  
    -----------------------------------------
  (0 bytes saved)
file ../temp/inst_chars_pre.dta saved
add_het_splits all_jrnls_r1_r2 age_2014 median = 50
(79,733 missing values generated)
add_het_splits all_jrnls_r1_r2 pre-team median = 5.0625
(103,282 missing values generated)
(73,150 missing values generated)
add_het_splits all_jrnls_r1_r2 nihg N_pi=5022 p50=1
(73,150 missing values generated)
(73,150 missing values generated)
(103,282 missing values generated)
(73,150 missing values generated)
add_het_splits all_jrnls_r1_r2 nihd N_pi=5022 p50=299451.75
(73,150 missing values generated)
(73,150 missing values generated)
add_het_splits all_jrnls_r1_r2 NIH-matched PIs = 5043
(72,940 missing values generated)
(72,940 missing values generated)
(76,139 missing values generated)
(114,362 missing values generated)
(33,290 missing values generated)

    Result                      Number of obs
    -----------------------------------------
    Not matched                             0
    Matched                           123,370  
    -----------------------------------------
add_het_splits all_jrnls_r1_r2 ic_tfnd inst-wtd N_inst=167 p25=34500.75 p50=99441.5 p75=351514.5
(23,650 missing values generated)
(23,650 missing values generated)
(23,650 missing values generated)
(23,650 missing values generated)
(23,650 missing values generated)
add_het_splits all_jrnls_r1_r2 ic_tfnd pi-wtd N_pi=9972 p25=342518.75 p50=619335.75 p75=866202.5
(23,650 missing values generated)
(23,650 missing values generated)
(23,650 missing values generated)
(23,650 missing values generated)
(23,650 missing values generated)
add_het_splits all_jrnls_r1_r2 ic_lsf inst-wtd N_inst=165 p25=6775 p50=32028.25 p75=177465.25
(23,720 missing values generated)
(23,720 missing values generated)
(23,720 missing values generated)
(23,720 missing values generated)
(23,720 missing values generated)
add_het_splits all_jrnls_r1_r2 ic_lsf pi-wtd N_pi=9965 p25=137415.75 p50=360813.5 p75=594804
(23,720 missing values generated)
(23,720 missing values generated)
(23,720 missing values generated)
(23,720 missing values generated)
(23,720 missing values generated)
add_het_splits all_jrnls_r1_r2 ic_endow inst-wtd N_inst=196 p25=6203.75 p50=17524.375 p75=46656.25
(1,740 missing values generated)
(1,740 missing values generated)
(1,740 missing values generated)
(1,740 missing values generated)
(1,740 missing values generated)
add_het_splits all_jrnls_r1_r2 ic_endow pi-wtd N_pi=12163 p25=20022.5 p50=47319.25 p75=189332
(1,740 missing values generated)
(1,740 missing values generated)
(1,740 missing values generated)
(1,740 missing values generated)
(1,740 missing values generated)
add_het_splits all_jrnls_r1_r2 pre_ppr p25=5 p75=10
add_het_splits all_jrnls_r1_r2 team p25=3.9375 p75=6.611111164093018
add_het_splits all_jrnls_r1_r2 nihg p25=.5 p75=1.5
(73,150 missing values generated)
(73,150 missing values generated)
(73,150 missing values generated)
add_het_splits all_jrnls_r1_r2 nihd p25=129174 p75=575656
(73,150 missing values generated)
(73,150 missing values generated)
(73,150 missing values generated)
(23,650 missing values generated)
(23,650 missing values generated)
(23,650 missing values generated)
(23,650 missing values generated)
(23,720 missing values generated)
(23,720 missing values generated)
(23,720 missing values generated)
(23,720 missing values generated)
(1,740 missing values generated)
(1,740 missing values generated)
(1,740 missing values generated)
(1,740 missing values generated)
(23,650 missing values generated)
(23,650 missing values generated)
(23,650 missing values generated)
(23,650 missing values generated)
(23,720 missing values generated)
(23,720 missing values generated)
(23,720 missing values generated)
(23,720 missing values generated)
(1,740 missing values generated)
(1,740 missing values generated)
(1,740 missing values generated)
(1,740 missing values generated)
  variable athr_indicator was float now byte
  variable high_pre_ppr was float now byte
  variable low_pre_ppr was float now byte
  variable young was float now byte
  variable old was float now byte
  variable r1 was float now byte
  variable r2 was float now byte
  variable pub_inst was float now byte
  variable priv_inst was float now byte
  variable big_team was float now byte
  variable small_team was float now byte
  variable inst_indicator was float now byte
  (4,441,320 bytes saved)
file ../temp/es_all_jrnls_r1_r2.dta saved
(74,022 observations deleted)
(0 observations deleted)

desc_pre_output_by_age all_jrnls_r1_r2: pre-period = 2010-2013, N young = 5864, N old = 6473
  ppr_tot: young mean=8.2 p50=7.0 | old mean=9.0 p50=7.0

Two-sample Kolmogorov–Smirnov test for equality of distribution functions

Smaller group             D     p-value  
---------------------------------------
0                    0.0000       1.000
1                   -0.0630       0.000
Combined K-S         0.0630       0.000

Note: Ties exist in combined dataset;
      there are 51 unique values out of 12337 observations.
  ppr_tot: young-old diff =   -0.751 (se    0.121)
file ../output/figures/all_jrnls/desc_kd_pre_ppr_tot_ln_r1_r2.pdf saved as PDF format
file ../output/figures/all_jrnls/desc_kd_pre_ppr_tot_raw_r1_r2.pdf saved as PDF format
  cite: young mean=16.6 p50=10.4 | old mean=17.3 p50=10.8

Two-sample Kolmogorov–Smirnov test for equality of distribution functions

Smaller group             D     p-value  
---------------------------------------
0                    0.0039       0.911
1                   -0.0248       0.022
Combined K-S         0.0248       0.045

Note: Ties exist in combined dataset;
      there are 12325 unique values out of 12337 observations.
  cite: young-old diff =   -0.696 (se    0.398)
file ../output/figures/all_jrnls/desc_kd_pre_cite_ln_r1_r2.pdf saved as PDF format
file ../output/figures/all_jrnls/desc_kd_pre_cite_raw_r1_r2.pdf saved as PDF format
  first: young mean=0.8 p50=0.0 | old mean=0.6 p50=0.0

Two-sample Kolmogorov–Smirnov test for equality of distribution functions

Smaller group             D     p-value  
---------------------------------------
0                    0.0722       0.000
1                   -0.0004       0.999
Combined K-S         0.0722       0.000

Note: Ties exist in combined dataset;
      there are 21 unique values out of 12337 observations.
  first: young-old diff =    0.250 (se    0.031)
file ../output/figures/all_jrnls/desc_kd_pre_first_ln_r1_r2.pdf saved as PDF format
file ../output/figures/all_jrnls/desc_kd_pre_first_raw_r1_r2.pdf saved as PDF format
  last: young mean=8.3 p50=7.0 | old mean=9.1 p50=7.0

Two-sample Kolmogorov–Smirnov test for equality of distribution functions

Smaller group             D     p-value  
---------------------------------------
0                    0.0000       1.000
1                   -0.0652       0.000
Combined K-S         0.0652       0.000

Note: Ties exist in combined dataset;
      there are 56 unique values out of 12337 observations.
  last: young-old diff =   -0.798 (se    0.125)
file ../output/figures/all_jrnls/desc_kd_pre_last_ln_r1_r2.pdf saved as PDF format
file ../output/figures/all_jrnls/desc_kd_pre_last_raw_r1_r2.pdf saved as PDF format
  ppr_yr: young mean=2.05 p50=1.75 | old mean=2.24 p50=1.75

Two-sample Kolmogorov–Smirnov test for equality of distribution functions

Smaller group             D     p-value  
---------------------------------------
0                    0.0000       1.000
1                   -0.0630       0.000
Combined K-S         0.0630       0.000

Note: Ties exist in combined dataset;
      there are 51 unique values out of 12337 observations.
  ppr_yr: young-old diff =   -0.188 (se    0.030)
file ../output/figures/all_jrnls/desc_kd_pre_ppr_yr_ln_r1_r2.pdf saved as PDF format
file ../output/figures/all_jrnls/desc_kd_pre_ppr_yr_raw_r1_r2.pdf saved as PDF format
file ../temp/desc_pre_output_all_jrnls_r1_r2.dta saved
(111,033 missing values generated)
(111,033 missing values generated)
(111,033 missing values generated)
(111,033 missing values generated)
(111,033 missing values generated)
(111,033 missing values generated)
(111,033 missing values generated)
(111,033 missing values generated)
(111,033 missing values generated)
(111,033 missing values generated)
(111,033 missing values generated)
(111,033 missing values generated)
(111,033 missing values generated)
(111,033 missing values generated)
(111,033 missing values generated)
(111,033 missing values generated)
(111,033 missing values generated)
(111,033 missing values generated)
(111,033 missing values generated)
(111,033 missing values generated)
int_lead1   int_lead2   int_lead3   int_lead4   int_lag0    int_lag1    int_lag2    int_lag3    int_lag4    int_lag5    mshr_lead1  mshr_lead2  mshr_lead3  mshr_lead4  mshr_lag0   mshr_lag1   mshr_lag2   mshr_lag3   mshr_lag4   mshr_lag5
(111,033 real changes made)
(111,033 real changes made)
(111,033 real changes made)
(111,033 real changes made)
(111,033 real changes made)
(111,033 real changes made)
(111,033 real changes made)
(111,033 real changes made)
(111,033 real changes made)
(111,033 real changes made)
(111,033 real changes made)
(111,033 real changes made)
(111,033 real changes made)
(111,033 real changes made)
(111,033 real changes made)
(111,033 real changes made)
(111,033 real changes made)
(111,033 real changes made)
(111,033 real changes made)
(111,033 real changes made)
(73,150 missing values generated)
(73,150 missing values generated)
(73,150 missing values generated)
(73,150 missing values generated)
(73,150 missing values generated)
(73,150 missing values generated)
(73,150 missing values generated)
(73,150 missing values generated)
(73,150 missing values generated)
(73,150 missing values generated)
(73,150 missing values generated)
(73,150 missing values generated)
(73,150 missing values generated)
(73,150 missing values generated)
(73,150 missing values generated)
(73,150 missing values generated)
(73,150 missing values generated)
(73,150 missing values generated)
(73,150 missing values generated)
(73,150 missing values generated)
(73,150 missing values generated)
(73,150 missing values generated)
(73,150 missing values generated)
(73,150 missing values generated)
(73,150 missing values generated)
(73,150 missing values generated)
(73,150 missing values generated)
(73,150 missing values generated)
(73,150 missing values generated)
(73,150 missing values generated)
(73,150 missing values generated)
(73,150 missing values generated)
(73,150 missing values generated)
(73,150 missing values generated)
(73,150 missing values generated)
(73,150 missing values generated)
(73,150 missing values generated)
(73,150 missing values generated)
(73,150 missing values generated)
(73,150 missing values generated)
(73,150 missing values generated)
(73,150 missing values generated)
(73,150 missing values generated)
(73,150 missing values generated)
(73,150 missing values generated)
(73,150 missing values generated)
(73,150 missing values generated)
(73,150 missing values generated)
(73,150 missing values generated)
(73,150 missing values generated)
(73,150 missing values generated)
(73,150 missing values generated)
(73,150 missing values generated)
(73,150 missing values generated)
(73,150 missing values generated)
(73,150 missing values generated)
(73,150 missing values generated)
(73,150 missing values generated)
(73,150 missing values generated)
(73,150 missing values generated)
(73,150 missing values generated)
(73,150 missing values generated)
(73,150 missing values generated)
(73,150 missing values generated)
(73,150 missing values generated)
(73,150 missing values generated)
(73,150 missing values generated)
(73,150 missing values generated)
(73,150 missing values generated)
(73,150 missing values generated)
(73,150 missing values generated)
(73,150 missing values generated)
(73,150 missing values generated)
(73,150 missing values generated)
(73,150 missing values generated)
(73,150 missing values generated)
(72,940 missing values generated)
(72,940 missing values generated)
(72,940 missing values generated)
(72,940 missing values generated)
(72,940 missing values generated)
(72,940 missing values generated)
(72,940 missing values generated)
(72,940 missing values generated)
(72,940 missing values generated)
(72,940 missing values generated)
(72,940 missing values generated)
(72,940 missing values generated)
(72,940 missing values generated)
(72,940 missing values generated)
(72,940 missing values generated)
(72,940 missing values generated)
(72,940 missing values generated)
(72,940 missing values generated)
(72,940 missing values generated)
(72,940 missing values generated)
(72,940 missing values generated)
(72,940 missing values generated)
(72,940 missing values generated)
(72,940 missing values generated)
(72,940 missing values generated)
(72,940 missing values generated)
(72,940 missing values generated)
(72,940 missing values generated)
(72,940 missing values generated)
(72,940 missing values generated)
(72,940 missing values generated)
(72,940 missing values generated)
(72,940 missing values generated)
(72,940 missing values generated)
(72,940 missing values generated)
(72,940 missing values generated)
(72,940 missing values generated)
(72,940 missing values generated)
(23,650 missing values generated)
(23,650 missing values generated)
(23,650 missing values generated)
(23,650 missing values generated)
(23,650 missing values generated)
(23,650 missing values generated)
(23,650 missing values generated)
(23,650 missing values generated)
(23,650 missing values generated)
(23,650 missing values generated)
(23,650 missing values generated)
(23,650 missing values generated)
(23,650 missing values generated)
(23,650 missing values generated)
(23,650 missing values generated)
(23,650 missing values generated)
(23,650 missing values generated)
(23,650 missing values generated)
(23,650 missing values generated)
(23,650 missing values generated)
(23,650 missing values generated)
(23,650 missing values generated)
(23,650 missing values generated)
(23,650 missing values generated)
(23,650 missing values generated)
(23,650 missing values generated)
(23,650 missing values generated)
(23,650 missing values generated)
(23,650 missing values generated)
(23,650 missing values generated)
(23,650 missing values generated)
(23,650 missing values generated)
(23,650 missing values generated)
(23,650 missing values generated)
(23,650 missing values generated)
(23,650 missing values generated)
(23,650 missing values generated)
(23,650 missing values generated)
(23,720 missing values generated)
(23,720 missing values generated)
(23,720 missing values generated)
(23,720 missing values generated)
(23,720 missing values generated)
(23,720 missing values generated)
(23,720 missing values generated)
(23,720 missing values generated)
(23,720 missing values generated)
(23,720 missing values generated)
(23,720 missing values generated)
(23,720 missing values generated)
(23,720 missing values generated)
(23,720 missing values generated)
(23,720 missing values generated)
(23,720 missing values generated)
(23,720 missing values generated)
(23,720 missing values generated)
(23,720 missing values generated)
(23,720 missing values generated)
(23,720 missing values generated)
(23,720 missing values generated)
(23,720 missing values generated)
(23,720 missing values generated)
(23,720 missing values generated)
(23,720 missing values generated)
(23,720 missing values generated)
(23,720 missing values generated)
(23,720 missing values generated)
(23,720 missing values generated)
(23,720 missing values generated)
(23,720 missing values generated)
(23,720 missing values generated)
(23,720 missing values generated)
(23,720 missing values generated)
(23,720 missing values generated)
(23,720 missing values generated)
(23,720 missing values generated)
(1,740 missing values generated)
(1,740 missing values generated)
(1,740 missing values generated)
(1,740 missing values generated)
(1,740 missing values generated)
(1,740 missing values generated)
(1,740 missing values generated)
(1,740 missing values generated)
(1,740 missing values generated)
(1,740 missing values generated)
(1,740 missing values generated)
(1,740 missing values generated)
(1,740 missing values generated)
(1,740 missing values generated)
(1,740 missing values generated)
(1,740 missing values generated)
(1,740 missing values generated)
(1,740 missing values generated)
(1,740 missing values generated)
(1,740 missing values generated)
(1,740 missing values generated)
(1,740 missing values generated)
(1,740 missing values generated)
(1,740 missing values generated)
(1,740 missing values generated)
(1,740 missing values generated)
(1,740 missing values generated)
(1,740 missing values generated)
(1,740 missing values generated)
(1,740 missing values generated)
(1,740 missing values generated)
(1,740 missing values generated)
(1,740 missing values generated)
(1,740 missing values generated)
(1,740 missing values generated)
(1,740 missing values generated)
(1,740 missing values generated)
(1,740 missing values generated)
DEBUG_YVAR set -- restricting yvar loop to: ppr_cnt
Iteration 1:   deviance = 1.3695e+05  eps = .         iters = 3    tol = 1.0e-04  min(eta) =  -1.53  P   
Iteration 2:   deviance = 1.3323e+05  eps = 2.79e-02  iters = 2    tol = 1.0e-04  min(eta) =  -1.84      
Iteration 3:   deviance = 1.3320e+05  eps = 2.26e-04  iters = 2    tol = 1.0e-04  min(eta) =  -1.90      
Iteration 4:   deviance = 1.3320e+05  eps = 9.33e-08  iters = 2    tol = 1.0e-04  min(eta) =  -1.90      
Iteration 5:   deviance = 1.3320e+05  eps = 2.23e-13  iters = 2    tol = 1.0e-05  min(eta) =  -1.90   S  
Iteration 6:   deviance = 1.3320e+05  eps = 0.00e+00  iters = 2    tol = 1.0e-09  min(eta) =  -1.90   S O
------------------------------------------------------------------------------------------------------------
(legend: p: exact partial-out   s: exact solver   h: step-halving   o: epsilon below tolerance)
Converged in 6 iterations and 13 HDFE sub-iterations (tol = 1.0e-08)

HDFE PPML regression                              No. of obs      =    123,370
Absorbing 2 HDFE groups                           Residual df     =     12,336
Statistics robust to heteroskedasticity           Wald chi2(5)    =     129.55
Deviance             =  133203.3285               Prob > chi2     =     0.0000
Log pseudolikelihood = -185301.6642               Pseudo R2       =     0.1950

Number of clusters (athr_id)=     12,337
                           (Std. err. adjusted for 12,337 clusters in athr_id)
------------------------------------------------------------------------------
             |               Robust
     ppr_cnt | Coefficient  std. err.      z    P>|z|     [95% conf. interval]
-------------+----------------------------------------------------------------
     Z_young |  -.7053578   .1825363    -3.86   0.000    -1.063122   -.3475933
       Z_old |   .0185403   .1835419     0.10   0.920    -.3411952    .3782759
     S_young |  -.1358135   .0817099    -1.66   0.096    -.2959621     .024335
       S_old |    .023104   .0731327     0.32   0.752    -.1202335    .1664415
    PT_young |   .2002826    .036221     5.53   0.000     .1292907    .2712745
       _cons |   .7338722   .0117975    62.21   0.000     .7107495    .7569949
------------------------------------------------------------------------------

Absorbed degrees of freedom:
-----------------------------------------------------+
 Absorbed FE | Categories  - Redundant  = Num. Coefs |
-------------+---------------------------------------|
     athr_id |     12337       12337           0    *|
        year |        10           1           9     |
-----------------------------------------------------+
* = FE nested within cluster; treated as redundant for DoF computation
N = 58,640; 5,864 balanced groups of size 10
N = 58,640; 188 unbalanced groups of sizes 10 to 2,190
pooled-DiD int PPML all_jrnls_r1_r2 ppr_cnt young med_pi: b= -0.7054 (se=  0.1825)   N=   123370 PIs=5864 Insts=188
N = 64,730; 6,473 balanced groups of size 10
N = 64,730; 178 unbalanced groups of sizes 10 to 2,450
pooled-DiD int PPML all_jrnls_r1_r2 ppr_cnt old med_pi: b=  0.0185 (se=  0.1835)   N=   123370 PIs=6473 Insts=178
Iteration 1:   deviance = 1.3677e+05  eps = .         iters = 3    tol = 1.0e-04  min(eta) =  -1.56  P   
Iteration 2:   deviance = 1.3305e+05  eps = 2.79e-02  iters = 2    tol = 1.0e-04  min(eta) =  -1.91      
Iteration 3:   deviance = 1.3302e+05  eps = 2.26e-04  iters = 2    tol = 1.0e-04  min(eta) =  -1.97      
Iteration 4:   deviance = 1.3302e+05  eps = 9.24e-08  iters = 2    tol = 1.0e-04  min(eta) =  -1.98      
Iteration 5:   deviance = 1.3302e+05  eps = 2.12e-13  iters = 2    tol = 1.0e-05  min(eta) =  -1.98   S  
Iteration 6:   deviance = 1.3302e+05  eps = 0.00e+00  iters = 2    tol = 1.0e-09  min(eta) =  -1.98   S O
------------------------------------------------------------------------------------------------------------
(legend: p: exact partial-out   s: exact solver   h: step-halving   o: epsilon below tolerance)
Converged in 6 iterations and 13 HDFE sub-iterations (tol = 1.0e-08)

HDFE PPML regression                              No. of obs      =    123,370
Absorbing 2 HDFE groups                           Residual df     =     12,336
Statistics robust to heteroskedasticity           Wald chi2(37)   =     243.84
Deviance             =  133022.7283               Prob > chi2     =     0.0000
Log pseudolikelihood = -185211.3641               Pseudo R2       =     0.1954

Number of clusters (athr_id)=     12,337
                               (Std. err. adjusted for 12,337 clusters in athr_id)
----------------------------------------------------------------------------------
                 |               Robust
         ppr_cnt | Coefficient  std. err.      z    P>|z|     [95% conf. interval]
-----------------+----------------------------------------------------------------
 int_lead4_young |   .1583825   .2914677     0.54   0.587    -.4128838    .7296487
 int_lead3_young |  -.1647366   .2736986    -0.60   0.547    -.7011759    .3717027
 int_lead2_young |   .1738494   .2529121     0.69   0.492    -.3218492    .6695481
  int_lag0_young |  -.3027389    .291051    -1.04   0.298    -.8731883    .2677106
  int_lag1_young |  -.5064835   .2821214    -1.80   0.073    -1.059431    .0464643
  int_lag2_young |  -.6013458   .3193296    -1.88   0.060     -1.22722    .0245287
  int_lag3_young |  -.8051207   .3266454    -2.46   0.014    -1.445334   -.1649075
  int_lag4_young |  -.9431883   .3401442    -2.77   0.006    -1.609859   -.2765179
  int_lag5_young |  -1.003984     .35311    -2.84   0.004    -1.696067    -.311901
   int_lead4_old |   .1385992   .2966222     0.47   0.640    -.4427696    .7199681
   int_lead3_old |   -.031699   .2832018    -0.11   0.911    -.5867643    .5233663
   int_lead2_old |   .1201495   .2861881     0.42   0.675    -.4407688    .6810679
    int_lag0_old |   .0408171   .3016258     0.14   0.892    -.5503586    .6319929
    int_lag1_old |  -.0757186    .320192    -0.24   0.813    -.7032834    .5518462
    int_lag2_old |   .3705253   .3462917     1.07   0.285     -.308194    1.049245
    int_lag3_old |   .2660114   .3575402     0.74   0.457    -.4347546    .9667773
    int_lag4_old |  -.0062961   .3791501    -0.02   0.987    -.7494166    .7368243
    int_lag5_old |  -.1376105   .3798835    -0.36   0.717    -.8821684    .6069474
mshr_lead4_young |  -.1633376    .087139    -1.87   0.061    -.3341269    .0074518
mshr_lead3_young |  -.0316561   .0802882    -0.39   0.693    -.1890181    .1257058
mshr_lead2_young |  -.0095981   .0779703    -0.12   0.902     -.162417    .1432207
 mshr_lag0_young |  -.1281525   .1024681    -1.25   0.211    -.3289862    .0726813
 mshr_lag1_young |  -.1359829   .1051178    -1.29   0.196    -.3420099    .0700442
 mshr_lag2_young |  -.2107171   .1149719    -1.83   0.067    -.4360579    .0146237
 mshr_lag3_young |  -.2854926   .1202433    -2.37   0.018    -.5211651     -.04982
 mshr_lag4_young |  -.1570912   .1231347    -1.28   0.202    -.3984307    .0842484
 mshr_lag5_young |  -.2057982    .128276    -1.60   0.109    -.4572145    .0456181
  mshr_lead4_old |    .407101   .0882455     4.61   0.000     .2341431    .5800589
  mshr_lead3_old |   .2232408   .0825848     2.70   0.007     .0613776    .3851041
  mshr_lead2_old |   .1545667    .081643     1.89   0.058    -.0054507    .3145841
   mshr_lag0_old |    .430433   .0997079     4.32   0.000     .2350091    .6258569
   mshr_lag1_old |   .4132112   .1029301     4.01   0.000     .2114718    .6149505
   mshr_lag2_old |    .103003   .1101364     0.94   0.350    -.1128605    .3188665
   mshr_lag3_old |    .099734   .1150966     0.87   0.386    -.1258511    .3253191
   mshr_lag4_old |   .1292275   .1203228     1.07   0.283    -.1066008    .3650558
   mshr_lag5_old |   .0265257   .1245273     0.21   0.831    -.2175433    .2705947
        PT_young |   .2001558   .0362192     5.53   0.000     .1291675    .2711441
           _cons |   .7077022   .0182897    38.69   0.000     .6718551    .7435493
----------------------------------------------------------------------------------

Absorbed degrees of freedom:
-----------------------------------------------------+
 Absorbed FE | Categories  - Redundant  = Num. Coefs |
-------------+---------------------------------------|
     athr_id |     12337       12337           0    *|
        year |        10           1           9     |
-----------------------------------------------------+
* = FE nested within cluster; treated as redundant for DoF computation
N = 58,640; 5,864 balanced groups of size 10
N = 58,640; 188 unbalanced groups of sizes 10 to 2,190

                        (sum) ppr_cnt
-------------------------------------------------------------
      Percentiles      Smallest
 1%            0              0
 5%            0              0
10%            0              0       Obs              23,456
25%            1              0       Sum of wgt.      23,456

50%            2                      Mean           2.054826
                        Largest       Std. dev.      1.769341
75%            3             19
90%            4             19       Variance       3.130569
95%            5             20       Skewness        2.08293
99%            8             21       Kurtosis       11.34414
(123,360 observations deleted)

                             ub
-------------------------------------------------------------
      Percentiles      Smallest
 1%    -.3118883      -.3118883
 5%    -.3118883      -.2765056
10%     -.294197      -.1648958       Obs                  10
25%    -.1648958              0       Sum of wgt.          10

50%     .0355074                      Mean           .1356375
                        Largest       Std. dev.      .3667062
75%     .3717126       .2677211
90%     .6996082       .3717126       Variance       .1344735
95%     .7296591       .6695572       Skewness       .4415684
99%     .7296591       .7296591       Kurtosis        1.95847

                             lb
-------------------------------------------------------------
      Percentiles      Smallest
 1%     -1.69608       -1.69608
 5%     -1.69608      -1.609871
10%    -1.652975      -1.445346       Obs                  10
25%    -1.445346      -1.227232       Sum of wgt.          10

50%    -.9663201                      Mean          -.9347107
                        Largest       Std. dev.      .5751599
75%    -.4128942      -.7011858
90%    -.1609292      -.4128942       Variance        .330809
95%            0      -.3218583       Skewness       .1801371
99%            0              0       Kurtosis       1.806027
(9 missing values generated)
(9 real changes made)
(7 real changes made)
(1 real change made)
file ../output/figures/all_jrnls/es_ppml/es_ppr_cnt_r1_r2_young_ppml_medpi_mshrctrl.pdf saved as PDF format
file ../temp/es_ppr_cnt_r1_r2_young_ppml_medpi_mshrctrl.dta saved
N = 64,730; 6,473 balanced groups of size 10
N = 64,730; 178 unbalanced groups of sizes 10 to 2,450

                        (sum) ppr_cnt
-------------------------------------------------------------
      Percentiles      Smallest
 1%            0              0
 5%            0              0
10%            0              0       Obs              25,892
25%            1              0       Sum of wgt.      25,892

50%            2                      Mean           2.242469
                        Largest       Std. dev.      1.934821
75%            3             23
90%            5             27       Variance       3.743532
95%            6             28       Skewness       2.229455
99%            9             32       Kurtosis        13.9864
(123,360 observations deleted)

                             ub
-------------------------------------------------------------
      Percentiles      Smallest
 1%            0              0
 5%            0       .5233765
10%     .2616882       .5518577       Obs                  10
25%     .5518577       .6069611       Sum of wgt.          10

50%      .656541                      Mean           .6468141
                        Largest       Std. dev.       .283511
75%      .736838       .7199788
90%     1.008024        .736838       Variance       .0803785
95%     1.049257       .9667902       Skewness      -.8958694
99%     1.049257       1.049257       Kurtosis         4.0541

                             lb
-------------------------------------------------------------
      Percentiles      Smallest
 1%    -.8821821      -.8821821
 5%    -.8821821      -.7494302
10%    -.8158062      -.7032949       Obs                  10
25%    -.7032949      -.5867745       Sum of wgt.          10

50%    -.4965749                      Mean          -.5098585
                        Largest       Std. dev.      .2486684
75%    -.4347675      -.4407791
90%    -.1541032      -.4347675       Variance        .061836
95%            0      -.3082064       Skewness       .5230663
99%            0              0       Kurtosis       3.010928
(9 missing values generated)
(9 real changes made)
(7 real changes made)
(1 real change made)
file ../output/figures/all_jrnls/es_ppml/es_ppr_cnt_r1_r2_old_ppml_medpi_mshrctrl.pdf saved as PDF format
file ../temp/es_ppr_cnt_r1_r2_old_ppml_medpi_mshrctrl.dta saved
(72,940 missing values generated)
(72,940 missing values generated)
(72,940 missing values generated)
(72,940 missing values generated)
(72,940 missing values generated)
Iteration 1:   deviance = 5.5336e+04  eps = .         iters = 3    tol = 1.0e-04  min(eta) =  -1.51  P   
Iteration 2:   deviance = 5.3932e+04  eps = 2.60e-02  iters = 2    tol = 1.0e-04  min(eta) =  -1.86      
Iteration 3:   deviance = 5.3922e+04  eps = 1.83e-04  iters = 2    tol = 1.0e-04  min(eta) =  -1.93      
Iteration 4:   deviance = 5.3922e+04  eps = 5.08e-08  iters = 2    tol = 1.0e-04  min(eta) =  -1.93      
Iteration 5:   deviance = 5.3922e+04  eps = 4.86e-14  iters = 1    tol = 1.0e-05  min(eta) =  -1.93   S  
Iteration 6:   deviance = 5.3922e+04  eps = 1.30e-16  iters = 2    tol = 1.0e-09  min(eta) =  -1.93   S O
------------------------------------------------------------------------------------------------------------
(legend: p: exact partial-out   s: exact solver   h: step-halving   o: epsilon below tolerance)
Converged in 6 iterations and 12 HDFE sub-iterations (tol = 1.0e-08)

HDFE PPML regression                              No. of obs      =     50,430
Absorbing 2 HDFE groups                           Residual df     =      5,042
Statistics robust to heteroskedasticity           Wald chi2(5)    =      88.97
Deviance             =  53922.01151               Prob > chi2     =     0.0000
Log pseudolikelihood = -78363.23486               Pseudo R2       =     0.1953

Number of clusters (athr_id)=      5,043
                            (Std. err. adjusted for 5,043 clusters in athr_id)
------------------------------------------------------------------------------
             |               Robust
     ppr_cnt | Coefficient  std. err.      z    P>|z|     [95% conf. interval]
-------------+----------------------------------------------------------------
 Z_young_nih |  -.2737358   .2489763    -1.10   0.272    -.7617203    .2142488
   Z_old_nih |    .513154   .2494978     2.06   0.040     .0241472    1.002161
 S_young_nih |   -.131094   .1115325    -1.18   0.240    -.3496937    .0875057
   S_old_nih |  -.0804996   .1063244    -0.76   0.449    -.2888916    .1278925
PT_young_nih |   .1966743   .0502192     3.92   0.000     .0982464    .2951021
       _cons |    .815017   .0170116    47.91   0.000     .7816749    .8483591
------------------------------------------------------------------------------

Absorbed degrees of freedom:
-----------------------------------------------------+
 Absorbed FE | Categories  - Redundant  = Num. Coefs |
-------------+---------------------------------------|
     athr_id |      5043        5043           0    *|
        year |        10           1           9     |
-----------------------------------------------------+
* = FE nested within cluster; treated as redundant for DoF computation
N = 22,660; 2,266 balanced groups of size 10
N = 22,660; 156 unbalanced groups of sizes 10 to 1,360
pooled-DiD int PPML all_jrnls_r1_r2 ppr_cnt young_nih med_pi: b= -0.2737 (se=  0.2490)   N=    50430 PIs=2266 Insts=156
N = 27,770; 2,777 balanced groups of size 10
N = 27,770; 140 unbalanced groups of sizes 10 to 1,700
pooled-DiD int PPML all_jrnls_r1_r2 ppr_cnt old_nih med_pi: b=  0.5132 (se=  0.2495)   N=    50430 PIs=2777 Insts=140
Iteration 1:   deviance = 5.5199e+04  eps = .         iters = 3    tol = 1.0e-04  min(eta) =  -1.58  P   
Iteration 2:   deviance = 5.3796e+04  eps = 2.61e-02  iters = 2    tol = 1.0e-04  min(eta) =  -1.90      
Iteration 3:   deviance = 5.3786e+04  eps = 1.83e-04  iters = 2    tol = 1.0e-04  min(eta) =  -1.98      
Iteration 4:   deviance = 5.3786e+04  eps = 4.94e-08  iters = 2    tol = 1.0e-04  min(eta) =  -1.99      
Iteration 5:   deviance = 5.3786e+04  eps = 4.66e-14  iters = 2    tol = 1.0e-05  min(eta) =  -1.99   S  
Iteration 6:   deviance = 5.3786e+04  eps = 0.00e+00  iters = 2    tol = 1.0e-09  min(eta) =  -1.99   S O
------------------------------------------------------------------------------------------------------------
(legend: p: exact partial-out   s: exact solver   h: step-halving   o: epsilon below tolerance)
Converged in 6 iterations and 13 HDFE sub-iterations (tol = 1.0e-08)

HDFE PPML regression                              No. of obs      =     50,430
Absorbing 2 HDFE groups                           Residual df     =      5,042
Statistics robust to heteroskedasticity           Wald chi2(37)   =     170.17
Deviance             =  53786.24319               Prob > chi2     =     0.0000
Log pseudolikelihood =  -78295.3507               Pseudo R2       =     0.1960

Number of clusters (athr_id)=      5,043
                                    (Std. err. adjusted for 5,043 clusters in athr_id)
--------------------------------------------------------------------------------------
                     |               Robust
             ppr_cnt | Coefficient  std. err.      z    P>|z|     [95% conf. interval]
---------------------+----------------------------------------------------------------
 int_lead4_young_nih |  -.2472379   .4338249    -0.57   0.569    -1.097519    .6030432
 int_lead3_young_nih |  -.7197444   .4214428    -1.71   0.088    -1.545757    .1062683
 int_lead2_young_nih |  -.2615904   .3815882    -0.69   0.493     -1.00949    .4863086
  int_lag0_young_nih |  -.2937866   .4382795    -0.67   0.503    -1.152799    .5652255
  int_lag1_young_nih |  -.3479204   .4055503    -0.86   0.391    -1.142784    .4469437
  int_lag2_young_nih |  -.5479809   .4470318    -1.23   0.220    -1.424147    .3281853
  int_lag3_young_nih |  -.6482764   .4539905    -1.43   0.153    -1.538081    .2415287
  int_lag4_young_nih |  -1.038848   .4955442    -2.10   0.036    -2.010097   -.0675991
  int_lag5_young_nih |  -.7558345   .4921606    -1.54   0.125    -1.720451    .2087825
   int_lead4_old_nih |   -.351258   .4365421    -0.80   0.421    -1.206865    .5043488
   int_lead3_old_nih |  -.1909096   .4316695    -0.44   0.658    -1.036966    .6551471
   int_lead2_old_nih |  -.1594408   .4155015    -0.38   0.701    -.9738089    .6549272
    int_lag0_old_nih |     .13116   .4418685     0.30   0.767    -.7348864    .9972063
    int_lag1_old_nih |  -.3627416   .4677141    -0.78   0.438    -1.279444    .5539612
    int_lag2_old_nih |   .6370811    .489218     1.30   0.193    -.3217685    1.595931
    int_lag3_old_nih |    .905851   .5201182     1.74   0.082     -.113562    1.925264
    int_lag4_old_nih |   .4189245    .542422     0.77   0.440    -.6442029    1.482052
    int_lag5_old_nih |   .5315426    .560665     0.95   0.343    -.5673405    1.630426
mshr_lead4_young_nih |  -.0615401   .1331725    -0.46   0.644    -.3225534    .1994732
mshr_lead3_young_nih |   .2753065   .1267996     2.17   0.030     .0267838    .5238292
mshr_lead2_young_nih |   .1414208   .1174868     1.20   0.229     -.088849    .3716907
 mshr_lag0_young_nih |   .0976824   .1522566     0.64   0.521    -.2007351    .3960999
 mshr_lag1_young_nih |   -.019123   .1549485    -0.12   0.902    -.3228166    .2845705
 mshr_lag2_young_nih |  -.0040627   .1712751    -0.02   0.981    -.3397558    .3316303
 mshr_lag3_young_nih |  -.1061959   .1721894    -0.62   0.537    -.4436809    .2312891
 mshr_lag4_young_nih |  -.1020128   .1738676    -0.59   0.557     -.442787    .2387613
 mshr_lag5_young_nih |  -.1314329   .1818515    -0.72   0.470    -.4878553    .2249895
  mshr_lead4_old_nih |   .5971599   .1356805     4.40   0.000      .331231    .8630888
  mshr_lead3_old_nih |   .4832229    .128605     3.76   0.000     .2311617     .735284
  mshr_lead2_old_nih |   .2658166   .1178644     2.26   0.024     .0348068    .4968265
   mshr_lag0_old_nih |   .5959559   .1467033     4.06   0.000     .3084227    .8834891
   mshr_lag1_old_nih |   .5039051   .1516002     3.32   0.001     .2067742     .801036
   mshr_lag2_old_nih |   .2146845   .1622607     1.32   0.186    -.1033406    .5327097
   mshr_lag3_old_nih |   .1107679   .1730026     0.64   0.522    -.2283109    .4498468
   mshr_lag4_old_nih |   .0562779   .1788329     0.31   0.753    -.2942281    .4067839
   mshr_lag5_old_nih |  -.1336482   .1906857    -0.70   0.483    -.5073853     .240089
        PT_young_nih |   .1959834   .0502374     3.90   0.000       .09752    .2944469
               _cons |     .75354   .0278611    27.05   0.000     .6989333    .8081468
--------------------------------------------------------------------------------------

Absorbed degrees of freedom:
-----------------------------------------------------+
 Absorbed FE | Categories  - Redundant  = Num. Coefs |
-------------+---------------------------------------|
     athr_id |      5043        5043           0    *|
        year |        10           1           9     |
-----------------------------------------------------+
* = FE nested within cluster; treated as redundant for DoF computation
N = 22,660; 2,266 balanced groups of size 10
N = 22,660; 156 unbalanced groups of sizes 10 to 1,360

                        (sum) ppr_cnt
-------------------------------------------------------------
      Percentiles      Smallest
 1%            0              0
 5%            0              0
10%            0              0       Obs               9,064
25%            1              0       Sum of wgt.       9,064

50%            2                      Mean           2.199139
                        Largest       Std. dev.      1.846521
75%            3             16
90%            4             17       Variance       3.409638
95%            6             19       Skewness       1.947944
99%            9             19       Kurtosis       10.09551
(123,360 observations deleted)

                             ub
-------------------------------------------------------------
      Percentiles      Smallest
 1%    -.0675812      -.0675812
 5%    -.0675812              0
10%    -.0337906       .1062835       Obs                  10
25%     .1062835       .2088002       Sum of wgt.          10

50%     .2848732                      Mean            .291883
                        Largest       Std. dev.       .234052
75%     .4863223       .4469583
90%       .58415       .4863223       Variance       .0547804
95%     .6030588       .5652413       Skewness      -.1527643
99%     .6030588       .6030588       Kurtosis       1.734659

                             lb
-------------------------------------------------------------
      Percentiles      Smallest
 1%    -2.010115      -2.010115
 5%    -2.010115      -1.720469
10%    -1.865292      -1.545772       Obs                  10
25%    -1.545772      -1.538098       Sum of wgt.          10

50%    -1.288489                      Mean          -1.264127
                        Largest       Std. dev.      .5439011
75%    -1.097535      -1.142799
90%    -.5047516      -1.097535       Variance       .2958284
95%            0      -1.009503       Skewness       1.082556
99%            0              0       Kurtosis       4.125796
(9 missing values generated)
(9 real changes made)
(7 real changes made)
(1 real change made)
file ../output/figures/all_jrnls/es_ppml/es_ppr_cnt_r1_r2_young_nih_ppml_medpi_mshrctrl.pdf saved as PDF format
file ../temp/es_ppr_cnt_r1_r2_young_nih_ppml_medpi_mshrctrl.dta saved
N = 27,770; 2,777 balanced groups of size 10
N = 27,770; 140 unbalanced groups of sizes 10 to 1,700

                        (sum) ppr_cnt
-------------------------------------------------------------
      Percentiles      Smallest
 1%            0              0
 5%            0              0
10%            0              0       Obs              11,108
25%            1              0       Sum of wgt.      11,108

50%            2                      Mean           2.396651
                        Largest       Std. dev.      2.070434
75%            3             23
90%            5             27       Variance       4.286698
95%            6             28       Skewness       2.447692
99%           10             32       Kurtosis       17.08888
(123,360 observations deleted)

                             ub
-------------------------------------------------------------
      Percentiles      Smallest
 1%            0              0
 5%            0       .5043646
10%     .2521823        .553978       Obs                  10
25%      .553978       .6549422       Sum of wgt.          10

50%     .8261924                      Mean           .9999418
                        Largest       Std. dev.      .6257203
75%     1.595948       1.482072
90%     1.777864       1.595948       Variance       .3915259
95%     1.925283       1.630446       Skewness       .0356077
99%     1.925283       1.925283       Kurtosis       1.771294

                             lb
-------------------------------------------------------------
      Percentiles      Smallest
 1%    -1.279461      -1.279461
 5%    -1.279461      -1.206881
10%    -1.243171      -1.036982       Obs                  10
25%    -1.036982      -.9738238       Sum of wgt.          10

50%    -.6895624                      Mean             -.6879
                        Largest       Std. dev.      .4445511
75%    -.3217861      -.5673606
90%    -.0567903      -.3217861       Variance       .1976257
95%            0      -.1135806       Skewness       .2040327
99%            0              0       Kurtosis        1.79371
(9 missing values generated)
(9 real changes made)
(7 real changes made)
(1 real change made)
file ../output/figures/all_jrnls/es_ppml/es_ppr_cnt_r1_r2_old_nih_ppml_medpi_mshrctrl.pdf saved as PDF format
file ../temp/es_ppr_cnt_r1_r2_old_nih_ppml_medpi_mshrctrl.dta saved
Iteration 1:   deviance = 1.3719e+05  eps = .         iters = 4    tol = 1.0e-04  min(eta) =  -1.52  P   
Iteration 2:   deviance = 1.3345e+05  eps = 2.80e-02  iters = 2    tol = 1.0e-04  min(eta) =  -1.85      
Iteration 3:   deviance = 1.3342e+05  eps = 2.31e-04  iters = 2    tol = 1.0e-04  min(eta) =  -1.92      
Iteration 4:   deviance = 1.3342e+05  eps = 1.03e-07  iters = 2    tol = 1.0e-04  min(eta) =  -1.92      
Iteration 5:   deviance = 1.3342e+05  eps = 2.76e-13  iters = 2    tol = 1.0e-05  min(eta) =  -1.92   S O
------------------------------------------------------------------------------------------------------------
(legend: p: exact partial-out   s: exact solver   h: step-halving   o: epsilon below tolerance)
Converged in 5 iterations and 12 HDFE sub-iterations (tol = 1.0e-08)

HDFE PPML regression                              No. of obs      =    123,370
Absorbing 2 HDFE groups                           Residual df     =     12,336
Statistics robust to heteroskedasticity           Wald chi2(5)    =      15.44
Deviance             =  133422.4061               Prob > chi2     =     0.0086
Log pseudolikelihood =  -185411.203               Pseudo R2       =     0.1945

Number of clusters (athr_id)=     12,337
                           (Std. err. adjusted for 12,337 clusters in athr_id)
------------------------------------------------------------------------------
             |               Robust
     ppr_cnt | Coefficient  std. err.      z    P>|z|     [95% conf. interval]
-------------+----------------------------------------------------------------
        Z_r1 |  -.2859796    .134052    -2.13   0.033    -.5487166   -.0232426
        Z_r2 |  -.5924905   .5412782    -1.09   0.274    -1.653376    .4683953
        S_r1 |  -.0170143   .0566768    -0.30   0.764    -.1280988    .0940702
        S_r2 |   .0043169     .22594     0.02   0.985    -.4385173    .4471511
       PT_r1 |   .0794817   .0797868     1.00   0.319    -.0768975    .2358608
       _cons |   .7368547   .0393246    18.74   0.000     .6597798    .8139295
------------------------------------------------------------------------------

Absorbed degrees of freedom:
-----------------------------------------------------+
 Absorbed FE | Categories  - Redundant  = Num. Coefs |
-------------+---------------------------------------|
     athr_id |     12337       12337           0    *|
        year |        10           1           9     |
-----------------------------------------------------+
* = FE nested within cluster; treated as redundant for DoF computation
N = 116,820; 11,682 balanced groups of size 10
N = 116,820; 115 unbalanced groups of sizes 10 to 4,640
pooled-DiD int PPML all_jrnls_r1_r2 ppr_cnt r1 med_pi: b= -0.2860 (se=  0.1341)   N=   123370 PIs=11682 Insts=115
N = 6,550; 655 balanced groups of size 10
N = 6,550; 83 unbalanced groups of sizes 10 to 600
pooled-DiD int PPML all_jrnls_r1_r2 ppr_cnt r2 med_pi: b= -0.5925 (se=  0.5413)   N=   123370 PIs=655 Insts=83
Iteration 1:   deviance = 1.3715e+05  eps = .         iters = 4    tol = 1.0e-04  min(eta) =  -1.57  P   
Iteration 2:   deviance = 1.3341e+05  eps = 2.80e-02  iters = 2    tol = 1.0e-04  min(eta) =  -1.94      
Iteration 3:   deviance = 1.3338e+05  eps = 2.31e-04  iters = 2    tol = 1.0e-04  min(eta) =  -2.01      
Iteration 4:   deviance = 1.3338e+05  eps = 1.04e-07  iters = 2    tol = 1.0e-04  min(eta) =  -2.01      
Iteration 5:   deviance = 1.3338e+05  eps = 2.74e-13  iters = 2    tol = 1.0e-05  min(eta) =  -2.01   S O
------------------------------------------------------------------------------------------------------------
(legend: p: exact partial-out   s: exact solver   h: step-halving   o: epsilon below tolerance)
Converged in 5 iterations and 12 HDFE sub-iterations (tol = 1.0e-08)

HDFE PPML regression                              No. of obs      =    123,370
Absorbing 2 HDFE groups                           Residual df     =     12,336
Statistics robust to heteroskedasticity           Wald chi2(37)   =      52.73
Deviance             =  133379.4222               Prob > chi2     =     0.0451
Log pseudolikelihood = -185389.7111               Pseudo R2       =     0.1946

Number of clusters (athr_id)=     12,337
                            (Std. err. adjusted for 12,337 clusters in athr_id)
-------------------------------------------------------------------------------
              |               Robust
      ppr_cnt | Coefficient  std. err.      z    P>|z|     [95% conf. interval]
--------------+----------------------------------------------------------------
 int_lead4_r1 |  -.0606112   .2142237    -0.28   0.777    -.4804818    .3592595
 int_lead3_r1 |  -.1514668   .2025505    -0.75   0.455    -.5484585    .2455248
 int_lead2_r1 |    .089738   .1956801     0.46   0.647    -.2937879    .4732639
  int_lag0_r1 |  -.1208712   .2165793    -0.56   0.577    -.5453588    .3036163
  int_lag1_r1 |  -.3368598   .2188615    -1.54   0.124    -.7658205    .0921009
  int_lag2_r1 |  -.0900653   .2416611    -0.37   0.709    -.5637123    .3835816
  int_lag3_r1 |  -.3297568   .2493463    -1.32   0.186    -.8184666     .158953
  int_lag4_r1 |  -.4942025   .2610177    -1.89   0.058    -1.005788    .0173829
  int_lag5_r1 |  -.6309599   .2691517    -2.34   0.019    -1.158488   -.1034322
 int_lead4_r2 |   1.248713   .9312765     1.34   0.180    -.5765557    3.073981
 int_lead3_r2 |  -.4601988     .87768    -0.52   0.600     -2.18042    1.260022
 int_lead2_r2 |   .4416484   .8119072     0.54   0.586    -1.149661    2.032957
  int_lag0_r2 |   -.929449   .8296418    -1.12   0.263    -2.555517    .6966191
  int_lag1_r2 |   -.042917   .9778364    -0.04   0.965    -1.959441    1.873607
  int_lag2_r2 |  -.9999198   1.041657    -0.96   0.337    -3.041529     1.04169
  int_lag3_r2 |    .159633   1.084935     0.15   0.883    -1.966801    2.286067
  int_lag4_r2 |  -.3407682   1.207655    -0.28   0.778    -2.707729    2.026193
  int_lag5_r2 |   .7264228   1.124515     0.65   0.518    -1.477586    2.930432
mshr_lead4_r1 |   .0965733   .0813916     1.19   0.235    -.0629513    .2560979
mshr_lead3_r1 |   .0746846   .0756369     0.99   0.323    -.0735611    .2229303
mshr_lead2_r1 |   .0524623   .0738769     0.71   0.478    -.0923337    .1972583
 mshr_lag0_r1 |   .1590839   .0825456     1.93   0.054    -.0027025    .3208702
 mshr_lag1_r1 |   .1464311   .0855944     1.71   0.087    -.0213308     .314193
 mshr_lag2_r1 |   -.041839    .094401    -0.44   0.658    -.2268616    .1431836
 mshr_lag3_r1 |  -.0747703   .0994795    -0.75   0.452    -.2697465    .1202059
 mshr_lag4_r1 |   .0280983   .1032517     0.27   0.786    -.1742713    .2304679
 mshr_lag5_r1 |  -.0441388   .1081584    -0.41   0.683    -.2561254    .1678479
mshr_lead4_r2 |  -.1086955   .1640591    -0.66   0.508    -.4302455    .2128545
mshr_lead3_r2 |   .0309416   .1506234     0.21   0.837    -.2642749    .3261581
mshr_lead2_r2 |   .1211975   .1544345     0.78   0.433    -.1814885    .4238836
 mshr_lag0_r2 |   .2457258   .2557447     0.96   0.337    -.2555245    .7469762
 mshr_lag1_r2 |   .1909315   .2683212     0.71   0.477    -.3349684    .7168315
 mshr_lag2_r2 |   .1824071   .2797035     0.65   0.514    -.3658017    .7306159
 mshr_lag3_r2 |  -.1318073   .2695856    -0.49   0.625    -.6601853    .3965707
 mshr_lag4_r2 |  -.2706911   .2911617    -0.93   0.353    -.8413575    .2999753
 mshr_lag5_r2 |   -.321974   .2915666    -1.10   0.269    -.8934341     .249486
        PT_r1 |    .078166   .0796832     0.98   0.327    -.0780103    .2343422
        _cons |   .7212828   .0417279    17.29   0.000     .6394977    .8030679
-------------------------------------------------------------------------------

Absorbed degrees of freedom:
-----------------------------------------------------+
 Absorbed FE | Categories  - Redundant  = Num. Coefs |
-------------+---------------------------------------|
     athr_id |     12337       12337           0    *|
        year |        10           1           9     |
-----------------------------------------------------+
* = FE nested within cluster; treated as redundant for DoF computation
N = 116,820; 11,682 balanced groups of size 10
N = 116,820; 115 unbalanced groups of sizes 10 to 4,640

                        (sum) ppr_cnt
-------------------------------------------------------------
      Percentiles      Smallest
 1%            0              0
 5%            0              0
10%            0              0       Obs              46,728
25%            1              0       Sum of wgt.      46,728

50%            2                      Mean            2.16748
                        Largest       Std. dev.      1.868865
75%            3             23
90%            4             27       Variance       3.492655
95%            6             28       Skewness       2.173988
99%            9             32       Kurtosis       13.06654
(123,360 observations deleted)

                             ub
-------------------------------------------------------------
      Percentiles      Smallest
 1%    -.1034225      -.1034225
 5%    -.1034225              0
10%    -.0517113       .0173923       Obs                  10
25%     .0173923       .0921088       Sum of wgt.          10

50%      .202247                      Mean           .1930325
                        Largest       Std. dev.      .1899735
75%     .3592673       .3036241
90%     .4284306       .3592673       Variance       .0360899
95%     .4732709       .3835903       Skewness      -.0805283
99%     .4732709       .4732709       Kurtosis       1.760738

                             lb
-------------------------------------------------------------
      Percentiles      Smallest
 1%    -1.158497      -1.158497
 5%    -1.158497      -1.005797
10%    -1.082147      -.8184756       Obs                  10
25%    -.8184756      -.7658284       Sum of wgt.          10

50%    -.5560934                      Mean          -.6180436
                        Largest       Std. dev.      .3372382
75%    -.4804896      -.5453666
90%    -.1468975      -.4804896       Variance       .1137296
95%            0       -.293795       Skewness       .1411196
99%            0              0       Kurtosis       2.552214
(9 missing values generated)
(9 real changes made)
(7 real changes made)
(1 real change made)
file ../output/figures/all_jrnls/es_ppml/es_ppr_cnt_r1_r2_r1_ppml_medpi_mshrctrl.pdf saved as PDF format
file ../temp/es_ppr_cnt_r1_r2_r1_ppml_medpi_mshrctrl.dta saved
N = 6,550; 655 balanced groups of size 10
N = 6,550; 83 unbalanced groups of sizes 10 to 600

                        (sum) ppr_cnt
-------------------------------------------------------------
      Percentiles      Smallest
 1%            0              0
 5%            0              0
10%            0              0       Obs               2,620
25%            1              0       Sum of wgt.       2,620

50%            2                      Mean                1.9
                        Largest       Std. dev.      1.681583
75%            3             12
90%            4             14       Variance       2.827721
95%            5             15       Skewness       2.295732
99%            8             18       Kurtosis       13.09063
(123,360 observations deleted)

                             ub
-------------------------------------------------------------
      Percentiles      Smallest
 1%            0              0
 5%            0        .696649
10%     .3483245       1.041727       Obs                  10
25%     1.041727       1.260054       Sum of wgt.          10

50%     1.949939                      Mean           1.722189
                        Largest       Std. dev.      .9724897
75%     2.286106       2.032987
90%     3.002244       2.286106       Variance       .9457363
95%     3.074015       2.930472       Skewness      -.2705986
99%     3.074015       3.074015       Kurtosis        2.17445

                             lb
-------------------------------------------------------------
      Percentiles      Smallest
 1%    -3.041567      -3.041567
 5%    -3.041567      -2.707773
10%     -2.87467      -2.555547       Obs                  10
25%    -2.555547      -2.180452       Sum of wgt.          10

50%    -1.963158                      Mean          -1.761556
                        Largest       Std. dev.      .9651243
75%     -1.14969      -1.477627
90%    -.2882946       -1.14969       Variance        .931465
95%            0      -.5765893       Skewness       .5012284
99%            0              0       Kurtosis       2.229008
(9 missing values generated)
(9 real changes made)
(7 real changes made)
(1 real change made)
file ../output/figures/all_jrnls/es_ppml/es_ppr_cnt_r1_r2_r2_ppml_medpi_mshrctrl.pdf saved as PDF format
file ../temp/es_ppr_cnt_r1_r2_r2_ppml_medpi_mshrctrl.dta saved
Iteration 1:   deviance = 1.3720e+05  eps = .         iters = 3    tol = 1.0e-04  min(eta) =  -1.53  P   
Iteration 2:   deviance = 1.3346e+05  eps = 2.80e-02  iters = 2    tol = 1.0e-04  min(eta) =  -1.84      
Iteration 3:   deviance = 1.3343e+05  eps = 2.32e-04  iters = 2    tol = 1.0e-04  min(eta) =  -1.90      
Iteration 4:   deviance = 1.3343e+05  eps = 1.06e-07  iters = 2    tol = 1.0e-04  min(eta) =  -1.90      
Iteration 5:   deviance = 1.3343e+05  eps = 2.94e-13  iters = 2    tol = 1.0e-05  min(eta) =  -1.90   S O
------------------------------------------------------------------------------------------------------------
(legend: p: exact partial-out   s: exact solver   h: step-halving   o: epsilon below tolerance)
Converged in 5 iterations and 11 HDFE sub-iterations (tol = 1.0e-08)

HDFE PPML regression                              No. of obs      =    123,370
Absorbing 2 HDFE groups                           Residual df     =     12,336
Statistics robust to heteroskedasticity           Wald chi2(5)    =       9.69
Deviance             =  133429.1857               Prob > chi2     =     0.0846
Log pseudolikelihood = -185414.5928               Pseudo R2       =     0.1945

Number of clusters (athr_id)=     12,337
                           (Std. err. adjusted for 12,337 clusters in athr_id)
------------------------------------------------------------------------------
             |               Robust
     ppr_cnt | Coefficient  std. err.      z    P>|z|     [95% conf. interval]
-------------+----------------------------------------------------------------
  Z_pub_inst |  -.4125662   .1689496    -2.44   0.015    -.7437013   -.0814311
 Z_priv_inst |   -.130993   .2046175    -0.64   0.522     -.532036    .2700499
  S_pub_inst |  -.0285067   .0701717    -0.41   0.685    -.1660408    .1090273
 S_priv_inst |    .013035   .0889318     0.15   0.883    -.1612682    .1873381
 PT_pub_inst |  -.0016011   .0369357    -0.04   0.965    -.0739936    .0707915
       _cons |    .775278   .0142096    54.56   0.000     .7474276    .8031283
------------------------------------------------------------------------------

Absorbed degrees of freedom:
-----------------------------------------------------+
 Absorbed FE | Categories  - Redundant  = Num. Coefs |
-------------+---------------------------------------|
     athr_id |     12337       12337           0    *|
        year |        10           1           9     |
-----------------------------------------------------+
* = FE nested within cluster; treated as redundant for DoF computation
N = 75,350; 7,535 balanced groups of size 10
N = 75,350; 136 unbalanced groups of sizes 10 to 3,840
pooled-DiD int PPML all_jrnls_r1_r2 ppr_cnt pub_inst med_pi: b= -0.4126 (se=  0.1689)   N=   123370 PIs=7535 Insts=136
N = 48,020; 4,802 balanced groups of size 10
N = 48,020; 62 unbalanced groups of sizes 10 to 4,640
pooled-DiD int PPML all_jrnls_r1_r2 ppr_cnt priv_inst med_pi: b= -0.1310 (se=  0.2046)   N=   123370 PIs=4802 Insts=62
Iteration 1:   deviance = 1.3716e+05  eps = .         iters = 3    tol = 1.0e-04  min(eta) =  -1.58  P   
Iteration 2:   deviance = 1.3342e+05  eps = 2.80e-02  iters = 2    tol = 1.0e-04  min(eta) =  -1.92      
Iteration 3:   deviance = 1.3339e+05  eps = 2.33e-04  iters = 2    tol = 1.0e-04  min(eta) =  -1.98      
Iteration 4:   deviance = 1.3339e+05  eps = 1.07e-07  iters = 2    tol = 1.0e-04  min(eta) =  -1.98      
Iteration 5:   deviance = 1.3339e+05  eps = 3.01e-13  iters = 2    tol = 1.0e-05  min(eta) =  -1.98   S O
------------------------------------------------------------------------------------------------------------
(legend: p: exact partial-out   s: exact solver   h: step-halving   o: epsilon below tolerance)
Converged in 5 iterations and 11 HDFE sub-iterations (tol = 1.0e-08)

HDFE PPML regression                              No. of obs      =    123,370
Absorbing 2 HDFE groups                           Residual df     =     12,336
Statistics robust to heteroskedasticity           Wald chi2(37)   =      44.65
Deviance             =  133388.8837               Prob > chi2     =     0.1812
Log pseudolikelihood = -185394.4418               Pseudo R2       =     0.1946

Number of clusters (athr_id)=     12,337
                                   (Std. err. adjusted for 12,337 clusters in athr_id)
--------------------------------------------------------------------------------------
                     |               Robust
             ppr_cnt | Coefficient  std. err.      z    P>|z|     [95% conf. interval]
---------------------+----------------------------------------------------------------
  int_lead4_pub_inst |  -.1117093   .2593941    -0.43   0.667    -.6201124    .3966938
  int_lead3_pub_inst |  -.4331668   .2470392    -1.75   0.080    -.9173547    .0510211
  int_lead2_pub_inst |   .0684508   .2344555     0.29   0.770    -.3910734    .5279751
   int_lag0_pub_inst |  -.4090918   .2623401    -1.56   0.119    -.9232689    .1050854
   int_lag1_pub_inst |  -.4668913   .2763888    -1.69   0.091    -1.008603    .0748208
   int_lag2_pub_inst |  -.2401676     .30456    -0.79   0.430    -.8370942     .356759
   int_lag3_pub_inst |  -.6475106   .3194552    -2.03   0.043    -1.273631   -.0213898
   int_lag4_pub_inst |  -.5976398   .3318821    -1.80   0.072    -1.248117    .0528371
   int_lag5_pub_inst |  -.9502799   .3329519    -2.85   0.004    -1.602854   -.2977062
 int_lead4_priv_inst |   .2098349   .3497055     0.60   0.548    -.4755752    .8952451
 int_lead3_priv_inst |   .2654867   .3207607     0.83   0.408    -.3631927    .8941662
 int_lead2_priv_inst |   .1856445   .3211167     0.58   0.563    -.4437327    .8150216
  int_lag0_priv_inst |   .2450315   .3467641     0.71   0.480    -.4346137    .9246768
  int_lag1_priv_inst |  -.0892896   .3327719    -0.27   0.788    -.7415105    .5629313
  int_lag2_priv_inst |   .0475585   .3674168     0.13   0.897    -.6725652    .7676823
  int_lag3_priv_inst |   .2394581   .3654066     0.66   0.512    -.4767258    .9556419
  int_lag4_priv_inst |  -.3146218    .393025    -0.80   0.423    -1.084937     .455693
  int_lag5_priv_inst |   .0302757   .4195321     0.07   0.942     -.791992    .8525435
 mshr_lead4_pub_inst |   .1142166   .0834503     1.37   0.171     -.049343    .2777762
 mshr_lead3_pub_inst |    .078349   .0779255     1.01   0.315    -.0743822    .2310803
 mshr_lead2_pub_inst |   .0759315   .0754299     1.01   0.314    -.0719084    .2237714
  mshr_lag0_pub_inst |   .1642739   .0936152     1.75   0.079    -.0192086    .3477565
  mshr_lag1_pub_inst |    .145527   .0973362     1.50   0.135    -.0452485    .3363025
  mshr_lag2_pub_inst |  -.0173539   .1049158    -0.17   0.869    -.2229851    .1882773
  mshr_lag3_pub_inst |  -.0744764   .1117555    -0.67   0.505    -.2935132    .1445605
  mshr_lag4_pub_inst |   .0053944   .1167061     0.05   0.963    -.2233453    .2341341
  mshr_lag5_pub_inst |  -.0570338   .1200283    -0.48   0.635    -.2922849    .1782173
mshr_lead4_priv_inst |   .0261883   .0961681     0.27   0.785    -.1622978    .2146743
mshr_lead3_priv_inst |     .07431   .0869653     0.85   0.393    -.0961388    .2447588
mshr_lead2_priv_inst |   .0119006   .0867773     0.14   0.891    -.1581798    .1819809
 mshr_lag0_priv_inst |   .1671484   .1119839     1.49   0.136     -.052336    .3866329
 mshr_lag1_priv_inst |   .1612326   .1126413     1.43   0.152    -.0595402    .3820055
 mshr_lag2_priv_inst |  -.0658243   .1233623    -0.53   0.594    -.3076101    .1759614
 mshr_lag3_priv_inst |  -.0692607   .1244522    -0.56   0.578    -.3131826    .1746612
 mshr_lag4_priv_inst |   .0304837   .1270255     0.24   0.810    -.2184818    .2794491
 mshr_lag5_priv_inst |  -.0375746   .1356454    -0.28   0.782    -.3034348    .2282856
         PT_pub_inst |  -.0015939   .0369478    -0.04   0.966    -.0740103    .0708225
               _cons |   .7591911   .0192346    39.47   0.000      .721492    .7968902
--------------------------------------------------------------------------------------

Absorbed degrees of freedom:
-----------------------------------------------------+
 Absorbed FE | Categories  - Redundant  = Num. Coefs |
-------------+---------------------------------------|
     athr_id |     12337       12337           0    *|
        year |        10           1           9     |
-----------------------------------------------------+
* = FE nested within cluster; treated as redundant for DoF computation
N = 75,350; 7,535 balanced groups of size 10
N = 75,350; 136 unbalanced groups of sizes 10 to 3,840

                        (sum) ppr_cnt
-------------------------------------------------------------
      Percentiles      Smallest
 1%            0              0
 5%            0              0
10%            0              0       Obs              30,140
25%            1              0       Sum of wgt.      30,140

50%            2                      Mean            2.11284
                        Largest       Std. dev.      1.820263
75%            3             17
90%            4             17       Variance       3.313356
95%            6             18       Skewness       2.015092
99%            9             21       Kurtosis        10.1294
(123,360 observations deleted)

                             ub
-------------------------------------------------------------
      Percentiles      Smallest
 1%    -.2976942      -.2976942
 5%    -.2976942      -.0213783
10%    -.1595363              0       Obs                  10
25%            0         .05103       Sum of wgt.          10

50%     .0638399                      Mean           .1246189
                        Largest       Std. dev.      .2401959
75%     .3567699       .1050948
90%     .4623434       .3567699       Variance       .0576941
95%     .5279835       .3967032       Skewness       .1438249
99%     .5279835       .5279835       Kurtosis       2.500697

                             lb
-------------------------------------------------------------
      Percentiles      Smallest
 1%    -1.602866      -1.602866
 5%    -1.602866      -1.273643
10%    -1.438254      -1.248129       Obs                  10
25%    -1.248129      -1.008613       Sum of wgt.          10

50%     -.920321                      Mean          -.8822202
                        Largest       Std. dev.      .4613491
75%    -.6201218      -.8371052
90%    -.1955409      -.6201218       Variance        .212843
95%            0      -.3910819       Skewness       .4029854
99%            0              0       Kurtosis       2.670798
(9 missing values generated)
(9 real changes made)
(7 real changes made)
(1 real change made)
file ../output/figures/all_jrnls/es_ppml/es_ppr_cnt_r1_r2_pub_inst_ppml_medpi_mshrctrl.pdf saved as PDF format
file ../temp/es_ppr_cnt_r1_r2_pub_inst_ppml_medpi_mshrctrl.dta saved
N = 48,020; 4,802 balanced groups of size 10
N = 48,020; 62 unbalanced groups of sizes 10 to 4,640

                        (sum) ppr_cnt
-------------------------------------------------------------
      Percentiles      Smallest
 1%            0              0
 5%            0              0
10%            0              0       Obs              19,208
25%            1              0       Sum of wgt.      19,208

50%            2                      Mean           2.216733
                        Largest       Std. dev.      1.919892
75%            3             23
90%            5             27       Variance       3.685986
95%            6             28       Skewness       2.393194
99%            9             32       Kurtosis       16.69404
(123,360 observations deleted)

                             ub
-------------------------------------------------------------
      Percentiles      Smallest
 1%            0              0
 5%            0       .4557072
10%     .2278536       .5629432       Obs                  10
25%     .5629432       .7676955       Sum of wgt.          10

50%     .8337959                      Mean           .7123717
                        Largest       Std. dev.      .2980861
75%     .8952577       .8941777
90%     .9401722       .8952577       Variance       .0888553
95%      .955655       .9246893       Skewness      -1.510758
99%      .955655        .955655       Kurtosis       4.231647

                             lb
-------------------------------------------------------------
      Percentiles      Smallest
 1%    -1.084951      -1.084951
 5%    -1.084951      -.7920071
10%    -.9384789      -.7415225       Obs                  10
25%    -.7415225      -.6725785       Sum of wgt.          10

50%    -.4761634                      Mean           -.548496
                        Largest       Std. dev.        .29237
75%    -.4346262      -.4437443
90%    -.1816021      -.4346262       Variance       .0854802
95%            0      -.3632042       Skewness      -.0148395
99%            0              0       Kurtosis       3.041152
(9 missing values generated)
(9 real changes made)
(7 real changes made)
(1 real change made)
file ../output/figures/all_jrnls/es_ppml/es_ppr_cnt_r1_r2_priv_inst_ppml_medpi_mshrctrl.pdf saved as PDF format
file ../temp/es_ppr_cnt_r1_r2_priv_inst_ppml_medpi_mshrctrl.dta saved
Iteration 1:   deviance = 1.3716e+05  eps = .         iters = 3    tol = 1.0e-04  min(eta) =  -1.46  P   
Iteration 2:   deviance = 1.3329e+05  eps = 2.90e-02  iters = 3    tol = 1.0e-04  min(eta) =  -1.79      
Iteration 3:   deviance = 1.3326e+05  eps = 2.51e-04  iters = 2    tol = 1.0e-04  min(eta) =  -1.85      
Iteration 4:   deviance = 1.3326e+05  eps = 1.00e-07  iters = 2    tol = 1.0e-04  min(eta) =  -1.86      
Iteration 5:   deviance = 1.3326e+05  eps = 1.73e-13  iters = 2    tol = 1.0e-05  min(eta) =  -1.86   S  
Iteration 6:   deviance = 1.3326e+05  eps = 2.01e-16  iters = 2    tol = 1.0e-08  min(eta) =  -1.86   S O
------------------------------------------------------------------------------------------------------------
(legend: p: exact partial-out   s: exact solver   h: step-halving   o: epsilon below tolerance)
Converged in 6 iterations and 14 HDFE sub-iterations (tol = 1.0e-08)

HDFE PPML regression                              No. of obs      =    123,370
Absorbing 2 HDFE groups                           Residual df     =     12,336
Statistics robust to heteroskedasticity           Wald chi2(5)    =     108.13
Deviance             =  133260.0188               Prob > chi2     =     0.0000
Log pseudolikelihood = -185330.0094               Pseudo R2       =     0.1949

Number of clusters (athr_id)=     12,337
                              (Std. err. adjusted for 12,337 clusters in athr_id)
---------------------------------------------------------------------------------
                |               Robust
        ppr_cnt | Coefficient  std. err.      z    P>|z|     [95% conf. interval]
----------------+----------------------------------------------------------------
 Z_high_pre_ppr |  -.2466951   .1525856    -1.62   0.106    -.5457575    .0523672
  Z_low_pre_ppr |  -.3792209   .2454759    -1.54   0.122    -.8603448     .101903
 S_high_pre_ppr |   .0357433    .065937     0.54   0.588    -.0934909    .1649774
  S_low_pre_ppr |  -.0657807   .0967575    -0.68   0.497     -.255422    .1238605
PT_high_pre_ppr |  -.1639176    .038036    -4.31   0.000    -.2384668   -.0893683
          _cons |   .8314351   .0155563    53.45   0.000     .8009452    .8619249
---------------------------------------------------------------------------------

Absorbed degrees of freedom:
-----------------------------------------------------+
 Absorbed FE | Categories  - Redundant  = Num. Coefs |
-------------+---------------------------------------|
     athr_id |     12337       12337           0    *|
        year |        10           1           9     |
-----------------------------------------------------+
* = FE nested within cluster; treated as redundant for DoF computation
N = 67,750; 6,775 balanced groups of size 10
N = 67,750; 185 unbalanced groups of sizes 10 to 2,680
pooled-DiD int PPML all_jrnls_r1_r2 ppr_cnt high_pre_ppr med_pi: b= -0.2467 (se=  0.1526)   N=   123370 PIs=6775 Insts=185
N = 55,620; 5,562 balanced groups of size 10
N = 55,620; 186 unbalanced groups of sizes 10 to 1,960
pooled-DiD int PPML all_jrnls_r1_r2 ppr_cnt low_pre_ppr med_pi: b= -0.3792 (se=  0.2455)   N=   123370 PIs=5562 Insts=186
Iteration 1:   deviance = 1.3714e+05  eps = .         iters = 3    tol = 1.0e-04  min(eta) =  -1.44  P   
Iteration 2:   deviance = 1.3326e+05  eps = 2.91e-02  iters = 3    tol = 1.0e-04  min(eta) =  -1.81      
Iteration 3:   deviance = 1.3323e+05  eps = 2.53e-04  iters = 2    tol = 1.0e-04  min(eta) =  -1.88      
Iteration 4:   deviance = 1.3323e+05  eps = 1.01e-07  iters = 2    tol = 1.0e-04  min(eta) =  -1.89      
Iteration 5:   deviance = 1.3323e+05  eps = 1.66e-13  iters = 2    tol = 1.0e-05  min(eta) =  -1.89   S  
Iteration 6:   deviance = 1.3323e+05  eps = 0.00e+00  iters = 2    tol = 1.0e-08  min(eta) =  -1.89   S O
------------------------------------------------------------------------------------------------------------
(legend: p: exact partial-out   s: exact solver   h: step-halving   o: epsilon below tolerance)
Converged in 6 iterations and 14 HDFE sub-iterations (tol = 1.0e-08)

HDFE PPML regression                              No. of obs      =    123,370
Absorbing 2 HDFE groups                           Residual df     =     12,336
Statistics robust to heteroskedasticity           Wald chi2(37)   =     135.89
Deviance             =  133225.6309               Prob > chi2     =     0.0000
Log pseudolikelihood = -185312.8154               Pseudo R2       =     0.1950

Number of clusters (athr_id)=     12,337
                                      (Std. err. adjusted for 12,337 clusters in athr_id)
-----------------------------------------------------------------------------------------
                        |               Robust
                ppr_cnt | Coefficient  std. err.      z    P>|z|     [95% conf. interval]
------------------------+----------------------------------------------------------------
 int_lead4_high_pre_ppr |   .0749084   .2431315     0.31   0.758    -.4016206    .5514374
 int_lead3_high_pre_ppr |  -.0781582   .2307102    -0.34   0.735    -.5303419    .3740255
 int_lead2_high_pre_ppr |   .1504152   .2195203     0.69   0.493    -.2798367    .5806671
  int_lag0_high_pre_ppr |   .0206444   .2432291     0.08   0.932    -.4560759    .4973647
  int_lag1_high_pre_ppr |  -.2331407   .2492211    -0.94   0.350    -.7216051    .2553237
  int_lag2_high_pre_ppr |   .0041289   .2717385     0.02   0.988    -.5284688    .5367266
  int_lag3_high_pre_ppr |  -.3065568   .2805212    -1.09   0.274    -.8563683    .2432547
  int_lag4_high_pre_ppr |   -.334862   .2928604    -1.14   0.253    -.9088579    .2391339
  int_lag5_high_pre_ppr |  -.5219822     .30249    -1.73   0.084    -1.114852    .0708873
  int_lead4_low_pre_ppr |   -.268707   .3814501    -0.70   0.481    -1.016336    .4789215
  int_lead3_low_pre_ppr |  -.4919172   .3527021    -1.39   0.163    -1.183201    .1993663
  int_lead2_low_pre_ppr |  -.0433138   .3660039    -0.12   0.906    -.7606682    .6740406
   int_lag0_low_pre_ppr |  -.6749757   .4077202    -1.66   0.098    -1.474093    .1241411
   int_lag1_low_pre_ppr |  -.5371067   .4052647    -1.33   0.185    -1.331411    .2571975
   int_lag2_low_pre_ppr |   -.503289   .4668582    -1.08   0.281    -1.418314    .4117363
   int_lag3_low_pre_ppr |  -.2278915    .480382    -0.47   0.635    -1.169423    .7136399
   int_lag4_low_pre_ppr |  -.9098015   .5080406    -1.79   0.073    -1.905543    .0859397
   int_lag5_low_pre_ppr |  -.6525045   .5150804    -1.27   0.205    -1.662044    .3570344
mshr_lead4_high_pre_ppr |   .0988865   .0827324     1.20   0.232    -.0632661    .2610391
mshr_lead3_high_pre_ppr |   .0664448   .0766445     0.87   0.386    -.0837757    .2166654
mshr_lead2_high_pre_ppr |   .0488503    .074597     0.65   0.513    -.0973572    .1950578
 mshr_lag0_high_pre_ppr |   .2155084   .0874327     2.46   0.014     .0441434    .3868735
 mshr_lag1_high_pre_ppr |   .2119022   .0909682     2.33   0.020     .0336077    .3901966
 mshr_lag2_high_pre_ppr |    .011555   .1006391     0.11   0.909     -.185694    .2088039
 mshr_lag3_high_pre_ppr |  -.0286175   .1055603    -0.27   0.786     -.235512    .1782769
 mshr_lag4_high_pre_ppr |   .0583667    .109338     0.53   0.593    -.1559319    .2726653
 mshr_lag5_high_pre_ppr |  -.0033968   .1141438    -0.03   0.976    -.2271145     .220321
 mshr_lead4_low_pre_ppr |   .0329915   .0974539     0.34   0.735    -.1580147    .2239976
 mshr_lead3_low_pre_ppr |   .0930918   .0906774     1.03   0.305    -.0846325    .2708162
 mshr_lead2_low_pre_ppr |   .0974295   .0921978     1.06   0.291    -.0832749    .2781338
  mshr_lag0_low_pre_ppr |   .1057206   .1281193     0.83   0.409    -.1453887    .3568299
  mshr_lag1_low_pre_ppr |   .0549803   .1288053     0.43   0.669    -.1974734    .3074341
  mshr_lag2_low_pre_ppr |  -.0378206   .1356065    -0.28   0.780    -.3036044    .2279632
  mshr_lag3_low_pre_ppr |  -.1090707   .1426629    -0.76   0.445    -.3886848    .1705434
  mshr_lag4_low_pre_ppr |  -.0101147   .1464212    -0.07   0.945    -.2970951    .2768656
  mshr_lag5_low_pre_ppr |  -.1062505   .1524657    -0.70   0.486    -.4050779    .1925769
        PT_high_pre_ppr |  -.1635138   .0380503    -4.30   0.000    -.2380911   -.0889366
                  _cons |   .8152485   .0212609    38.35   0.000      .773578    .8569191
-----------------------------------------------------------------------------------------

Absorbed degrees of freedom:
-----------------------------------------------------+
 Absorbed FE | Categories  - Redundant  = Num. Coefs |
-------------+---------------------------------------|
     athr_id |     12337       12337           0    *|
        year |        10           1           9     |
-----------------------------------------------------+
* = FE nested within cluster; treated as redundant for DoF computation
N = 67,750; 6,775 balanced groups of size 10
N = 67,750; 185 unbalanced groups of sizes 10 to 2,680

                        (sum) ppr_cnt
-------------------------------------------------------------
      Percentiles      Smallest
 1%            0              0
 5%            0              0
10%            1              0       Obs              27,100
25%            2              0       Sum of wgt.      27,100

50%            3                      Mean           2.903653
                        Largest       Std. dev.       2.11332
75%            4             23
90%            5             27       Variance       4.466122
95%            7             28       Skewness       1.812567
99%           10             32       Kurtosis       10.76159
(123,360 observations deleted)

                             ub
-------------------------------------------------------------
      Percentiles      Smallest
 1%            0              0
 5%            0       .0708982
10%     .0354491       .2391444       Obs                  10
25%     .2391444       .2432648       Sum of wgt.          10

50%     .3146832                      Mean           .3348905
                        Largest       Std. dev.      .2059441
75%     .5367364       .4973735
90%     .5660606       .5367364       Variance        .042413
95%      .580675       .5514461       Skewness      -.2752875
99%      .580675        .580675       Kurtosis       1.773237

                             lb
-------------------------------------------------------------
      Percentiles      Smallest
 1%    -1.114863      -1.114863
 5%    -1.114863      -.9088684
10%    -1.011866      -.8563784       Obs                  10
25%    -.8563784      -.7216141       Sum of wgt.          10

50%    -.5294144                      Mean          -.5798111
                        Largest       Std. dev.      .3282031
75%    -.4016293      -.4560846
90%    -.1399223      -.4016293       Variance       .1077173
95%            0      -.2798446       Skewness       .0560186
99%            0              0       Kurtosis       2.365337
(9 missing values generated)
(9 real changes made)
(7 real changes made)
(1 real change made)
file ../output/figures/all_jrnls/es_ppml/es_ppr_cnt_r1_r2_high_pre_ppr_ppml_medpi_mshrctrl.pdf saved as PDF format
file ../temp/es_ppr_cnt_r1_r2_high_pre_ppr_ppml_medpi_mshrctrl.dta saved
N = 55,620; 5,562 balanced groups of size 10
N = 55,620; 186 unbalanced groups of sizes 10 to 1,960

                        (sum) ppr_cnt
-------------------------------------------------------------
      Percentiles      Smallest
 1%            0              0
 5%            0              0
10%            0              0       Obs              22,248
25%            1              0       Sum of wgt.      22,248

50%            1                      Mean           1.239257
                        Largest       Std. dev.       .845705
75%            2              4
90%            2              4       Variance        .715217
95%            3              4       Skewness       .4503172
99%            3              4       Kurtosis       3.066883
(123,360 observations deleted)

                             ub
-------------------------------------------------------------
      Percentiles      Smallest
 1%            0              0
 5%            0        .085958
10%      .042979       .1241558       Obs                  10
25%     .1241558        .199379       Sum of wgt.          10

50%     .3071325                      Mean           .3302157
                        Largest       Std. dev.      .2422925
75%     .4789352       .4117531
90%     .6938555       .4789352       Variance       .0587056
95%     .7136572       .6740538       Skewness       .3204603
99%     .7136572       .7136572       Kurtosis       1.923742

                             lb
-------------------------------------------------------------
      Percentiles      Smallest
 1%    -1.905561      -1.905561
 5%    -1.905561      -1.662062
10%    -1.783812      -1.474107       Obs                  10
25%    -1.474107      -1.418331       Sum of wgt.          10

50%    -1.257319                      Mean          -1.192117
                        Largest       Std. dev.      .5290155
75%    -1.016349       -1.16944
90%    -.3803407      -1.016349       Variance       .2798574
95%            0      -.7606814       Skewness       1.009667
99%            0              0       Kurtosis       3.739676
(9 missing values generated)
(9 real changes made)
(7 real changes made)
(1 real change made)
file ../output/figures/all_jrnls/es_ppml/es_ppr_cnt_r1_r2_low_pre_ppr_ppml_medpi_mshrctrl.pdf saved as PDF format
file ../temp/es_ppr_cnt_r1_r2_low_pre_ppr_ppml_medpi_mshrctrl.dta saved
Iteration 1:   deviance = 1.3718e+05  eps = .         iters = 3    tol = 1.0e-04  min(eta) =  -1.52  P   
Iteration 2:   deviance = 1.3345e+05  eps = 2.80e-02  iters = 2    tol = 1.0e-04  min(eta) =  -1.83      
Iteration 3:   deviance = 1.3342e+05  eps = 2.31e-04  iters = 2    tol = 1.0e-04  min(eta) =  -1.89      
Iteration 4:   deviance = 1.3342e+05  eps = 1.05e-07  iters = 2    tol = 1.0e-04  min(eta) =  -1.89      
Iteration 5:   deviance = 1.3342e+05  eps = 2.98e-13  iters = 2    tol = 1.0e-05  min(eta) =  -1.89   S O
------------------------------------------------------------------------------------------------------------
(legend: p: exact partial-out   s: exact solver   h: step-halving   o: epsilon below tolerance)
Converged in 5 iterations and 11 HDFE sub-iterations (tol = 1.0e-08)

HDFE PPML regression                              No. of obs      =    123,370
Absorbing 2 HDFE groups                           Residual df     =     12,336
Statistics robust to heteroskedasticity           Wald chi2(5)    =      13.75
Deviance             =  133421.9076               Prob > chi2     =     0.0172
Log pseudolikelihood = -185410.9537               Pseudo R2       =     0.1945

Number of clusters (athr_id)=     12,337
                           (Std. err. adjusted for 12,337 clusters in athr_id)
------------------------------------------------------------------------------
             |               Robust
     ppr_cnt | Coefficient  std. err.      z    P>|z|     [95% conf. interval]
-------------+----------------------------------------------------------------
  Z_big_team |   -.481841   .1948276    -2.47   0.013    -.8636962   -.0999859
Z_small_team |  -.1668867   .1757971    -0.95   0.342    -.5114427    .1776692
  S_big_team |   .0167652    .086047     0.19   0.846    -.1518838    .1854142
S_small_team |  -.0273484   .0711974    -0.38   0.701    -.1668929     .112196
 PT_big_team |    .029093   .0364423     0.80   0.425    -.0423325    .1005186
       _cons |   .7665933   .0121148    63.28   0.000     .7428487    .7903379
------------------------------------------------------------------------------

Absorbed degrees of freedom:
-----------------------------------------------------+
 Absorbed FE | Categories  - Redundant  = Num. Coefs |
-------------+---------------------------------------|
     athr_id |     12337       12337           0    *|
        year |        10           1           9     |
-----------------------------------------------------+
* = FE nested within cluster; treated as redundant for DoF computation
N = 61,750; 6,175 balanced groups of size 10
N = 61,750; 175 unbalanced groups of sizes 10 to 2,940
pooled-DiD int PPML all_jrnls_r1_r2 ppr_cnt big_team med_pi: b= -0.4818 (se=  0.1948)   N=   123370 PIs=6175 Insts=175
N = 61,620; 6,162 balanced groups of size 10
N = 61,620; 195 unbalanced groups of sizes 10 to 1,870
pooled-DiD int PPML all_jrnls_r1_r2 ppr_cnt small_team med_pi: b= -0.1669 (se=  0.1758)   N=   123370 PIs=6162 Insts=195
Iteration 1:   deviance = 1.3715e+05  eps = .         iters = 3    tol = 1.0e-04  min(eta) =  -1.55  P   
Iteration 2:   deviance = 1.3342e+05  eps = 2.80e-02  iters = 2    tol = 1.0e-04  min(eta) =  -1.88      
Iteration 3:   deviance = 1.3339e+05  eps = 2.31e-04  iters = 2    tol = 1.0e-04  min(eta) =  -1.94      
Iteration 4:   deviance = 1.3339e+05  eps = 1.06e-07  iters = 2    tol = 1.0e-04  min(eta) =  -1.94      
Iteration 5:   deviance = 1.3339e+05  eps = 3.05e-13  iters = 2    tol = 1.0e-05  min(eta) =  -1.94   S O
------------------------------------------------------------------------------------------------------------
(legend: p: exact partial-out   s: exact solver   h: step-halving   o: epsilon below tolerance)
Converged in 5 iterations and 11 HDFE sub-iterations (tol = 1.0e-08)

HDFE PPML regression                              No. of obs      =    123,370
Absorbing 2 HDFE groups                           Residual df     =     12,336
Statistics robust to heteroskedasticity           Wald chi2(37)   =      42.40
Deviance             =  133386.7524               Prob > chi2     =     0.2494
Log pseudolikelihood = -185393.3762               Pseudo R2       =     0.1946

Number of clusters (athr_id)=     12,337
                                    (Std. err. adjusted for 12,337 clusters in athr_id)
---------------------------------------------------------------------------------------
                      |               Robust
              ppr_cnt | Coefficient  std. err.      z    P>|z|     [95% conf. interval]
----------------------+----------------------------------------------------------------
   int_lead4_big_team |  -.0862714   .3053953    -0.28   0.778    -.6848352    .5122925
   int_lead3_big_team |   .1165589   .2862657     0.41   0.684    -.4445114    .6776293
   int_lead2_big_team |   .1219457   .2771682     0.44   0.660     -.421294    .6651854
    int_lag0_big_team |  -.2189561   .3172663    -0.69   0.490    -.8407867    .4028745
    int_lag1_big_team |  -.3019331   .3065813    -0.98   0.325    -.9028213    .2989552
    int_lag2_big_team |  -.3966903   .3498422    -1.13   0.257    -1.082368    .2889878
    int_lag3_big_team |  -.3446569   .3531129    -0.98   0.329    -1.036746    .3474318
    int_lag4_big_team |  -.6312769   .3769437    -1.67   0.094    -1.370073    .1075193
    int_lag5_big_team |  -.9150325   .3737647    -2.45   0.014    -1.647598   -.1824671
 int_lead4_small_team |   .0906167   .2851957     0.32   0.751    -.4683567    .6495901
 int_lead3_small_team |  -.4133471   .2682631    -1.54   0.123    -.9391332     .112439
 int_lead2_small_team |   .1013475   .2590394     0.39   0.696    -.4063604    .6090553
  int_lag0_small_team |  -.1103305   .2794099    -0.39   0.693     -.657964    .4373029
  int_lag1_small_team |    -.38184   .2963449    -1.29   0.198    -.9626653    .1989854
  int_lag2_small_team |    .091562   .3173455     0.29   0.773    -.5304237    .7135477
  int_lag3_small_team |  -.3127403   .3333269    -0.94   0.348    -.9660491    .3405685
  int_lag4_small_team |  -.3833968     .34642    -1.11   0.268    -1.062367     .295574
  int_lag5_small_team |  -.2843242   .3645281    -0.78   0.435    -.9987861    .4301377
  mshr_lead4_big_team |   .0782602   .0911682     0.86   0.391    -.1004262    .2569465
  mshr_lead3_big_team |   .0341774   .0842913     0.41   0.685    -.1310306    .1993854
  mshr_lead2_big_team |    .046814   .0818836     0.57   0.568    -.1136748    .2073028
   mshr_lag0_big_team |   .1343099   .1089765     1.23   0.218    -.0792801       .3479
   mshr_lag1_big_team |   .1848162   .1099325     1.68   0.093    -.0306476    .4002799
   mshr_lag2_big_team |  -.0279509   .1208923    -0.23   0.817    -.2648953    .2089936
   mshr_lag3_big_team |   -.035817   .1255455    -0.29   0.775    -.2818816    .2102477
   mshr_lag4_big_team |   .0356529   .1317914     0.27   0.787    -.2226535    .2939593
   mshr_lag5_big_team |  -.0049019   .1330188    -0.04   0.971     -.265614    .2558101
mshr_lead4_small_team |    .090167   .0852859     1.06   0.290    -.0769903    .2573243
mshr_lead3_small_team |   .0973048   .0789479     1.23   0.218    -.0574302    .2520399
mshr_lead2_small_team |   .0635184   .0776373     0.82   0.413    -.0886479    .2156847
 mshr_lag0_small_team |   .1871613   .0952997     1.96   0.050     .0003774    .3739452
 mshr_lag1_small_team |    .142341   .0987571     1.44   0.149    -.0512195    .3359014
 mshr_lag2_small_team |  -.0272329   .1061705    -0.26   0.798    -.2353232    .1808574
 mshr_lag3_small_team |   -.089457   .1108801    -0.81   0.420    -.3067781    .1278641
 mshr_lag4_small_team |   .0080455   .1139407     0.07   0.944    -.2152742    .2313652
 mshr_lag5_small_team |  -.0825191   .1208393    -0.68   0.495    -.3193598    .1543216
          PT_big_team |   .0290042   .0364503     0.80   0.426     -.042437    .1004454
                _cons |   .7509229   .0183287    40.97   0.000     .7149994    .7868464
---------------------------------------------------------------------------------------

Absorbed degrees of freedom:
-----------------------------------------------------+
 Absorbed FE | Categories  - Redundant  = Num. Coefs |
-------------+---------------------------------------|
     athr_id |     12337       12337           0    *|
        year |        10           1           9     |
-----------------------------------------------------+
* = FE nested within cluster; treated as redundant for DoF computation
N = 61,750; 6,175 balanced groups of size 10
N = 61,750; 175 unbalanced groups of sizes 10 to 2,940

                        (sum) ppr_cnt
-------------------------------------------------------------
      Percentiles      Smallest
 1%            0              0
 5%            0              0
10%            0              0       Obs              24,700
25%            1              0       Sum of wgt.      24,700

50%            2                      Mean           2.226316
                        Largest       Std. dev.      1.935233
75%            3             21
90%            5             27       Variance       3.745127
95%            6             28       Skewness       2.285598
99%            9             32       Kurtosis       14.56078
(123,360 observations deleted)

                             ub
-------------------------------------------------------------
      Percentiles      Smallest
 1%    -.1824536      -.1824536
 5%    -.1824536              0
10%    -.0912268       .1075328       Obs                  10
25%     .1075328       .2890004       Sum of wgt.          10

50%     .3232053                      Mean           .3118515
                        Largest       Std. dev.      .2773708
75%     .5123034       .4028859
90%     .6714175       .5123034       Variance       .0769346
95%     .6776397       .6651954       Skewness      -.3168866
99%     .6776397       .6776397       Kurtosis       2.212554

                             lb
-------------------------------------------------------------
      Percentiles      Smallest
 1%    -1.647611      -1.647611
 5%    -1.647611      -1.370087
10%    -1.508849      -1.082381       Obs                  10
25%    -1.082381      -1.036758       Sum of wgt.          10

50%    -.8718152                      Mean           -.843114
                        Largest       Std. dev.      .4825769
75%    -.4445218      -.6848462
90%     -.210652      -.4445218       Variance       .2328804
95%            0       -.421304       Skewness       .0557196
99%            0              0       Kurtosis       2.421006
(9 missing values generated)
(9 real changes made)
(7 real changes made)
(1 real change made)
file ../output/figures/all_jrnls/es_ppml/es_ppr_cnt_r1_r2_big_team_ppml_medpi_mshrctrl.pdf saved as PDF format
file ../temp/es_ppr_cnt_r1_r2_big_team_ppml_medpi_mshrctrl.dta saved
N = 61,620; 6,162 balanced groups of size 10
N = 61,620; 195 unbalanced groups of sizes 10 to 1,870

                        (sum) ppr_cnt
-------------------------------------------------------------
      Percentiles      Smallest
 1%            0              0
 5%            0              0
10%            0              0       Obs              24,648
25%            1              0       Sum of wgt.      24,648

50%            2                      Mean           2.080088
                        Largest       Std. dev.      1.779183
75%            3             18
90%            4             18       Variance       3.165493
95%            5             19       Skewness       2.021874
99%            8             23       Kurtosis        10.7173
(123,360 observations deleted)

                             ub
-------------------------------------------------------------
      Percentiles      Smallest
 1%            0              0
 5%            0       .1124487
10%     .0562244       .1989961       Obs                  10
25%     .1989961       .2955865       Sum of wgt.          10

50%     .3853657                      Mean             .37873
                        Largest       Std. dev.      .2356141
75%     .6090646        .437313
90%     .6815798       .6090646       Variance        .055514
95%     .7135592       .6496004       Skewness      -.0866052
99%     .7135592       .7135592       Kurtosis        1.90207

                             lb
-------------------------------------------------------------
      Percentiles      Smallest
 1%     -1.06238       -1.06238
 5%     -1.06238      -.9987992
10%     -1.03059      -.9660611       Obs                  10
25%    -.9660611       -.962676       Sum of wgt.          10

50%    -.7985584                      Mean          -.6992205
                        Largest       Std. dev.      .3460831
75%    -.4683669      -.5304352
90%    -.2031849      -.4683669       Variance       .1197735
95%            0      -.4063697       Skewness       .7297524
99%            0              0       Kurtosis       2.484431
(9 missing values generated)
(9 real changes made)
(7 real changes made)
(1 real change made)
file ../output/figures/all_jrnls/es_ppml/es_ppr_cnt_r1_r2_small_team_ppml_medpi_mshrctrl.pdf saved as PDF format
file ../temp/es_ppr_cnt_r1_r2_small_team_ppml_medpi_mshrctrl.dta saved
(73,150 missing values generated)
(73,150 missing values generated)
(73,150 missing values generated)
(73,150 missing values generated)
(73,150 missing values generated)
Iteration 1:   deviance = 5.5251e+04  eps = .         iters = 3    tol = 1.0e-04  min(eta) =  -1.48  P   
Iteration 2:   deviance = 5.3846e+04  eps = 2.61e-02  iters = 2    tol = 1.0e-04  min(eta) =  -1.83      
Iteration 3:   deviance = 5.3836e+04  eps = 1.87e-04  iters = 2    tol = 1.0e-04  min(eta) =  -1.90      
Iteration 4:   deviance = 5.3836e+04  eps = 5.62e-08  iters = 2    tol = 1.0e-04  min(eta) =  -1.91      
Iteration 5:   deviance = 5.3836e+04  eps = 6.25e-14  iters = 1    tol = 1.0e-05  min(eta) =  -1.91   S  
Iteration 6:   deviance = 5.3836e+04  eps = 1.30e-16  iters = 2    tol = 1.0e-09  min(eta) =  -1.91   S O
------------------------------------------------------------------------------------------------------------
(legend: p: exact partial-out   s: exact solver   h: step-halving   o: epsilon below tolerance)
Converged in 6 iterations and 12 HDFE sub-iterations (tol = 1.0e-08)

HDFE PPML regression                              No. of obs      =     50,220
Absorbing 2 HDFE groups                           Residual df     =      5,021
Statistics robust to heteroskedasticity           Wald chi2(5)    =       4.63
Deviance             =  53835.62047               Prob > chi2     =     0.4633
Log pseudolikelihood = -78155.75988               Pseudo R2       =     0.1945

Number of clusters (athr_id)=      5,022
                            (Std. err. adjusted for 5,022 clusters in athr_id)
------------------------------------------------------------------------------
             |               Robust
     ppr_cnt | Coefficient  std. err.      z    P>|z|     [95% conf. interval]
-------------+----------------------------------------------------------------
 Z_high_nihg |   .2577682   .2255924     1.14   0.253    -.1843847    .6999212
  Z_low_nihg |   .0519819    .293972     0.18   0.860    -.5241925    .6281564
 S_high_nihg |  -.1441933   .0977836    -1.47   0.140    -.3358456     .047459
  S_low_nihg |   .0546228   .1257014     0.43   0.664    -.1917473    .3009929
PT_high_nihg |    .072888   .0513187     1.42   0.156    -.0276947    .1734707
       _cons |   .8333564   .0205637    40.53   0.000     .7930522    .8736605
------------------------------------------------------------------------------

Absorbed degrees of freedom:
-----------------------------------------------------+
 Absorbed FE | Categories  - Redundant  = Num. Coefs |
-------------+---------------------------------------|
     athr_id |      5022        5022           0    *|
        year |        10           1           9     |
-----------------------------------------------------+
* = FE nested within cluster; treated as redundant for DoF computation
N = 25,770; 2,577 balanced groups of size 10
N = 25,770; 124 unbalanced groups of sizes 10 to 1,640
pooled-DiD int PPML all_jrnls_r1_r2 ppr_cnt high_nihg med_pi: b=  0.2578 (se=  0.2256)   N=    50220 PIs=2577 Insts=124
N = 24,450; 2,445 balanced groups of size 10
N = 24,450; 157 unbalanced groups of sizes 10 to 1,400
pooled-DiD int PPML all_jrnls_r1_r2 ppr_cnt low_nihg med_pi: b=  0.0520 (se=  0.2940)   N=    50220 PIs=2445 Insts=157
Iteration 1:   deviance = 5.5183e+04  eps = .         iters = 3    tol = 1.0e-04  min(eta) =  -1.49  P   
Iteration 2:   deviance = 5.3778e+04  eps = 2.61e-02  iters = 2    tol = 1.0e-04  min(eta) =  -1.84      
Iteration 3:   deviance = 5.3768e+04  eps = 1.87e-04  iters = 2    tol = 1.0e-04  min(eta) =  -1.92      
Iteration 4:   deviance = 5.3768e+04  eps = 5.49e-08  iters = 2    tol = 1.0e-04  min(eta) =  -1.93      
Iteration 5:   deviance = 5.3768e+04  eps = 5.82e-14  iters = 2    tol = 1.0e-05  min(eta) =  -1.93   S  
Iteration 6:   deviance = 5.3768e+04  eps = 0.00e+00  iters = 2    tol = 1.0e-09  min(eta) =  -1.93   S O
------------------------------------------------------------------------------------------------------------
(legend: p: exact partial-out   s: exact solver   h: step-halving   o: epsilon below tolerance)
Converged in 6 iterations and 13 HDFE sub-iterations (tol = 1.0e-08)

HDFE PPML regression                              No. of obs      =     50,220
Absorbing 2 HDFE groups                           Residual df     =      5,021
Statistics robust to heteroskedasticity           Wald chi2(37)   =      71.55
Deviance             =  53768.28763               Prob > chi2     =     0.0006
Log pseudolikelihood = -78122.09346               Pseudo R2       =     0.1949

Number of clusters (athr_id)=      5,022
                                    (Std. err. adjusted for 5,022 clusters in athr_id)
--------------------------------------------------------------------------------------
                     |               Robust
             ppr_cnt | Coefficient  std. err.      z    P>|z|     [95% conf. interval]
---------------------+----------------------------------------------------------------
 int_lead4_high_nihg |  -.4241909    .382673    -1.11   0.268    -1.174216    .3258344
 int_lead3_high_nihg |  -.4511567    .383121    -1.18   0.239     -1.20206    .2997467
 int_lead2_high_nihg |  -.0954907    .361054    -0.26   0.791    -.8031435    .6121621
  int_lag0_high_nihg |  -.1225115   .4170311    -0.29   0.769    -.9398775    .6948545
  int_lag1_high_nihg |   -.426055   .4054153    -1.05   0.293    -1.220654    .3685444
  int_lag2_high_nihg |   .1001766   .4195309     0.24   0.811    -.7220889    .9224421
  int_lag3_high_nihg |    .386839    .450224     0.86   0.390    -.4955837    1.269262
  int_lag4_high_nihg |   .2673024   .4937875     0.54   0.588    -.7005033    1.235108
  int_lag5_high_nihg |    .028733   .4983902     0.06   0.954    -.9480938     1.00556
  int_lead4_low_nihg |  -.4210136   .5293336    -0.80   0.426    -1.458488    .6164613
  int_lead3_low_nihg |  -.6622868   .4762835    -1.39   0.164    -1.595785    .2712117
  int_lead2_low_nihg |  -.5325821   .4383344    -1.22   0.224    -1.391702    .3265375
   int_lag0_low_nihg |   .0291189   .4670698     0.06   0.950    -.8863211    .9445589
   int_lag1_low_nihg |  -.3028048   .4779626    -0.63   0.526    -1.239594    .6339846
   int_lag2_low_nihg |   -.104184   .5344184    -0.19   0.845    -1.151625    .9432568
   int_lag3_low_nihg |  -.3414815   .5367292    -0.64   0.525    -1.393451    .7104883
   int_lag4_low_nihg |  -1.179732   .5450098    -2.16   0.030    -2.247931    -.111532
   int_lag5_low_nihg |  -.3794534    .581455    -0.65   0.514    -1.519084    .7601774
mshr_lead4_high_nihg |   .3074353   .1276033     2.41   0.016     .0573375    .5575331
mshr_lead3_high_nihg |   .3016179   .1230091     2.45   0.014     .0605244    .5427114
mshr_lead2_high_nihg |   .1032739   .1114197     0.93   0.354    -.1151048    .3216526
 mshr_lag0_high_nihg |   .3406722   .1419427     2.40   0.016     .0624696    .6188747
 mshr_lag1_high_nihg |   .1991235   .1446515     1.38   0.169    -.0843883    .4826353
 mshr_lag2_high_nihg |   .0153597   .1614154     0.10   0.924    -.3010087    .3317282
 mshr_lag3_high_nihg |    -.11562   .1655059    -0.70   0.485    -.4400055    .2087655
 mshr_lag4_high_nihg |  -.2012116   .1712986    -1.17   0.240    -.5369507    .1345276
 mshr_lag5_high_nihg |  -.1944687    .180837    -1.08   0.282    -.5489027    .1599652
 mshr_lead4_low_nihg |   .1905373   .1506025     1.27   0.206    -.1046383    .4857128
 mshr_lead3_low_nihg |   .4518428   .1338351     3.38   0.001     .1895308    .7141547
 mshr_lead2_low_nihg |   .3400823   .1256068     2.71   0.007     .0938976     .586267
  mshr_lag0_low_nihg |   .4030024   .1604427     2.51   0.012     .0885404    .7174644
  mshr_lag1_low_nihg |   .3869048   .1658574     2.33   0.020     .0618304    .7119793
  mshr_lag2_low_nihg |   .3053893   .1748452     1.75   0.081    -.0373009    .6480795
  mshr_lag3_low_nihg |    .265431   .1812963     1.46   0.143    -.0899033    .6207653
  mshr_lag4_low_nihg |   .3119206   .1795777     1.74   0.082    -.0400451    .6638864
  mshr_lag5_low_nihg |   .1007693   .1916137     0.53   0.599    -.2747867    .4763253
        PT_high_nihg |   .0746662   .0513691     1.45   0.146    -.0260154    .1753478
               _cons |   .7792672   .0290188    26.85   0.000     .7223913    .8361431
--------------------------------------------------------------------------------------

Absorbed degrees of freedom:
-----------------------------------------------------+
 Absorbed FE | Categories  - Redundant  = Num. Coefs |
-------------+---------------------------------------|
     athr_id |      5022        5022           0    *|
        year |        10           1           9     |
-----------------------------------------------------+
* = FE nested within cluster; treated as redundant for DoF computation
N = 25,770; 2,577 balanced groups of size 10
N = 25,770; 124 unbalanced groups of sizes 10 to 1,640

                        (sum) ppr_cnt
-------------------------------------------------------------
      Percentiles      Smallest
 1%            0              0
 5%            0              0
10%            1              0       Obs              10,308
25%            1              0       Sum of wgt.      10,308

50%            2                      Mean           2.633877
                        Largest       Std. dev.      2.167755
75%            3             23
90%            5             27       Variance       4.699161
95%            7             28       Skewness       2.367104
99%           10             32       Kurtosis       15.83166
(123,360 observations deleted)

                             ub
-------------------------------------------------------------
      Percentiles      Smallest
 1%            0              0
 5%            0       .2997605
10%     .1498803       .3258481       Obs                  10
25%     .3258481        .368559       Sum of wgt.          10

50%     .6535223                      Mean           .6733651
                        Largest       Std. dev.      .4286908
75%     1.005578       .9224572
90%     1.252202       1.005578       Variance       .1837758
95%     1.269278       1.235126       Skewness       .0193882
99%     1.269278       1.269278       Kurtosis       1.791257

                             lb
-------------------------------------------------------------
      Percentiles      Smallest
 1%    -1.220669      -1.220669
 5%    -1.220669      -1.202074
10%    -1.211371       -1.17423       Obs                  10
25%     -1.17423      -.9481118       Sum of wgt.          10

50%    -.8715245                      Mean          -.8206358
                        Largest       Std. dev.      .3748415
75%    -.7005211       -.722104
90%       -.2478      -.7005211       Variance       .1405062
95%            0         -.4956       Skewness       .9388734
99%            0              0       Kurtosis       3.301015
(9 missing values generated)
(9 real changes made)
(7 real changes made)
(1 real change made)
file ../output/figures/all_jrnls/es_ppml/es_ppr_cnt_r1_r2_high_nihg_ppml_medpi_mshrctrl.pdf saved as PDF format
file ../temp/es_ppr_cnt_r1_r2_high_nihg_ppml_medpi_mshrctrl.dta saved
N = 24,450; 2,445 balanced groups of size 10
N = 24,450; 157 unbalanced groups of sizes 10 to 1,400

                        (sum) ppr_cnt
-------------------------------------------------------------
      Percentiles      Smallest
 1%            0              0
 5%            0              0
10%            0              0       Obs               9,780
25%            1              0       Sum of wgt.       9,780

50%            2                      Mean           1.970552
                        Largest       Std. dev.      1.689084
75%            3             14
90%            4             15       Variance       2.853003
95%            5             15       Skewness        1.85872
99%            8             17       Kurtosis       9.212947
(123,360 observations deleted)

                             ub
-------------------------------------------------------------
      Percentiles      Smallest
 1%    -.1115124      -.1115124
 5%    -.1115124              0
10%    -.0557562       .2712288       Obs                  10
25%     .2712288       .3265533       Sum of wgt.          10

50%      .625241                      Mean            .509531
                        Largest       Std. dev.      .3716541
75%     .7601984       .7105076
90%     .9439259       .7601984       Variance       .1381268
95%     .9445758        .943276       Skewness      -.4574776
99%     .9445758       .9445758       Kurtosis       1.926206

                             lb
-------------------------------------------------------------
      Percentiles      Smallest
 1%    -2.247951      -2.247951
 5%    -2.247951      -1.595802
10%    -1.921877      -1.519105       Obs                  10
25%    -1.519105      -1.458507       Sum of wgt.          10

50%    -1.392594                      Mean          -1.288415
                        Largest       Std. dev.      .5736647
75%    -1.151644      -1.239611
90%     -.443169      -1.151644       Variance       .3290912
95%            0       -.886338       Skewness       .7906839
99%            0              0       Kurtosis       4.152432
(9 missing values generated)
(9 real changes made)
(7 real changes made)
(1 real change made)
file ../output/figures/all_jrnls/es_ppml/es_ppr_cnt_r1_r2_low_nihg_ppml_medpi_mshrctrl.pdf saved as PDF format
file ../temp/es_ppr_cnt_r1_r2_low_nihg_ppml_medpi_mshrctrl.dta saved
(73,150 missing values generated)
(73,150 missing values generated)
(73,150 missing values generated)
(73,150 missing values generated)
(73,150 missing values generated)
Iteration 1:   deviance = 5.5244e+04  eps = .         iters = 3    tol = 1.0e-04  min(eta) =  -1.47  P   
Iteration 2:   deviance = 5.3838e+04  eps = 2.61e-02  iters = 2    tol = 1.0e-04  min(eta) =  -1.83      
Iteration 3:   deviance = 5.3828e+04  eps = 1.87e-04  iters = 2    tol = 1.0e-04  min(eta) =  -1.91      
Iteration 4:   deviance = 5.3828e+04  eps = 5.67e-08  iters = 2    tol = 1.0e-04  min(eta) =  -1.92      
Iteration 5:   deviance = 5.3828e+04  eps = 6.44e-14  iters = 1    tol = 1.0e-05  min(eta) =  -1.92   S  
Iteration 6:   deviance = 5.3828e+04  eps = 0.00e+00  iters = 2    tol = 1.0e-09  min(eta) =  -1.92   S O
------------------------------------------------------------------------------------------------------------
(legend: p: exact partial-out   s: exact solver   h: step-halving   o: epsilon below tolerance)
Converged in 6 iterations and 12 HDFE sub-iterations (tol = 1.0e-08)

HDFE PPML regression                              No. of obs      =     50,220
Absorbing 2 HDFE groups                           Residual df     =      5,021
Statistics robust to heteroskedasticity           Wald chi2(5)    =       9.16
Deviance             =  53827.58963               Prob > chi2     =     0.1029
Log pseudolikelihood = -78151.74446               Pseudo R2       =     0.1946

Number of clusters (athr_id)=      5,022
                            (Std. err. adjusted for 5,022 clusters in athr_id)
------------------------------------------------------------------------------
             |               Robust
     ppr_cnt | Coefficient  std. err.      z    P>|z|     [95% conf. interval]
-------------+----------------------------------------------------------------
 Z_high_nihd |   .2234007   .2335341     0.96   0.339    -.2343178    .6811193
  Z_low_nihd |   .1175456   .2803867     0.42   0.675    -.4320023    .6670935
 S_high_nihd |  -.1408257    .100749    -1.40   0.162    -.3382901    .0566386
  S_low_nihd |    .052303   .1207513     0.43   0.665    -.1843652    .2889712
PT_high_nihd |   .0980717   .0509527     1.92   0.054    -.0017938    .1979372
       _cons |   .8255059   .0200182    41.24   0.000     .7862709    .8647408
------------------------------------------------------------------------------

Absorbed degrees of freedom:
-----------------------------------------------------+
 Absorbed FE | Categories  - Redundant  = Num. Coefs |
-------------+---------------------------------------|
     athr_id |      5022        5022           0    *|
        year |        10           1           9     |
-----------------------------------------------------+
* = FE nested within cluster; treated as redundant for DoF computation
N = 25,110; 2,511 balanced groups of size 10
N = 25,110; 116 unbalanced groups of sizes 10 to 1,830
pooled-DiD int PPML all_jrnls_r1_r2 ppr_cnt high_nihd med_pi: b=  0.2234 (se=  0.2335)   N=    50220 PIs=2511 Insts=116
N = 25,110; 2,511 balanced groups of size 10
N = 25,110; 160 unbalanced groups of sizes 10 to 1,210
pooled-DiD int PPML all_jrnls_r1_r2 ppr_cnt low_nihd med_pi: b=  0.1175 (se=  0.2804)   N=    50220 PIs=2511 Insts=160
Iteration 1:   deviance = 5.5192e+04  eps = .         iters = 3    tol = 1.0e-04  min(eta) =  -1.48  P   
Iteration 2:   deviance = 5.3787e+04  eps = 2.61e-02  iters = 2    tol = 1.0e-04  min(eta) =  -1.84      
Iteration 3:   deviance = 5.3777e+04  eps = 1.87e-04  iters = 2    tol = 1.0e-04  min(eta) =  -1.92      
Iteration 4:   deviance = 5.3777e+04  eps = 5.53e-08  iters = 2    tol = 1.0e-04  min(eta) =  -1.92      
Iteration 5:   deviance = 5.3777e+04  eps = 5.94e-14  iters = 1    tol = 1.0e-05  min(eta) =  -1.92   S  
Iteration 6:   deviance = 5.3777e+04  eps = 1.31e-16  iters = 2    tol = 1.0e-09  min(eta) =  -1.92   S O
------------------------------------------------------------------------------------------------------------
(legend: p: exact partial-out   s: exact solver   h: step-halving   o: epsilon below tolerance)
Converged in 6 iterations and 12 HDFE sub-iterations (tol = 1.0e-08)

HDFE PPML regression                              No. of obs      =     50,220
Absorbing 2 HDFE groups                           Residual df     =      5,021
Statistics robust to heteroskedasticity           Wald chi2(37)   =      60.94
Deviance             =  53776.65996               Prob > chi2     =     0.0079
Log pseudolikelihood = -78126.27963               Pseudo R2       =     0.1948

Number of clusters (athr_id)=      5,022
                                    (Std. err. adjusted for 5,022 clusters in athr_id)
--------------------------------------------------------------------------------------
                     |               Robust
             ppr_cnt | Coefficient  std. err.      z    P>|z|     [95% conf. interval]
---------------------+----------------------------------------------------------------
 int_lead4_high_nihd |  -.3668163   .4035629    -0.91   0.363    -1.157785    .4241525
 int_lead3_high_nihd |  -.5569496   .3974744    -1.40   0.161    -1.335985     .222086
 int_lead2_high_nihd |  -.1289176   .3747862    -0.34   0.731    -.8634851    .6056498
  int_lag0_high_nihd |  -.0861423   .4283604    -0.20   0.841    -.9257132    .7534286
  int_lag1_high_nihd |  -.3886366   .4149605    -0.94   0.349    -1.201944    .4246711
  int_lag2_high_nihd |   .1947373   .4310171     0.45   0.651    -.6500407    1.039515
  int_lag3_high_nihd |   .2436637   .4574058     0.53   0.594    -.6528353    1.140163
  int_lag4_high_nihd |   .0745268   .4959496     0.15   0.881    -.8975165     1.04657
  int_lag5_high_nihd |    -.21878   .5064339    -0.43   0.666    -1.211372    .7738122
  int_lead4_low_nihd |   -.505667   .4856794    -1.04   0.298    -1.457581    .4462471
  int_lead3_low_nihd |  -.5171957   .4546817    -1.14   0.255    -1.408355     .373964
  int_lead2_low_nihd |  -.4334923   .4206107    -1.03   0.303    -1.257874    .3908894
   int_lag0_low_nihd |  -.0178717   .4520543    -0.04   0.968    -.9038818    .8681384
   int_lag1_low_nihd |  -.3149401   .4635612    -0.68   0.497    -1.223503    .5936231
   int_lag2_low_nihd |  -.1869416   .5155065    -0.36   0.717    -1.197316    .8234326
   int_lag3_low_nihd |  -.1059896   .5273329    -0.20   0.841    -1.139543    .9275639
   int_lag4_low_nihd |  -.8650886   .5464802    -1.58   0.113     -1.93617     .205993
   int_lag5_low_nihd |  -.0381363   .5652998    -0.07   0.946    -1.146104    1.069831
mshr_lead4_high_nihd |   .2970665   .1309752     2.27   0.023     .0403599    .5537732
mshr_lead3_high_nihd |   .3122561   .1245907     2.51   0.012     .0680629    .5564494
mshr_lead2_high_nihd |   .1485017   .1145604     1.30   0.195    -.0760326    .3730359
 mshr_lag0_high_nihd |   .3368678   .1446521     2.33   0.020     .0533548    .6203807
 mshr_lag1_high_nihd |   .2269781   .1466796     1.55   0.122    -.0605087    .5144649
 mshr_lag2_high_nihd |   .0114044   .1644367     0.07   0.945    -.3108857    .3336944
 mshr_lag3_high_nihd |  -.0876237   .1676313    -0.52   0.601     -.416175    .2409275
 mshr_lag4_high_nihd |  -.1746103   .1732367    -1.01   0.313    -.5141481    .1649275
 mshr_lag5_high_nihd |  -.1746052   .1833228    -0.95   0.341    -.5339113    .1847008
 mshr_lead4_low_nihd |   .2232274   .1419671     1.57   0.116    -.0550229    .5014778
 mshr_lead3_low_nihd |   .4163833   .1307975     3.18   0.001     .1600248    .6727417
 mshr_lead2_low_nihd |   .2654131   .1211043     2.19   0.028     .0280531    .5027731
  mshr_lag0_low_nihd |    .426336   .1561107     2.73   0.006     .1203646    .7323074
  mshr_lag1_low_nihd |   .3587226   .1620571     2.21   0.027     .0410964    .6763487
  mshr_lag2_low_nihd |   .3063245   .1710141     1.79   0.073     -.028857     .641506
  mshr_lag3_low_nihd |    .214614   .1785026     1.20   0.229    -.1352447    .5644727
  mshr_lag4_low_nihd |   .2550578    .178254     1.43   0.152    -.0943137    .6044292
  mshr_lag5_low_nihd |   .0568929   .1889747     0.30   0.763    -.3134908    .4272765
        PT_high_nihd |   .0995597    .050994     1.95   0.051    -.0003868    .1995062
               _cons |   .7717409   .0288919    26.71   0.000     .7151138     .828368
--------------------------------------------------------------------------------------

Absorbed degrees of freedom:
-----------------------------------------------------+
 Absorbed FE | Categories  - Redundant  = Num. Coefs |
-------------+---------------------------------------|
     athr_id |      5022        5022           0    *|
        year |        10           1           9     |
-----------------------------------------------------+
* = FE nested within cluster; treated as redundant for DoF computation
N = 25,110; 2,511 balanced groups of size 10
N = 25,110; 116 unbalanced groups of sizes 10 to 1,830

                        (sum) ppr_cnt
-------------------------------------------------------------
      Percentiles      Smallest
 1%            0              0
 5%            0              0
10%            1              0       Obs              10,044
25%            1              0       Sum of wgt.      10,044

50%            2                      Mean           2.621366
                        Largest       Std. dev.      2.162176
75%            3             23
90%            5             27       Variance       4.675003
95%            7             28       Skewness        2.33168
99%           10             32       Kurtosis       15.67782
(123,360 observations deleted)

                             ub
-------------------------------------------------------------
      Percentiles      Smallest
 1%            0              0
 5%            0       .2221003
10%     .1110502        .424167       Obs                  10
25%      .424167        .424686       Sum of wgt.          10

50%     .6795537                      Mean           .6430189
                        Largest       Std. dev.      .3777374
75%     1.039531       .7738304
90%     1.093384       1.039531       Variance       .1426856
95%     1.140179       1.046588       Skewness      -.2321938
99%     1.140179       1.140179       Kurtosis       1.938623

                             lb
-------------------------------------------------------------
      Percentiles      Smallest
 1%    -1.335999      -1.335999
 5%    -1.335999       -1.21139
10%    -1.273695      -1.201959       Obs                  10
25%    -1.201959        -1.1578       Sum of wgt.          10

50%    -.9116315                      Mean          -.8896818
                        Largest       Std. dev.       .391463
75%    -.6528518      -.8634986
90%    -.3250281      -.6528518       Variance       .1532433
95%            0      -.6500562       Skewness       1.091962
99%            0              0       Kurtosis       3.669717
(9 missing values generated)
(9 real changes made)
(7 real changes made)
(1 real change made)
file ../output/figures/all_jrnls/es_ppml/es_ppr_cnt_r1_r2_high_nihd_ppml_medpi_mshrctrl.pdf saved as PDF format
file ../temp/es_ppr_cnt_r1_r2_high_nihd_ppml_medpi_mshrctrl.dta saved
N = 25,110; 2,511 balanced groups of size 10
N = 25,110; 160 unbalanced groups of sizes 10 to 1,210

                        (sum) ppr_cnt
-------------------------------------------------------------
      Percentiles      Smallest
 1%            0              0
 5%            0              0
10%            0              0       Obs              10,044
25%            1              0       Sum of wgt.      10,044

50%            2                      Mean           2.000498
                        Largest       Std. dev.      1.718372
75%            3             15
90%            4             17       Variance       2.952803
95%            5             18       Skewness       1.995901
99%            8             19       Kurtosis       10.67808
(123,360 observations deleted)

                             ub
-------------------------------------------------------------
      Percentiles      Smallest
 1%            0              0
 5%            0       .2060127
10%     .1030063       .3739804       Obs                  10
25%     .3739804       .3909045       Sum of wgt.          10

50%     .5199522                      Mean           .5699842
                        Largest       Std. dev.      .3455439
75%     .8681547       .8234511
90%     .9987171       .8681547       Variance       .1194006
95%     1.069851       .9275829       Skewness      -.0997142
99%     1.069851       1.069851       Kurtosis       1.876161

                             lb
-------------------------------------------------------------
      Percentiles      Smallest
 1%     -1.93619       -1.93619
 5%     -1.93619      -1.457599
10%    -1.696894      -1.408372       Obs                  10
25%    -1.408372      -1.257889       Sum of wgt.          10

50%    -1.210427                      Mean          -1.167049
                        Largest       Std. dev.       .492052
75%    -1.139562      -1.146124
90%    -.4519491      -1.139562       Variance       .2421152
95%            0      -.9038981       Skewness       1.094431
99%            0              0       Kurtosis       4.676318
(9 missing values generated)
(9 real changes made)
(7 real changes made)
(1 real change made)
file ../output/figures/all_jrnls/es_ppml/es_ppr_cnt_r1_r2_low_nihd_ppml_medpi_mshrctrl.pdf saved as PDF format
file ../temp/es_ppr_cnt_r1_r2_low_nihd_ppml_medpi_mshrctrl.dta saved
(23,650 missing values generated)
(23,650 missing values generated)
(23,650 missing values generated)
(23,650 missing values generated)
(23,650 missing values generated)
Iteration 1:   deviance = 1.1094e+05  eps = .         iters = 3    tol = 1.0e-04  min(eta) =  -1.53  P   
Iteration 2:   deviance = 1.0793e+05  eps = 2.80e-02  iters = 2    tol = 1.0e-04  min(eta) =  -1.84      
Iteration 3:   deviance = 1.0790e+05  eps = 2.30e-04  iters = 2    tol = 1.0e-04  min(eta) =  -1.91      
Iteration 4:   deviance = 1.0790e+05  eps = 1.08e-07  iters = 2    tol = 1.0e-04  min(eta) =  -1.91      
Iteration 5:   deviance = 1.0790e+05  eps = 3.46e-13  iters = 2    tol = 1.0e-05  min(eta) =  -1.91   S  
Iteration 6:   deviance = 1.0790e+05  eps = 0.00e+00  iters = 2    tol = 1.0e-08  min(eta) =  -1.91   S O
------------------------------------------------------------------------------------------------------------
(legend: p: exact partial-out   s: exact solver   h: step-halving   o: epsilon below tolerance)
Converged in 6 iterations and 13 HDFE sub-iterations (tol = 1.0e-08)

HDFE PPML regression                              No. of obs      =     99,720
Absorbing 2 HDFE groups                           Residual df     =      9,971
Statistics robust to heteroskedasticity           Wald chi2(5)    =      37.52
Deviance             =  107901.2484               Prob > chi2     =     0.0000
Log pseudolikelihood =  -150473.707               Pseudo R2       =     0.1965

Number of clusters (athr_id)=      9,972
                            (Std. err. adjusted for 9,972 clusters in athr_id)
------------------------------------------------------------------------------
             |               Robust
     ppr_cnt | Coefficient  std. err.      z    P>|z|     [95% conf. interval]
-------------+----------------------------------------------------------------
  Z_hiw_tfnd |  -.3544373   .1877106    -1.89   0.059    -.7223433    .0134688
  Z_low_tfnd |   -.195339   .2219837    -0.88   0.379     -.630419     .239741
  S_hiw_tfnd |  -.1827677   .0821854    -2.22   0.026    -.3438481   -.0216873
  S_low_tfnd |   .0820388   .0898636     0.91   0.361    -.0940906    .2581683
 PT_hiw_tfnd |   .1564664   .0400753     3.90   0.000     .0779203    .2350125
       _cons |   .7514332   .0148552    50.58   0.000     .7223176    .7805487
------------------------------------------------------------------------------

Absorbed degrees of freedom:
-----------------------------------------------------+
 Absorbed FE | Categories  - Redundant  = Num. Coefs |
-------------+---------------------------------------|
     athr_id |      9972        9972           0    *|
        year |        10           1           9     |
-----------------------------------------------------+
* = FE nested within cluster; treated as redundant for DoF computation
N = 50,770; 5,077 balanced groups of size 10
N = 50,770; 22 unbalanced groups of sizes 650 to 3,840
pooled-DiD int PPML all_jrnls_r1_r2 ppr_cnt hiw_tfnd med_pi: b= -0.3544 (se=  0.1877)   N=    99720 PIs=5077 Insts=22
N = 48,950; 4,895 balanced groups of size 10
N = 48,950; 145 unbalanced groups of sizes 10 to 1,800
pooled-DiD int PPML all_jrnls_r1_r2 ppr_cnt low_tfnd med_pi: b= -0.1953 (se=  0.2220)   N=    99720 PIs=4895 Insts=145
Iteration 1:   deviance = 1.1088e+05  eps = .         iters = 3    tol = 1.0e-04  min(eta) =  -1.58  P   
Iteration 2:   deviance = 1.0786e+05  eps = 2.80e-02  iters = 2    tol = 1.0e-04  min(eta) =  -1.93      
Iteration 3:   deviance = 1.0784e+05  eps = 2.30e-04  iters = 2    tol = 1.0e-04  min(eta) =  -1.99      
Iteration 4:   deviance = 1.0784e+05  eps = 1.07e-07  iters = 2    tol = 1.0e-04  min(eta) =  -2.00      
Iteration 5:   deviance = 1.0784e+05  eps = 3.33e-13  iters = 2    tol = 1.0e-05  min(eta) =  -2.00   S  
Iteration 6:   deviance = 1.0784e+05  eps = 1.25e-16  iters = 2    tol = 1.0e-08  min(eta) =  -2.00   S O
------------------------------------------------------------------------------------------------------------
(legend: p: exact partial-out   s: exact solver   h: step-halving   o: epsilon below tolerance)
Converged in 6 iterations and 13 HDFE sub-iterations (tol = 1.0e-08)

HDFE PPML regression                              No. of obs      =     99,720
Absorbing 2 HDFE groups                           Residual df     =      9,971
Statistics robust to heteroskedasticity           Wald chi2(37)   =      90.76
Deviance             =  107836.0501               Prob > chi2     =     0.0000
Log pseudolikelihood = -150441.1078               Pseudo R2       =     0.1967

Number of clusters (athr_id)=      9,972
                                   (Std. err. adjusted for 9,972 clusters in athr_id)
-------------------------------------------------------------------------------------
                    |               Robust
            ppr_cnt | Coefficient  std. err.      z    P>|z|     [95% conf. interval]
--------------------+----------------------------------------------------------------
 int_lead4_hiw_tfnd |    -.23424   .3133181    -0.75   0.455    -.8483322    .3798522
 int_lead3_hiw_tfnd |  -.1457138   .3040216    -0.48   0.632    -.7415851    .4501576
 int_lead2_hiw_tfnd |   .1227553   .2888959     0.42   0.671    -.4434703    .6889808
  int_lag0_hiw_tfnd |   .1931831   .3011736     0.64   0.521    -.3971064    .7834726
  int_lag1_hiw_tfnd |  -.5760572    .320922    -1.80   0.073    -1.205053    .0529384
  int_lag2_hiw_tfnd |  -.3661925   .3421214    -1.07   0.284    -1.036738    .3043533
  int_lag3_hiw_tfnd |  -.2954511    .354293    -0.83   0.404    -.9898526    .3989504
  int_lag4_hiw_tfnd |  -.5494997   .3648874    -1.51   0.132    -1.264666    .1656665
  int_lag5_hiw_tfnd |  -1.101634   .3788081    -2.91   0.004    -1.844084   -.3591841
 int_lead4_low_tfnd |  -.0460965   .3311832    -0.14   0.889    -.6952036    .6030107
 int_lead3_low_tfnd |  -.3810983     .30418    -1.25   0.210      -.97728    .2150835
 int_lead2_low_tfnd |    .080781   .3098009     0.26   0.794    -.5264177    .6879797
  int_lag0_low_tfnd |  -.6820961   .3520569    -1.94   0.053    -1.372115    .0079228
  int_lag1_low_tfnd |  -.1394671   .3517197    -0.40   0.692    -.8288249    .5498908
  int_lag2_low_tfnd |  -.1932577   .4134608    -0.47   0.640    -1.003626    .6171105
  int_lag3_low_tfnd |  -.2929951   .4134051    -0.71   0.478    -1.103254    .5172641
  int_lag4_low_tfnd |  -.4237969   .4257752    -1.00   0.320    -1.258301    .4107072
  int_lag5_low_tfnd |   .1764662   .4316661     0.41   0.683    -.6695838    1.022516
mshr_lead4_hiw_tfnd |   .1481369   .0966884     1.53   0.125     -.041369    .3376428
mshr_lead3_hiw_tfnd |   .1172469   .0903767     1.30   0.195    -.0598883     .294382
mshr_lead2_hiw_tfnd |   .0299423   .0856523     0.35   0.727    -.1379331    .1978177
 mshr_lag0_hiw_tfnd |  -.0665321   .1087332    -0.61   0.541    -.2796453     .146581
 mshr_lag1_hiw_tfnd |  -.0048784   .1104728    -0.04   0.965    -.2214012    .2116444
 mshr_lag2_hiw_tfnd |  -.1526075   .1209494    -1.26   0.207    -.3896639     .084449
 mshr_lag3_hiw_tfnd |  -.3089594   .1232367    -2.51   0.012    -.5504989   -.0674199
 mshr_lag4_hiw_tfnd |  -.1444116   .1264632    -1.14   0.253     -.392275    .1034518
 mshr_lag5_hiw_tfnd |  -.0005227   .1310148    -0.00   0.997     -.257307    .2562616
mshr_lead4_low_tfnd |   .1043775   .0968755     1.08   0.281     -.085495      .29425
mshr_lead3_low_tfnd |   .1097972   .0885179     1.24   0.215    -.0636947    .2832891
mshr_lead2_low_tfnd |   .0583257   .0896782     0.65   0.515    -.1174403    .2340917
 mshr_lag0_low_tfnd |   .3307919   .1141179     2.90   0.004      .107125    .5544588
 mshr_lag1_low_tfnd |   .3070382   .1188531     2.58   0.010     .0740904    .5399861
 mshr_lag2_low_tfnd |   .1497204   .1292678     1.16   0.247    -.1036399    .4030807
 mshr_lag3_low_tfnd |   .0140145    .136759     0.10   0.918    -.2540282    .2820571
 mshr_lag4_low_tfnd |   .0547719   .1436748     0.38   0.703    -.2268255    .3363693
 mshr_lag5_low_tfnd |  -.0792162   .1468018    -0.54   0.589    -.3669424    .2085101
        PT_hiw_tfnd |   .1559986   .0401009     3.89   0.000     .0774023    .2345949
              _cons |   .7319938    .021799    33.58   0.000     .6892686    .7747191
-------------------------------------------------------------------------------------

Absorbed degrees of freedom:
-----------------------------------------------------+
 Absorbed FE | Categories  - Redundant  = Num. Coefs |
-------------+---------------------------------------|
     athr_id |      9972        9972           0    *|
        year |        10           1           9     |
-----------------------------------------------------+
* = FE nested within cluster; treated as redundant for DoF computation
N = 50,770; 5,077 balanced groups of size 10
N = 50,770; 22 unbalanced groups of sizes 650 to 3,840

                        (sum) ppr_cnt
-------------------------------------------------------------
      Percentiles      Smallest
 1%            0              0
 5%            0              0
10%            0              0       Obs              20,308
25%            1              0       Sum of wgt.      20,308

50%            2                      Mean           2.272947
                        Largest       Std. dev.      1.960285
75%            3             18
90%            5             19       Variance       3.842717
95%            6             19       Skewness       2.002159
99%            9             23       Kurtosis       10.10146
(123,360 observations deleted)

                             ub
-------------------------------------------------------------
      Percentiles      Smallest
 1%    -.3591704      -.3591704
 5%    -.3591704              0
10%    -.1795852         .05295       Obs                  10
25%       .05295       .1656796       Sum of wgt.          10

50%     .3421145                      Mean           .2865294
                        Largest       Std. dev.      .3375695
75%     .4501685       .3989632
90%     .7362373       .4501685       Variance       .1139532
95%     .7834834       .6889912       Skewness      -.3431487
99%     .7834834       .7834834       Kurtosis       2.585437

                             lb
-------------------------------------------------------------
      Percentiles      Smallest
 1%    -1.844098      -1.844098
 5%    -1.844098      -1.264679
10%    -1.554389      -1.205064       Obs                  10
25%    -1.205064      -1.036751       Sum of wgt.          10

50%    -.9191045                      Mean          -.8770995
                        Largest       Std. dev.      .5204666
75%    -.4434807       -.741596
90%    -.1985586      -.4434807       Variance       .2708855
95%            0      -.3971172       Skewness      -.1111921
99%            0              0       Kurtosis       2.674982
(9 missing values generated)
(9 real changes made)
(7 real changes made)
(1 real change made)
file ../output/figures/all_jrnls/es_ppml/es_ppr_cnt_r1_r2_hiw_tfnd_ppml_medpi_mshrctrl.pdf saved as PDF format
file ../temp/es_ppr_cnt_r1_r2_hiw_tfnd_ppml_medpi_mshrctrl.dta saved
N = 48,950; 4,895 balanced groups of size 10
N = 48,950; 145 unbalanced groups of sizes 10 to 1,800

                        (sum) ppr_cnt
-------------------------------------------------------------
      Percentiles      Smallest
 1%            0              0
 5%            0              0
10%            0              0       Obs              19,580
25%            1              0       Sum of wgt.      19,580

50%            2                      Mean           2.083453
                        Largest       Std. dev.      1.802576
75%            3             21
90%            4             27       Variance       3.249279
95%            5             28       Skewness       2.456553
99%            8             32       Kurtosis       18.18738
(123,360 observations deleted)

                             ub
-------------------------------------------------------------
      Percentiles      Smallest
 1%            0              0
 5%            0       .0079355
10%     .0039677       .2150945       Obs                  10
25%     .2150945       .4107225       Sum of wgt.          10

50%     .5335912                      Mean           .4631605
                        Largest       Std. dev.      .3167892
75%     .6171254       .6030227
90%     .8552613       .6171254       Variance       .1003554
95%     1.022532       .6879908       Skewness      -.0571577
99%     1.022532       1.022532       Kurtosis        2.38089

                             lb
-------------------------------------------------------------
      Percentiles      Smallest
 1%    -1.372128      -1.372128
 5%    -1.372128      -1.258316
10%    -1.315222      -1.103269       Obs                  10
25%    -1.103269      -1.003641       Sum of wgt.          10

50%    -.9030643                      Mean          -.8434726
                        Largest       Std. dev.      .3981926
75%    -.6695994      -.6952156
90%    -.2632144      -.6695994       Variance       .1585573
95%            0      -.5264289       Skewness       .7369999
99%            0              0       Kurtosis       3.098223
(9 missing values generated)
(9 real changes made)
(7 real changes made)
(1 real change made)
file ../output/figures/all_jrnls/es_ppml/es_ppr_cnt_r1_r2_low_tfnd_ppml_medpi_mshrctrl.pdf saved as PDF format
file ../temp/es_ppr_cnt_r1_r2_low_tfnd_ppml_medpi_mshrctrl.dta saved
(23,720 missing values generated)
(23,720 missing values generated)
(23,720 missing values generated)
(23,720 missing values generated)
(23,720 missing values generated)
Iteration 1:   deviance = 1.1092e+05  eps = .         iters = 3    tol = 1.0e-04  min(eta) =  -1.53  P   
Iteration 2:   deviance = 1.0790e+05  eps = 2.80e-02  iters = 2    tol = 1.0e-04  min(eta) =  -1.84      
Iteration 3:   deviance = 1.0787e+05  eps = 2.30e-04  iters = 2    tol = 1.0e-04  min(eta) =  -1.91      
Iteration 4:   deviance = 1.0787e+05  eps = 1.07e-07  iters = 2    tol = 1.0e-04  min(eta) =  -1.91      
Iteration 5:   deviance = 1.0787e+05  eps = 3.29e-13  iters = 2    tol = 1.0e-05  min(eta) =  -1.91   S  
Iteration 6:   deviance = 1.0787e+05  eps = 1.25e-16  iters = 2    tol = 1.0e-08  min(eta) =  -1.91   S O
------------------------------------------------------------------------------------------------------------
(legend: p: exact partial-out   s: exact solver   h: step-halving   o: epsilon below tolerance)
Converged in 6 iterations and 13 HDFE sub-iterations (tol = 1.0e-08)

HDFE PPML regression                              No. of obs      =     99,650
Absorbing 2 HDFE groups                           Residual df     =      9,964
Statistics robust to heteroskedasticity           Wald chi2(5)    =      18.29
Deviance             =  107873.3347               Prob > chi2     =     0.0026
Log pseudolikelihood = -150405.0068               Pseudo R2       =     0.1964

Number of clusters (athr_id)=      9,965
                            (Std. err. adjusted for 9,965 clusters in athr_id)
------------------------------------------------------------------------------
             |               Robust
     ppr_cnt | Coefficient  std. err.      z    P>|z|     [95% conf. interval]
-------------+----------------------------------------------------------------
   Z_hiw_lsf |  -.3716819   .1996766    -1.86   0.063    -.7630408    .0196769
   Z_low_lsf |  -.1866307   .2069451    -0.90   0.367    -.5922358    .2189743
   S_hiw_lsf |  -.0753371   .0830197    -0.91   0.364    -.2380528    .0873785
   S_low_lsf |  -.0296289   .0884643    -0.33   0.738    -.2030157    .1437578
  PT_hiw_lsf |   .0676493   .0401015     1.69   0.092    -.0109483    .1462469
       _cons |   .7756941   .0148091    52.38   0.000     .7466688    .8047193
------------------------------------------------------------------------------

Absorbed degrees of freedom:
-----------------------------------------------------+
 Absorbed FE | Categories  - Redundant  = Num. Coefs |
-------------+---------------------------------------|
     athr_id |      9965        9965           0    *|
        year |        10           1           9     |
-----------------------------------------------------+
* = FE nested within cluster; treated as redundant for DoF computation
N = 50,810; 5,081 balanced groups of size 10
N = 50,810; 21 unbalanced groups of sizes 1,160 to 3,840
pooled-DiD int PPML all_jrnls_r1_r2 ppr_cnt hiw_lsf med_pi: b= -0.3717 (se=  0.1997)   N=    99650 PIs=5081 Insts=21
N = 48,840; 4,884 balanced groups of size 10
N = 48,840; 144 unbalanced groups of sizes 10 to 1,600
pooled-DiD int PPML all_jrnls_r1_r2 ppr_cnt low_lsf med_pi: b= -0.1866 (se=  0.2069)   N=    99650 PIs=4884 Insts=144
Iteration 1:   deviance = 1.1087e+05  eps = .         iters = 3    tol = 1.0e-04  min(eta) =  -1.57  P   
Iteration 2:   deviance = 1.0784e+05  eps = 2.80e-02  iters = 2    tol = 1.0e-04  min(eta) =  -1.92      
Iteration 3:   deviance = 1.0782e+05  eps = 2.31e-04  iters = 2    tol = 1.0e-04  min(eta) =  -1.98      
Iteration 4:   deviance = 1.0782e+05  eps = 1.09e-07  iters = 2    tol = 1.0e-04  min(eta) =  -1.99      
Iteration 5:   deviance = 1.0782e+05  eps = 3.38e-13  iters = 2    tol = 1.0e-05  min(eta) =  -1.99   S  
Iteration 6:   deviance = 1.0782e+05  eps = 1.25e-16  iters = 2    tol = 1.0e-08  min(eta) =  -1.99   S O
------------------------------------------------------------------------------------------------------------
(legend: p: exact partial-out   s: exact solver   h: step-halving   o: epsilon below tolerance)
Converged in 6 iterations and 13 HDFE sub-iterations (tol = 1.0e-08)

HDFE PPML regression                              No. of obs      =     99,650
Absorbing 2 HDFE groups                           Residual df     =      9,964
Statistics robust to heteroskedasticity           Wald chi2(37)   =      63.51
Deviance             =  107819.3192               Prob > chi2     =     0.0043
Log pseudolikelihood = -150377.9991               Pseudo R2       =     0.1965

Number of clusters (athr_id)=      9,965
                                  (Std. err. adjusted for 9,965 clusters in athr_id)
------------------------------------------------------------------------------------
                   |               Robust
           ppr_cnt | Coefficient  std. err.      z    P>|z|     [95% conf. interval]
-------------------+----------------------------------------------------------------
 int_lead4_hiw_lsf |   -.312023   .3253556    -0.96   0.338    -.9497083    .3256622
 int_lead3_hiw_lsf |  -.2004963   .3166933    -0.63   0.527    -.8212039    .4202112
 int_lead2_hiw_lsf |  -.0958827   .2970582    -0.32   0.747     -.678106    .4863406
  int_lag0_hiw_lsf |  -.0689281   .3149654    -0.22   0.827     -.686249    .5483928
  int_lag1_hiw_lsf |  -.5651389   .3333788    -1.70   0.090    -1.218549    .0882715
  int_lag2_hiw_lsf |  -.5748103   .3566611    -1.61   0.107    -1.273853    .1242326
  int_lag3_hiw_lsf |  -.3168092   .3732148    -0.85   0.396    -1.048297    .4146784
  int_lag4_hiw_lsf |  -.5165006   .3845296    -1.34   0.179    -1.270165    .2371635
  int_lag5_hiw_lsf |   -1.26457   .3942705    -3.21   0.001    -2.037326   -.4918142
 int_lead4_low_lsf |     .02424   .3183355     0.08   0.939    -.5996861    .6481661
 int_lead3_low_lsf |  -.3007027   .2934891    -1.02   0.306    -.8759307    .2745254
 int_lead2_low_lsf |   .3143338   .2997521     1.05   0.294    -.2731696    .9018372
  int_lag0_low_lsf |  -.3215951   .3336355    -0.96   0.335    -.9755087    .3323185
  int_lag1_low_lsf |  -.1762031   .3382578    -0.52   0.602    -.8391762    .4867701
  int_lag2_low_lsf |    .012023   .3915549     0.03   0.976    -.7554105    .7794564
  int_lag3_low_lsf |  -.2524445   .3890436    -0.65   0.516    -1.014956    .5100669
  int_lag4_low_lsf |  -.4796073   .4004985    -1.20   0.231     -1.26457    .3053554
  int_lag5_low_lsf |    .230761   .4079759     0.57   0.572     -.568857    1.030379
mshr_lead4_hiw_lsf |   .1473885   .0999652     1.47   0.140    -.0485397    .3433166
mshr_lead3_hiw_lsf |   .1261656   .0929526     1.36   0.175    -.0560182    .3083494
mshr_lead2_hiw_lsf |   .0562133   .0881709     0.64   0.524    -.1165985    .2290252
 mshr_lag0_hiw_lsf |   .0713612   .1119533     0.64   0.524    -.1480633    .2907857
 mshr_lag1_hiw_lsf |   .1136989   .1120115     1.02   0.310    -.1058397    .3332375
 mshr_lag2_hiw_lsf |  -.0453382   .1254319    -0.36   0.718    -.2911803    .2005039
 mshr_lag3_hiw_lsf |   -.185534   .1273453    -1.46   0.145    -.4351262    .0640583
 mshr_lag4_hiw_lsf |   -.066548   .1298044    -0.51   0.608    -.3209599    .1878639
 mshr_lag5_hiw_lsf |   .1242655    .131469     0.95   0.345     -.133409    .3819399
mshr_lead4_low_lsf |   .1113181    .094279     1.18   0.238    -.0734655    .2961016
mshr_lead3_low_lsf |   .1059585   .0867143     1.22   0.222    -.0639984    .2759153
mshr_lead2_low_lsf |   .0304351   .0868521     0.35   0.726    -.1397919    .2006622
 mshr_lag0_low_lsf |   .1780705   .1109021     1.61   0.108    -.0392937    .3954347
 mshr_lag1_low_lsf |   .1870911   .1169402     1.60   0.110    -.0421075    .4162896
 mshr_lag2_low_lsf |   .0244909   .1248293     0.20   0.844      -.22017    .2691517
 mshr_lag3_low_lsf |   -.112326    .131987    -0.85   0.395    -.3710157    .1463638
 mshr_lag4_low_lsf |  -.0235869   .1388019    -0.17   0.865    -.2956335    .2484598
 mshr_lag5_low_lsf |  -.1613887    .144653    -1.12   0.265    -.4449034    .1221259
        PT_hiw_lsf |   .0674241   .0401308     1.68   0.093    -.0112308     .146079
             _cons |   .7556635   .0216514    34.90   0.000     .7132276    .7980993
------------------------------------------------------------------------------------

Absorbed degrees of freedom:
-----------------------------------------------------+
 Absorbed FE | Categories  - Redundant  = Num. Coefs |
-------------+---------------------------------------|
     athr_id |      9965        9965           0    *|
        year |        10           1           9     |
-----------------------------------------------------+
* = FE nested within cluster; treated as redundant for DoF computation
N = 50,810; 5,081 balanced groups of size 10
N = 50,810; 21 unbalanced groups of sizes 1,160 to 3,840

                        (sum) ppr_cnt
-------------------------------------------------------------
      Percentiles      Smallest
 1%            0              0
 5%            0              0
10%            0              0       Obs              20,324
25%            1              0       Sum of wgt.      20,324

50%            2                      Mean           2.221708
                        Largest       Std. dev.      1.907688
75%            3             17
90%            5             18       Variance       3.639275
95%            6             19       Skewness        1.95564
99%            9             19       Kurtosis       9.568811
(123,360 observations deleted)

                             ub
-------------------------------------------------------------
      Percentiles      Smallest
 1%       -.4918         -.4918
 5%       -.4918              0
10%       -.2459       .0882835       Obs                  10
25%     .0882835       .1242455       Sum of wgt.          10

50%     .2814256                      Mean            .215325
                        Largest       Std. dev.      .3072471
75%     .4202226       .4146919
90%     .5173777       .4202226       Variance       .0944008
95%     .5484042       .4863513       Skewness      -1.177615
99%     .5484042       .5484042       Kurtosis       3.791731

                             lb
-------------------------------------------------------------
      Percentiles      Smallest
 1%     -2.03734       -2.03734
 5%     -2.03734      -1.273866
10%    -1.655603      -1.270179       Obs                  10
25%    -1.270179      -1.218561       Sum of wgt.          10

50%    -.9990151                      Mean          -.9983569
                        Largest       Std. dev.      .5281712
75%    -.6862603      -.8212153
90%    -.3390583      -.6862603       Variance       .2789648
95%            0      -.6781167       Skewness      -.0869415
99%            0              0       Kurtosis       3.479492
(9 missing values generated)
(9 real changes made)
(7 real changes made)
(1 real change made)
file ../output/figures/all_jrnls/es_ppml/es_ppr_cnt_r1_r2_hiw_lsf_ppml_medpi_mshrctrl.pdf saved as PDF format
file ../temp/es_ppr_cnt_r1_r2_hiw_lsf_ppml_medpi_mshrctrl.dta saved
N = 48,840; 4,884 balanced groups of size 10
N = 48,840; 144 unbalanced groups of sizes 10 to 1,600

                        (sum) ppr_cnt
-------------------------------------------------------------
      Percentiles      Smallest
 1%            0              0
 5%            0              0
10%            0              0       Obs              19,536
25%            1              0       Sum of wgt.      19,536

50%            2                      Mean           2.137541
                        Largest       Std. dev.      1.864839
75%            3             23
90%            4             27       Variance       3.477626
95%            6             28       Skewness       2.485072
99%            9             32       Kurtosis       17.91077
(123,360 observations deleted)

                             ub
-------------------------------------------------------------
      Percentiles      Smallest
 1%            0              0
 5%            0        .274536
10%      .137268       .3053698       Obs                  10
25%     .3053698       .3323305       Sum of wgt.          10

50%     .4984316                      Mean           .5268989
                        Largest       Std. dev.      .3167067
75%     .7794706       .6481776
90%     .9661208       .7794706       Variance       .1003032
95%     1.030394        .901848       Skewness       .0648545
99%     1.030394       1.030394       Kurtosis       2.126479

                             lb
-------------------------------------------------------------
      Percentiles      Smallest
 1%    -1.264584      -1.264584
 5%    -1.264584       -1.01497
10%    -1.139777      -.9755207       Obs                  10
25%    -.9755207      -.8759413       Sum of wgt.          10

50%    -.7973065                      Mean          -.7167379
                        Largest       Std. dev.      .3717679
75%    -.5688717      -.5996976
90%    -.1365902      -.5688717       Variance       .1382114
95%            0      -.2731803       Skewness       .5609324
99%            0              0       Kurtosis       2.627952
(9 missing values generated)
(9 real changes made)
(7 real changes made)
(1 real change made)
file ../output/figures/all_jrnls/es_ppml/es_ppr_cnt_r1_r2_low_lsf_ppml_medpi_mshrctrl.pdf saved as PDF format
file ../temp/es_ppr_cnt_r1_r2_low_lsf_ppml_medpi_mshrctrl.dta saved
(1,740 missing values generated)
(1,740 missing values generated)
(1,740 missing values generated)
(1,740 missing values generated)
(1,740 missing values generated)
Iteration 1:   deviance = 1.3523e+05  eps = .         iters = 3    tol = 1.0e-04  min(eta) =  -1.53  P   
Iteration 2:   deviance = 1.3154e+05  eps = 2.80e-02  iters = 2    tol = 1.0e-04  min(eta) =  -1.83      
Iteration 3:   deviance = 1.3151e+05  eps = 2.33e-04  iters = 2    tol = 1.0e-04  min(eta) =  -1.89      
Iteration 4:   deviance = 1.3151e+05  eps = 1.09e-07  iters = 2    tol = 1.0e-04  min(eta) =  -1.89      
Iteration 5:   deviance = 1.3151e+05  eps = 3.26e-13  iters = 2    tol = 1.0e-05  min(eta) =  -1.89   S O
------------------------------------------------------------------------------------------------------------
(legend: p: exact partial-out   s: exact solver   h: step-halving   o: epsilon below tolerance)
Converged in 5 iterations and 11 HDFE sub-iterations (tol = 1.0e-08)

HDFE PPML regression                              No. of obs      =    121,630
Absorbing 2 HDFE groups                           Residual df     =     12,162
Statistics robust to heteroskedasticity           Wald chi2(5)    =      22.65
Deviance             =   131513.207               Prob > chi2     =     0.0004
Log pseudolikelihood = -182836.6672               Pseudo R2       =     0.1948

Number of clusters (athr_id)=     12,163
                           (Std. err. adjusted for 12,163 clusters in athr_id)
------------------------------------------------------------------------------
             |               Robust
     ppr_cnt | Coefficient  std. err.      z    P>|z|     [95% conf. interval]
-------------+----------------------------------------------------------------
 Z_hiw_endow |  -.3289144   .1704926    -1.93   0.054    -.6630737    .0052449
 Z_low_endow |  -.2581123   .2010248    -1.28   0.199    -.6521136    .1358891
 S_hiw_endow |  -.0466435    .073743    -0.63   0.527    -.1911772    .0978902
 S_low_endow |   .0517935   .0834556     0.62   0.535    -.1117765    .2153636
PT_hiw_endow |   .0830629   .0368594     2.25   0.024     .0108197    .1553061
       _cons |   .7509071   .0140816    53.33   0.000     .7233076    .7785066
------------------------------------------------------------------------------

Absorbed degrees of freedom:
-----------------------------------------------------+
 Absorbed FE | Categories  - Redundant  = Num. Coefs |
-------------+---------------------------------------|
     athr_id |     12163       12163           0    *|
        year |        10           1           9     |
-----------------------------------------------------+
* = FE nested within cluster; treated as redundant for DoF computation
N = 63,390; 6,339 balanced groups of size 10
N = 63,390; 48 unbalanced groups of sizes 10 to 4,640
pooled-DiD int PPML all_jrnls_r1_r2 ppr_cnt hiw_endow med_pi: b= -0.3289 (se=  0.1705)   N=   121630 PIs=6339 Insts=48
N = 58,240; 5,824 balanced groups of size 10
N = 58,240; 148 unbalanced groups of sizes 10 to 3,060
pooled-DiD int PPML all_jrnls_r1_r2 ppr_cnt low_endow med_pi: b= -0.2581 (se=  0.2010)   N=   121630 PIs=5824 Insts=148
Iteration 1:   deviance = 1.3519e+05  eps = .         iters = 3    tol = 1.0e-04  min(eta) =  -1.58  P   
Iteration 2:   deviance = 1.3151e+05  eps = 2.80e-02  iters = 2    tol = 1.0e-04  min(eta) =  -1.92      
Iteration 3:   deviance = 1.3147e+05  eps = 2.33e-04  iters = 2    tol = 1.0e-04  min(eta) =  -1.98      
Iteration 4:   deviance = 1.3147e+05  eps = 1.08e-07  iters = 2    tol = 1.0e-04  min(eta) =  -1.98      
Iteration 5:   deviance = 1.3147e+05  eps = 3.16e-13  iters = 2    tol = 1.0e-05  min(eta) =  -1.98   S  
Iteration 6:   deviance = 1.3147e+05  eps = 0.00e+00  iters = 2    tol = 1.0e-08  min(eta) =  -1.98   S O
------------------------------------------------------------------------------------------------------------
(legend: p: exact partial-out   s: exact solver   h: step-halving   o: epsilon below tolerance)
Converged in 6 iterations and 13 HDFE sub-iterations (tol = 1.0e-08)

HDFE PPML regression                              No. of obs      =    121,630
Absorbing 2 HDFE groups                           Residual df     =     12,162
Statistics robust to heteroskedasticity           Wald chi2(37)   =      52.26
Deviance             =  131474.7264               Prob > chi2     =     0.0493
Log pseudolikelihood = -182817.4269               Pseudo R2       =     0.1949

Number of clusters (athr_id)=     12,163
                                   (Std. err. adjusted for 12,163 clusters in athr_id)
--------------------------------------------------------------------------------------
                     |               Robust
             ppr_cnt | Coefficient  std. err.      z    P>|z|     [95% conf. interval]
---------------------+----------------------------------------------------------------
 int_lead4_hiw_endow |   -.173772    .295538    -0.59   0.557    -.7530157    .4054718
 int_lead3_hiw_endow |  -.0979009   .2731287    -0.36   0.720    -.6332232    .4374215
 int_lead2_hiw_endow |   .2020533   .2656618     0.76   0.447    -.3186342    .7227408
  int_lag0_hiw_endow |  -.0229168   .2883723    -0.08   0.937    -.5881162    .5422826
  int_lag1_hiw_endow |   -.486014   .2818883    -1.72   0.085    -1.038505    .0664769
  int_lag2_hiw_endow |  -.2552713   .3095862    -0.82   0.410    -.8620491    .3515065
  int_lag3_hiw_endow |  -.3885121   .3127439    -1.24   0.214    -1.001479    .2244548
  int_lag4_hiw_endow |  -.4062014   .3359095    -1.21   0.227    -1.064572    .2521691
  int_lag5_hiw_endow |  -.5987221   .3424465    -1.75   0.080    -1.269905    .0724607
 int_lead4_low_endow |   .1361346   .2970048     0.46   0.647    -.4459842    .7182533
 int_lead3_low_endow |  -.3058102   .2865151    -1.07   0.286    -.8673694    .2557491
 int_lead2_low_endow |  -.1110018   .2741517    -0.40   0.686    -.6483292    .4263257
  int_lag0_low_endow |  -.4237557   .3087695    -1.37   0.170    -1.028933    .1814214
  int_lag1_low_endow |  -.1253257   .3221787    -0.39   0.697    -.7567842    .5061329
  int_lag2_low_endow |   .0027613   .3623415     0.01   0.994     -.707415    .7129377
  int_lag3_low_endow |  -.2274464    .382349    -0.59   0.552    -.9768368    .5219439
  int_lag4_low_endow |  -.6503353   .3909994    -1.66   0.096     -1.41668    .1160095
  int_lag5_low_endow |  -.6597555   .4026621    -1.64   0.101    -1.448959    .1294478
mshr_lead4_hiw_endow |   .0552301   .0903255     0.61   0.541    -.1218045    .2322648
mshr_lead3_hiw_endow |   .0391527   .0830531     0.47   0.637    -.1236284    .2019338
mshr_lead2_hiw_endow |   .0074763   .0813288     0.09   0.927    -.1519253    .1668779
 mshr_lag0_hiw_endow |   .0720762   .0995869     0.72   0.469    -.1231106     .267263
 mshr_lag1_hiw_endow |   .0892837   .0992721     0.90   0.368     -.105286    .2838533
 mshr_lag2_hiw_endow |  -.1150745   .1110303    -1.04   0.300    -.3326899    .1025409
 mshr_lag3_hiw_endow |  -.1134347   .1119695    -1.01   0.311     -.332891    .1060215
 mshr_lag4_hiw_endow |  -.0592317    .114988    -0.52   0.606    -.2846039    .1661406
 mshr_lag5_hiw_endow |  -.0487357   .1206367    -0.40   0.686    -.2851792    .1877078
mshr_lead4_low_endow |   .0943197   .0867537     1.09   0.277    -.0757145    .2643539
mshr_lead3_low_endow |   .0852454   .0810857     1.05   0.293    -.0736798    .2441705
mshr_lead2_low_endow |   .0899256   .0789244     1.14   0.255    -.0647635    .2446146
 mshr_lag0_low_endow |     .26509   .1043154     2.54   0.011     .0606355    .4695444
 mshr_lag1_low_endow |   .2296233   .1090026     2.11   0.035     .0159822    .4432645
 mshr_lag2_low_endow |   .0598424   .1166666     0.51   0.608    -.1688199    .2885047
 mshr_lag3_low_endow |  -.0088472   .1243474    -0.07   0.943    -.2525635    .2348692
 mshr_lag4_low_endow |   .1111737   .1293543     0.86   0.390     -.142356    .3647035
 mshr_lag5_low_endow |  -.0197957   .1338665    -0.15   0.882    -.2821693    .2425778
        PT_hiw_endow |    .082796   .0368786     2.25   0.025     .0105153    .1550768
               _cons |   .7383291   .0200333    36.86   0.000     .6990645    .7775937
--------------------------------------------------------------------------------------

Absorbed degrees of freedom:
-----------------------------------------------------+
 Absorbed FE | Categories  - Redundant  = Num. Coefs |
-------------+---------------------------------------|
     athr_id |     12163       12163           0    *|
        year |        10           1           9     |
-----------------------------------------------------+
* = FE nested within cluster; treated as redundant for DoF computation
N = 63,390; 6,339 balanced groups of size 10
N = 63,390; 48 unbalanced groups of sizes 10 to 4,640

                        (sum) ppr_cnt
-------------------------------------------------------------
      Percentiles      Smallest
 1%            0              0
 5%            0              0
10%            0              0       Obs              25,356
25%            1              0       Sum of wgt.      25,356

50%            2                      Mean           2.226771
                        Largest       Std. dev.      1.932626
75%            3             23
90%            5             27       Variance       3.735045
95%            6             28       Skewness       2.259169
99%            9             32       Kurtosis       14.47495
(123,360 observations deleted)

                             ub
-------------------------------------------------------------
      Percentiles      Smallest
 1%            0              0
 5%            0        .066487
10%     .0332435        .072473       Obs                  10
25%      .072473        .224466       Sum of wgt.          10

50%     .3018494                      Mean           .3075082
                        Largest       Std. dev.      .2294478
75%     .4374313       .4054824
90%     .6325216       .4374313       Variance       .0526463
95%     .7227503        .542293       Skewness       .3001271
99%     .7227503       .7227503       Kurtosis       2.163682

                             lb
-------------------------------------------------------------
      Percentiles      Smallest
 1%    -1.269917      -1.269917
 5%    -1.269917      -1.064584
10%    -1.167251      -1.038515       Obs                  10
25%    -1.038515       -1.00149       Sum of wgt.          10

50%    -.8075433                      Mean          -.7529596
                        Largest       Std. dev.      .3824846
75%    -.5881266       -.633233
90%    -.1593219      -.5881266       Variance       .1462945
95%            0      -.3186437       Skewness       .6418732
99%            0              0       Kurtosis       2.592409
(9 missing values generated)
(9 real changes made)
(7 real changes made)
(1 real change made)
file ../output/figures/all_jrnls/es_ppml/es_ppr_cnt_r1_r2_hiw_endow_ppml_medpi_mshrctrl.pdf saved as PDF format
file ../temp/es_ppr_cnt_r1_r2_hiw_endow_ppml_medpi_mshrctrl.dta saved
N = 58,240; 5,824 balanced groups of size 10
N = 58,240; 148 unbalanced groups of sizes 10 to 3,060

                        (sum) ppr_cnt
-------------------------------------------------------------
      Percentiles      Smallest
 1%            0              0
 5%            0              0
10%            0              0       Obs              23,296
25%            1              0       Sum of wgt.      23,296

50%            2                      Mean           2.074948
                        Largest       Std. dev.      1.778447
75%            3             17
90%            4             17       Variance       3.162874
95%            5             18       Skewness        2.05715
99%            8             21       Kurtosis       10.83263
(123,360 observations deleted)

                             ub
-------------------------------------------------------------
      Percentiles      Smallest
 1%            0              0
 5%            0       .1160235
10%     .0580118       .1294623       Obs                  10
25%     .1294623       .1814326       Sum of wgt.          10

50%     .3410475                      Mean            .356833
                        Largest       Std. dev.      .2560036
75%     .5219577       .5061445
90%     .7156074       .5219577       Variance       .0655378
95%      .718264       .7129508       Skewness       .1602837
99%      .718264        .718264       Kurtosis       1.658782

                             lb
-------------------------------------------------------------
      Percentiles      Smallest
 1%    -1.448973      -1.448973
 5%    -1.448973      -1.416694
10%    -1.432834      -1.028944       Obs                  10
25%    -1.028944      -.9768506       Sum of wgt.          10

50%    -.8120878                      Mean            -.82974
                        Largest       Std. dev.      .4320007
75%     -.648339      -.7074281
90%    -.2229974       -.648339       Variance       .1866246
95%            0      -.4459949       Skewness       .2689655
99%            0              0       Kurtosis       2.710897
(9 missing values generated)
(9 real changes made)
(7 real changes made)
(1 real change made)
file ../output/figures/all_jrnls/es_ppml/es_ppr_cnt_r1_r2_low_endow_ppml_medpi_mshrctrl.pdf saved as PDF format
file ../temp/es_ppr_cnt_r1_r2_low_endow_ppml_medpi_mshrctrl.dta saved
(23,650 missing values generated)
(23,650 missing values generated)
(23,650 missing values generated)
(23,650 missing values generated)
(23,650 missing values generated)
(23,650 missing values generated)
(23,650 missing values generated)
(23,650 missing values generated)
(23,650 missing values generated)
(23,650 missing values generated)
(23,650 missing values generated)
(23,650 missing values generated)
Iteration 1:   deviance = 1.1071e+05  eps = .         iters = 3    tol = 1.0e-04  min(eta) =  -1.53  P   
Iteration 2:   deviance = 1.0771e+05  eps = 2.79e-02  iters = 2    tol = 1.0e-04  min(eta) =  -1.87      
Iteration 3:   deviance = 1.0769e+05  eps = 2.26e-04  iters = 2    tol = 1.0e-04  min(eta) =  -1.93      
Iteration 4:   deviance = 1.0769e+05  eps = 9.81e-08  iters = 2    tol = 1.0e-04  min(eta) =  -1.93      
Iteration 5:   deviance = 1.0769e+05  eps = 2.79e-13  iters = 2    tol = 1.0e-05  min(eta) =  -1.93   S  
Iteration 6:   deviance = 1.0769e+05  eps = 0.00e+00  iters = 2    tol = 1.0e-09  min(eta) =  -1.93   S O
------------------------------------------------------------------------------------------------------------
(legend: p: exact partial-out   s: exact solver   h: step-halving   o: epsilon below tolerance)
Converged in 6 iterations and 13 HDFE sub-iterations (tol = 1.0e-08)

HDFE PPML regression                              No. of obs      =     99,720
Absorbing 2 HDFE groups                           Residual df     =      9,971
Statistics robust to heteroskedasticity           Wald chi2(11)   =     150.90
Deviance             =  107687.4236               Prob > chi2     =     0.0000
Log pseudolikelihood = -150366.7946               Pseudo R2       =     0.1971

Number of clusters (athr_id)=      9,972
                            (Std. err. adjusted for 9,972 clusters in athr_id)
------------------------------------------------------------------------------
             |               Robust
     ppr_cnt | Coefficient  std. err.      z    P>|z|     [95% conf. interval]
-------------+----------------------------------------------------------------
 Z_y_hi_tfnd |  -.9329194   .2746045    -3.40   0.001    -1.471134   -.3947046
 Z_y_lo_tfnd |  -.3969006   .3030912    -1.31   0.190    -.9909484    .1971471
 Z_o_hi_tfnd |   .0329927    .255515     0.13   0.897    -.4678075    .5337928
 Z_o_lo_tfnd |  -.0578397   .3186075    -0.18   0.856    -.6822989    .5666195
 S_y_hi_tfnd |  -.2492535   .1221354    -2.04   0.041    -.4886345   -.0098725
 S_y_lo_tfnd |  -.0502188   .1312646    -0.38   0.702    -.3074928    .2070551
 S_o_hi_tfnd |  -.1807552   .1083783    -1.67   0.095    -.3931726    .0316623
 S_o_lo_tfnd |   .1605902   .1207759     1.33   0.184    -.0761262    .3973066
PT_y_hi_tfnd |   .3628572   .0569596     6.37   0.000     .2512185     .474496
PT_y_lo_tfnd |    .169965   .0589774     2.88   0.004     .0543714    .2855586
PT_o_hi_tfnd |   .1476559   .0523791     2.82   0.005     .0449948     .250317
       _cons |   .7133104   .0197663    36.09   0.000     .6745692    .7520516
------------------------------------------------------------------------------

Absorbed degrees of freedom:
-----------------------------------------------------+
 Absorbed FE | Categories  - Redundant  = Num. Coefs |
-------------+---------------------------------------|
     athr_id |      9972        9972           0    *|
        year |        10           1           9     |
-----------------------------------------------------+
* = FE nested within cluster; treated as redundant for DoF computation
N = 22,500; 2,250 balanced groups of size 10
N = 22,500; 22 unbalanced groups of sizes 470 to 1,820
joint-ae PPML all_jrnls_r1_r2 ppr_cnt y_hi_tfnd: b= -0.9329 (se=  0.2746)   N=    99720 PIs=2250 Insts=22
N = 24,610; 2,461 balanced groups of size 10
N = 24,610; 136 unbalanced groups of sizes 10 to 840
joint-ae PPML all_jrnls_r1_r2 ppr_cnt y_lo_tfnd: b= -0.3969 (se=  0.3031)   N=    99720 PIs=2461 Insts=136
N = 28,270; 2,827 balanced groups of size 10
N = 28,270; 22 unbalanced groups of sizes 180 to 2,020
joint-ae PPML all_jrnls_r1_r2 ppr_cnt o_hi_tfnd: b=  0.0330 (se=  0.2555)   N=    99720 PIs=2827 Insts=22
N = 24,340; 2,434 balanced groups of size 10
N = 24,340; 126 unbalanced groups of sizes 10 to 980
joint-ae PPML all_jrnls_r1_r2 ppr_cnt o_lo_tfnd: b= -0.0578 (se=  0.3186)   N=    99720 PIs=2434 Insts=126

 ( 1)  Z_y_hi_tfnd - Z_y_lo_tfnd = 0

------------------------------------------------------------------------------
     ppr_cnt | Coefficient  Std. err.      z    P>|z|     [95% conf. interval]
-------------+----------------------------------------------------------------
         (1) |  -.5360188   .4089888    -1.31   0.190    -1.337622    .2655846
------------------------------------------------------------------------------
joint-ae DIFF all_jrnls_r1_r2 ppr_cnt y_tfnd: b= -0.5360 (se=  0.4090) p=0.1900

 ( 1)  Z_o_hi_tfnd - Z_o_lo_tfnd = 0

------------------------------------------------------------------------------
     ppr_cnt | Coefficient  Std. err.      z    P>|z|     [95% conf. interval]
-------------+----------------------------------------------------------------
         (1) |   .0908324   .4084099     0.22   0.824    -.7096362     .891301
------------------------------------------------------------------------------
joint-ae DIFF all_jrnls_r1_r2 ppr_cnt o_tfnd: b=  0.0908 (se=  0.4084) p=0.8240
(23,720 missing values generated)
(23,720 missing values generated)
(23,720 missing values generated)
(23,720 missing values generated)
(23,720 missing values generated)
(23,720 missing values generated)
(23,720 missing values generated)
(23,720 missing values generated)
(23,720 missing values generated)
(23,720 missing values generated)
(23,720 missing values generated)
(23,720 missing values generated)
Iteration 1:   deviance = 1.1068e+05  eps = .         iters = 3    tol = 1.0e-04  min(eta) =  -1.53  P   
Iteration 2:   deviance = 1.0768e+05  eps = 2.79e-02  iters = 2    tol = 1.0e-04  min(eta) =  -1.85      
Iteration 3:   deviance = 1.0765e+05  eps = 2.27e-04  iters = 2    tol = 1.0e-04  min(eta) =  -1.92      
Iteration 4:   deviance = 1.0765e+05  eps = 1.01e-07  iters = 2    tol = 1.0e-04  min(eta) =  -1.92      
Iteration 5:   deviance = 1.0765e+05  eps = 2.86e-13  iters = 2    tol = 1.0e-05  min(eta) =  -1.92   S  
Iteration 6:   deviance = 1.0765e+05  eps = 1.25e-16  iters = 2    tol = 1.0e-08  min(eta) =  -1.92   S O
------------------------------------------------------------------------------------------------------------
(legend: p: exact partial-out   s: exact solver   h: step-halving   o: epsilon below tolerance)
Converged in 6 iterations and 13 HDFE sub-iterations (tol = 1.0e-08)

HDFE PPML regression                              No. of obs      =     99,650
Absorbing 2 HDFE groups                           Residual df     =      9,964
Statistics robust to heteroskedasticity           Wald chi2(11)   =     136.18
Deviance             =   107651.065               Prob > chi2     =     0.0000
Log pseudolikelihood =  -150293.872               Pseudo R2       =     0.1970

Number of clusters (athr_id)=      9,965
                            (Std. err. adjusted for 9,965 clusters in athr_id)
------------------------------------------------------------------------------
             |               Robust
     ppr_cnt | Coefficient  std. err.      z    P>|z|     [95% conf. interval]
-------------+----------------------------------------------------------------
  Z_y_hi_lsf |   -.720242     .29682    -2.43   0.015    -1.301999   -.1384855
  Z_y_lo_lsf |  -.6139167   .2806039    -2.19   0.029     -1.16389   -.0639432
  Z_o_hi_lsf |  -.1887653   .2623325    -0.72   0.472    -.7029275    .3253969
  Z_o_lo_lsf |   .2572847   .3031444     0.85   0.396    -.3368673    .8514368
  S_y_hi_lsf |  -.1705963   .1253349    -1.36   0.173    -.4162482    .0750556
  S_y_lo_lsf |  -.0917461   .1278972    -0.72   0.473      -.34242    .1589278
  S_o_hi_lsf |  -.0534383   .1081667    -0.49   0.621    -.2654411    .1585645
  S_o_lo_lsf |  -.0163949   .1204632    -0.14   0.892    -.2524984    .2197086
 PT_y_hi_lsf |   .2649116   .0575831     4.60   0.000     .1520509    .3777724
 PT_y_lo_lsf |    .129977   .0588937     2.21   0.027     .0145475    .2454066
 PT_o_hi_lsf |   .0348502   .0524157     0.66   0.506    -.0678828    .1375832
       _cons |   .7467952   .0199058    37.52   0.000     .7077806    .7858099
------------------------------------------------------------------------------

Absorbed degrees of freedom:
-----------------------------------------------------+
 Absorbed FE | Categories  - Redundant  = Num. Coefs |
-------------+---------------------------------------|
     athr_id |      9965        9965           0    *|
        year |        10           1           9     |
-----------------------------------------------------+
* = FE nested within cluster; treated as redundant for DoF computation
N = 22,410; 2,241 balanced groups of size 10
N = 22,410; 21 unbalanced groups of sizes 580 to 1,820
joint-ae PPML all_jrnls_r1_r2 ppr_cnt y_hi_lsf: b= -0.7202 (se=  0.2968)   N=    99650 PIs=2241 Insts=21
N = 24,630; 2,463 balanced groups of size 10
N = 24,630; 135 unbalanced groups of sizes 10 to 780
joint-ae PPML all_jrnls_r1_r2 ppr_cnt y_lo_lsf: b= -0.6139 (se=  0.2806)   N=    99650 PIs=2463 Insts=135
N = 28,400; 2,840 balanced groups of size 10
N = 28,400; 21 unbalanced groups of sizes 540 to 2,020
joint-ae PPML all_jrnls_r1_r2 ppr_cnt o_hi_lsf: b= -0.1888 (se=  0.2623)   N=    99650 PIs=2840 Insts=21
N = 24,210; 2,421 balanced groups of size 10
N = 24,210; 127 unbalanced groups of sizes 10 to 970
joint-ae PPML all_jrnls_r1_r2 ppr_cnt o_lo_lsf: b=  0.2573 (se=  0.3031)   N=    99650 PIs=2421 Insts=127

 ( 1)  Z_y_hi_lsf - Z_y_lo_lsf = 0

------------------------------------------------------------------------------
     ppr_cnt | Coefficient  Std. err.      z    P>|z|     [95% conf. interval]
-------------+----------------------------------------------------------------
         (1) |  -.1063253   .4084613    -0.26   0.795    -.9068948    .6942442
------------------------------------------------------------------------------
joint-ae DIFF all_jrnls_r1_r2 ppr_cnt y_lsf: b= -0.1063 (se=  0.4085) p=0.7946

 ( 1)  Z_o_hi_lsf - Z_o_lo_lsf = 0

------------------------------------------------------------------------------
     ppr_cnt | Coefficient  Std. err.      z    P>|z|     [95% conf. interval]
-------------+----------------------------------------------------------------
         (1) |    -.44605   .4008926    -1.11   0.266    -1.231785     .339685
------------------------------------------------------------------------------
joint-ae DIFF all_jrnls_r1_r2 ppr_cnt o_lsf: b= -0.4461 (se=  0.4009) p=0.2659
(1,740 missing values generated)
(1,740 missing values generated)
(1,740 missing values generated)
(1,740 missing values generated)
(1,740 missing values generated)
(1,740 missing values generated)
(1,740 missing values generated)
(1,740 missing values generated)
(1,740 missing values generated)
(1,740 missing values generated)
(1,740 missing values generated)
(1,740 missing values generated)
Iteration 1:   deviance = 1.3496e+05  eps = .         iters = 3    tol = 1.0e-04  min(eta) =  -1.54  P   
Iteration 2:   deviance = 1.3129e+05  eps = 2.79e-02  iters = 2    tol = 1.0e-04  min(eta) =  -1.86      
Iteration 3:   deviance = 1.3126e+05  eps = 2.28e-04  iters = 2    tol = 1.0e-04  min(eta) =  -1.93      
Iteration 4:   deviance = 1.3126e+05  eps = 9.68e-08  iters = 2    tol = 1.0e-04  min(eta) =  -1.93      
Iteration 5:   deviance = 1.3126e+05  eps = 2.61e-13  iters = 2    tol = 1.0e-05  min(eta) =  -1.93   S  
Iteration 6:   deviance = 1.3126e+05  eps = 0.00e+00  iters = 2    tol = 1.0e-09  min(eta) =  -1.93   S O
------------------------------------------------------------------------------------------------------------
(legend: p: exact partial-out   s: exact solver   h: step-halving   o: epsilon below tolerance)
Converged in 6 iterations and 13 HDFE sub-iterations (tol = 1.0e-08)

HDFE PPML regression                              No. of obs      =    121,630
Absorbing 2 HDFE groups                           Residual df     =     12,162
Statistics robust to heteroskedasticity           Wald chi2(11)   =     154.00
Deviance             =  131262.3952               Prob > chi2     =     0.0000
Log pseudolikelihood = -182711.2613               Pseudo R2       =     0.1953

Number of clusters (athr_id)=     12,163
                            (Std. err. adjusted for 12,163 clusters in athr_id)
-------------------------------------------------------------------------------
              |               Robust
      ppr_cnt | Coefficient  std. err.      z    P>|z|     [95% conf. interval]
--------------+----------------------------------------------------------------
 Z_y_hi_endow |   -.831656   .2482958    -3.35   0.001    -1.318307   -.3450052
 Z_y_lo_endow |  -.5436626   .2679485    -2.03   0.042    -1.068832   -.0184931
 Z_o_hi_endow |  -.0262124   .2307037    -0.11   0.910    -.4783833    .4259585
 Z_o_lo_endow |   .0062798   .3014162     0.02   0.983     -.584485    .5970447
 S_y_hi_endow |  -.0642766   .1129321    -0.57   0.569    -.2856194    .1570662
 S_y_lo_endow |   -.138317   .1192887    -1.16   0.246    -.3721185    .0954845
 S_o_hi_endow |  -.0995949   .0962621    -1.03   0.301    -.2882652    .0890753
 S_o_lo_endow |   .2061778    .114113     1.81   0.071    -.0174795    .4298352
PT_y_hi_endow |   .2984999   .0532659     5.60   0.000     .1941007    .4028991
PT_y_lo_endow |    .236803   .0557868     4.24   0.000     .1274629    .3461431
PT_o_hi_endow |   .1347477   .0485344     2.78   0.005     .0396221    .2298733
        _cons |   .6941433   .0191453    36.26   0.000     .6566193    .7316673
-------------------------------------------------------------------------------

Absorbed degrees of freedom:
-----------------------------------------------------+
 Absorbed FE | Categories  - Redundant  = Num. Coefs |
-------------+---------------------------------------|
     athr_id |     12163       12163           0    *|
        year |        10           1           9     |
-----------------------------------------------------+
* = FE nested within cluster; treated as redundant for DoF computation
N = 28,710; 2,871 balanced groups of size 10
N = 28,710; 47 unbalanced groups of sizes 10 to 2,190
joint-ae PPML all_jrnls_r1_r2 ppr_cnt y_hi_endow: b= -0.8317 (se=  0.2483)   N=   121630 PIs=2871 Insts=47
N = 29,090; 2,909 balanced groups of size 10
N = 29,090; 139 unbalanced groups of sizes 10 to 1,250
joint-ae PPML all_jrnls_r1_r2 ppr_cnt y_lo_endow: b= -0.5437 (se=  0.2679)   N=   121630 PIs=2909 Insts=139
N = 34,680; 3,468 balanced groups of size 10
N = 34,680; 45 unbalanced groups of sizes 10 to 2,450
joint-ae PPML all_jrnls_r1_r2 ppr_cnt o_hi_endow: b= -0.0262 (se=  0.2307)   N=   121630 PIs=3468 Insts=45
N = 29,150; 2,915 balanced groups of size 10
N = 29,150; 131 unbalanced groups of sizes 10 to 1,840
joint-ae PPML all_jrnls_r1_r2 ppr_cnt o_lo_endow: b=  0.0063 (se=  0.3014)   N=   121630 PIs=2915 Insts=131

 ( 1)  Z_y_hi_endow - Z_y_lo_endow = 0

------------------------------------------------------------------------------
     ppr_cnt | Coefficient  Std. err.      z    P>|z|     [95% conf. interval]
-------------+----------------------------------------------------------------
         (1) |  -.2879935   .3653043    -0.79   0.430    -1.003977    .4279897
------------------------------------------------------------------------------
joint-ae DIFF all_jrnls_r1_r2 ppr_cnt y_endow: b= -0.2880 (se=  0.3653) p=0.4305

 ( 1)  Z_o_hi_endow - Z_o_lo_endow = 0

------------------------------------------------------------------------------
     ppr_cnt | Coefficient  Std. err.      z    P>|z|     [95% conf. interval]
-------------+----------------------------------------------------------------
         (1) |  -.0324922   .3795733    -0.09   0.932    -.7764422    .7114578
------------------------------------------------------------------------------
joint-ae DIFF all_jrnls_r1_r2 ppr_cnt o_endow: b= -0.0325 (se=  0.3796) p=0.9318
(23,650 missing values generated)
(23,650 missing values generated)
(23,650 missing values generated)
(23,650 missing values generated)
(23,650 missing values generated)
(23,650 missing values generated)
(23,650 missing values generated)
(23,650 missing values generated)
(23,650 missing values generated)
(23,650 missing values generated)
(23,650 missing values generated)
(23,650 missing values generated)
Iteration 1:   deviance = 1.1086e+05  eps = .         iters = 3    tol = 1.0e-04  min(eta) =  -1.48  P   
Iteration 2:   deviance = 1.0773e+05  eps = 2.90e-02  iters = 3    tol = 1.0e-04  min(eta) =  -1.83      
Iteration 3:   deviance = 1.0771e+05  eps = 2.47e-04  iters = 2    tol = 1.0e-04  min(eta) =  -1.90      
Iteration 4:   deviance = 1.0771e+05  eps = 9.35e-08  iters = 2    tol = 1.0e-04  min(eta) =  -1.91      
Iteration 5:   deviance = 1.0771e+05  eps = 1.38e-13  iters = 2    tol = 1.0e-05  min(eta) =  -1.91   S  
Iteration 6:   deviance = 1.0771e+05  eps = 0.00e+00  iters = 2    tol = 1.0e-09  min(eta) =  -1.91   S O
------------------------------------------------------------------------------------------------------------
(legend: p: exact partial-out   s: exact solver   h: step-halving   o: epsilon below tolerance)
Converged in 6 iterations and 14 HDFE sub-iterations (tol = 1.0e-08)

HDFE PPML regression                              No. of obs      =     99,720
Absorbing 2 HDFE groups                           Residual df     =      9,971
Statistics robust to heteroskedasticity           Wald chi2(11)   =     155.54
Deviance             =  107705.6401               Prob > chi2     =     0.0000
Log pseudolikelihood = -150375.9028               Pseudo R2       =     0.1970

Number of clusters (athr_id)=      9,972
                             (Std. err. adjusted for 9,972 clusters in athr_id)
-------------------------------------------------------------------------------
              |               Robust
      ppr_cnt | Coefficient  std. err.      z    P>|z|     [95% conf. interval]
--------------+----------------------------------------------------------------
 Z_hp_hi_tfnd |  -.3521964   .2102405    -1.68   0.094    -.7642603    .0598674
 Z_hp_lo_tfnd |  -.0105163   .2729561    -0.04   0.969    -.5455005    .5244679
 Z_lp_hi_tfnd |  -.4122222   .4173958    -0.99   0.323    -1.230303    .4058586
 Z_lp_lo_tfnd |  -.5282447   .3616771    -1.46   0.144    -1.237119    .1806294
 S_hp_hi_tfnd |  -.1617687   .0938989    -1.72   0.085    -.3458072    .0222698
 S_hp_lo_tfnd |   .2006207   .1098117     1.83   0.068    -.0146063    .4158478
 S_lp_hi_tfnd |  -.0054076   .1691843    -0.03   0.975    -.3370027    .3261876
 S_lp_lo_tfnd |  -.1571431   .1469963    -1.07   0.285    -.4452506    .1309644
PT_hp_hi_tfnd |    -.06058   .0589864    -1.03   0.304    -.1761913    .0550312
PT_hp_lo_tfnd |  -.2512041   .0611729    -4.11   0.000    -.3711008   -.1313074
PT_lp_hi_tfnd |   .0621557   .0705749     0.88   0.378    -.0761686      .20048
        _cons |   .8375347   .0249146    33.62   0.000      .788703    .8863664
-------------------------------------------------------------------------------

Absorbed degrees of freedom:
-----------------------------------------------------+
 Absorbed FE | Categories  - Redundant  = Num. Coefs |
-------------+---------------------------------------|
     athr_id |      9972        9972           0    *|
        year |        10           1           9     |
-----------------------------------------------------+
* = FE nested within cluster; treated as redundant for DoF computation
N = 29,870; 2,987 balanced groups of size 10
N = 29,870; 22 unbalanced groups of sizes 430 to 2,160
joint-ae-prppr PPML all_jrnls_r1_r2 ppr_cnt hp_hi_tfnd: b= -0.3522 (se=  0.2102)   N=    99720 PIs=2987 Insts=22
N = 25,660; 2,566 balanced groups of size 10
N = 25,660; 135 unbalanced groups of sizes 10 to 1,010
joint-ae-prppr PPML all_jrnls_r1_r2 ppr_cnt hp_lo_tfnd: b= -0.0105 (se=  0.2730)   N=    99720 PIs=2566 Insts=135
N = 20,900; 2,090 balanced groups of size 10
N = 20,900; 22 unbalanced groups of sizes 220 to 1,680
joint-ae-prppr PPML all_jrnls_r1_r2 ppr_cnt lp_hi_tfnd: b= -0.4122 (se=  0.4174)   N=    99720 PIs=2090 Insts=22
N = 23,290; 2,329 balanced groups of size 10
N = 23,290; 133 unbalanced groups of sizes 10 to 910
joint-ae-prppr PPML all_jrnls_r1_r2 ppr_cnt lp_lo_tfnd: b= -0.5282 (se=  0.3617)   N=    99720 PIs=2329 Insts=133

 ( 1)  Z_hp_hi_tfnd - Z_lp_hi_tfnd = 0

------------------------------------------------------------------------------
     ppr_cnt | Coefficient  Std. err.      z    P>|z|     [95% conf. interval]
-------------+----------------------------------------------------------------
         (1) |   .0600257   .4673546     0.13   0.898    -.8559725     .976024
------------------------------------------------------------------------------
joint-ae-prppr DIFF all_jrnls_r1_r2 ppr_cnt hires_tfnd (hp-lp): b=  0.0600 se=  0.4674 t=  0.13 p=0.8978 CI95=[-0.856, 0.976]

 ( 1)  Z_hp_lo_tfnd - Z_lp_lo_tfnd = 0

------------------------------------------------------------------------------
     ppr_cnt | Coefficient  Std. err.      z    P>|z|     [95% conf. interval]
-------------+----------------------------------------------------------------
         (1) |   .5177284   .4531174     1.14   0.253    -.3703654    1.405822
------------------------------------------------------------------------------
joint-ae-prppr DIFF all_jrnls_r1_r2 ppr_cnt lores_tfnd (hp-lp): b=  0.5177 se=  0.4531 t=  1.14 p=0.2532 CI95=[-0.370, 1.406]
(23,720 missing values generated)
(23,720 missing values generated)
(23,720 missing values generated)
(23,720 missing values generated)
(23,720 missing values generated)
(23,720 missing values generated)
(23,720 missing values generated)
(23,720 missing values generated)
(23,720 missing values generated)
(23,720 missing values generated)
(23,720 missing values generated)
(23,720 missing values generated)
Iteration 1:   deviance = 1.1085e+05  eps = .         iters = 3    tol = 1.0e-04  min(eta) =  -1.48  P   
Iteration 2:   deviance = 1.0772e+05  eps = 2.90e-02  iters = 3    tol = 1.0e-04  min(eta) =  -1.83      
Iteration 3:   deviance = 1.0769e+05  eps = 2.48e-04  iters = 2    tol = 1.0e-04  min(eta) =  -1.90      
Iteration 4:   deviance = 1.0769e+05  eps = 9.57e-08  iters = 2    tol = 1.0e-04  min(eta) =  -1.91      
Iteration 5:   deviance = 1.0769e+05  eps = 1.44e-13  iters = 2    tol = 1.0e-05  min(eta) =  -1.91   S  
Iteration 6:   deviance = 1.0769e+05  eps = 1.25e-16  iters = 2    tol = 1.0e-09  min(eta) =  -1.91   S O
------------------------------------------------------------------------------------------------------------
(legend: p: exact partial-out   s: exact solver   h: step-halving   o: epsilon below tolerance)
Converged in 6 iterations and 14 HDFE sub-iterations (tol = 1.0e-08)

HDFE PPML regression                              No. of obs      =     99,650
Absorbing 2 HDFE groups                           Residual df     =      9,964
Statistics robust to heteroskedasticity           Wald chi2(11)   =     131.36
Deviance             =  107689.9081               Prob > chi2     =     0.0000
Log pseudolikelihood = -150313.2936               Pseudo R2       =     0.1969

Number of clusters (athr_id)=      9,965
                            (Std. err. adjusted for 9,965 clusters in athr_id)
------------------------------------------------------------------------------
             |               Robust
     ppr_cnt | Coefficient  std. err.      z    P>|z|     [95% conf. interval]
-------------+----------------------------------------------------------------
 Z_hp_hi_lsf |  -.3667727   .2267539    -1.62   0.106    -.8112022    .0776567
 Z_hp_lo_lsf |  -.0125565   .2479955    -0.05   0.960    -.4986187    .4735057
 Z_lp_hi_lsf |  -.4038008   .4169064    -0.97   0.333    -1.220922    .4133207
 Z_lp_lo_lsf |  -.5515875   .3601295    -1.53   0.126    -1.257428    .1542533
 S_hp_hi_lsf |  -.0385649   .0970509    -0.40   0.691    -.2287812    .1516513
 S_hp_lo_lsf |   .0558325    .105446     0.53   0.596    -.1508378    .2625028
 S_lp_hi_lsf |   .0378699   .1564618     0.24   0.809    -.2687896    .3445294
 S_lp_lo_lsf |  -.1870573   .1563766    -1.20   0.232    -.4935497    .1194351
PT_hp_hi_lsf |  -.1306989   .0616101    -2.12   0.034    -.2514525   -.0099454
PT_hp_lo_lsf |    -.21212   .0629135    -3.37   0.001    -.3354282   -.0888117
PT_lp_hi_lsf |   .0127717   .0705769     0.18   0.856    -.1255564    .1510999
       _cons |    .849063   .0262942    32.29   0.000     .7975274    .9005987
------------------------------------------------------------------------------

Absorbed degrees of freedom:
-----------------------------------------------------+
 Absorbed FE | Categories  - Redundant  = Num. Coefs |
-------------+---------------------------------------|
     athr_id |      9965        9965           0    *|
        year |        10           1           9     |
-----------------------------------------------------+
* = FE nested within cluster; treated as redundant for DoF computation
N = 29,170; 2,917 balanced groups of size 10
N = 29,170; 21 unbalanced groups of sizes 570 to 2,160
joint-ae-prppr PPML all_jrnls_r1_r2 ppr_cnt hp_hi_lsf: b= -0.3668 (se=  0.2268)   N=    99650 PIs=2917 Insts=21
N = 26,340; 2,634 balanced groups of size 10
N = 26,340; 134 unbalanced groups of sizes 10 to 1,090
joint-ae-prppr PPML all_jrnls_r1_r2 ppr_cnt hp_lo_lsf: b= -0.0126 (se=  0.2480)   N=    99650 PIs=2634 Insts=134
N = 21,640; 2,164 balanced groups of size 10
N = 21,640; 21 unbalanced groups of sizes 500 to 1,680
joint-ae-prppr PPML all_jrnls_r1_r2 ppr_cnt lp_hi_lsf: b= -0.4038 (se=  0.4169)   N=    99650 PIs=2164 Insts=21
N = 22,500; 2,250 balanced groups of size 10
N = 22,500; 133 unbalanced groups of sizes 10 to 730
joint-ae-prppr PPML all_jrnls_r1_r2 ppr_cnt lp_lo_lsf: b= -0.5516 (se=  0.3601)   N=    99650 PIs=2250 Insts=133

 ( 1)  Z_hp_hi_lsf - Z_lp_hi_lsf = 0

------------------------------------------------------------------------------
     ppr_cnt | Coefficient  Std. err.      z    P>|z|     [95% conf. interval]
-------------+----------------------------------------------------------------
         (1) |    .037028   .4745822     0.08   0.938    -.8931359     .967192
------------------------------------------------------------------------------
joint-ae-prppr DIFF all_jrnls_r1_r2 ppr_cnt hires_lsf (hp-lp): b=  0.0370 se=  0.4746 t=  0.08 p=0.9378 CI95=[-0.893, 0.967]

 ( 1)  Z_hp_lo_lsf - Z_lp_lo_lsf = 0

------------------------------------------------------------------------------
     ppr_cnt | Coefficient  Std. err.      z    P>|z|     [95% conf. interval]
-------------+----------------------------------------------------------------
         (1) |    .539031   .4372585     1.23   0.218    -.3179799    1.396042
------------------------------------------------------------------------------
joint-ae-prppr DIFF all_jrnls_r1_r2 ppr_cnt lores_lsf (hp-lp): b=  0.5390 se=  0.4373 t=  1.23 p=0.2177 CI95=[-0.318, 1.396]
(1,740 missing values generated)
(1,740 missing values generated)
(1,740 missing values generated)
(1,740 missing values generated)
(1,740 missing values generated)
(1,740 missing values generated)
(1,740 missing values generated)
(1,740 missing values generated)
(1,740 missing values generated)
(1,740 missing values generated)
(1,740 missing values generated)
(1,740 missing values generated)
Iteration 1:   deviance = 1.3518e+05  eps = .         iters = 3    tol = 1.0e-04  min(eta) =  -1.47  P   
Iteration 2:   deviance = 1.3136e+05  eps = 2.91e-02  iters = 3    tol = 1.0e-04  min(eta) =  -1.81      
Iteration 3:   deviance = 1.3132e+05  eps = 2.52e-04  iters = 2    tol = 1.0e-04  min(eta) =  -1.88      
Iteration 4:   deviance = 1.3132e+05  eps = 1.02e-07  iters = 2    tol = 1.0e-04  min(eta) =  -1.88      
Iteration 5:   deviance = 1.3132e+05  eps = 1.74e-13  iters = 2    tol = 1.0e-05  min(eta) =  -1.88   S  
Iteration 6:   deviance = 1.3132e+05  eps = 0.00e+00  iters = 2    tol = 1.0e-08  min(eta) =  -1.88   S O
------------------------------------------------------------------------------------------------------------
(legend: p: exact partial-out   s: exact solver   h: step-halving   o: epsilon below tolerance)
Converged in 6 iterations and 14 HDFE sub-iterations (tol = 1.0e-08)

HDFE PPML regression                              No. of obs      =    121,630
Absorbing 2 HDFE groups                           Residual df     =     12,162
Statistics robust to heteroskedasticity           Wald chi2(11)   =     130.96
Deviance             =   131324.975               Prob > chi2     =     0.0000
Log pseudolikelihood = -182742.5512               Pseudo R2       =     0.1952

Number of clusters (athr_id)=     12,163
                             (Std. err. adjusted for 12,163 clusters in athr_id)
--------------------------------------------------------------------------------
               |               Robust
       ppr_cnt | Coefficient  std. err.      z    P>|z|     [95% conf. interval]
---------------+----------------------------------------------------------------
 Z_hp_hi_endow |  -.3030748    .194177    -1.56   0.119    -.6836547    .0775052
 Z_hp_lo_endow |  -.1744887    .243129    -0.72   0.473    -.6510129    .3020354
 Z_lp_hi_endow |    -.36178   .3515638    -1.03   0.303    -1.050832    .3272725
 Z_lp_lo_endow |  -.4002545   .3450141    -1.16   0.246     -1.07647    .2759607
 S_hp_hi_endow |  -.0264124   .0841789    -0.31   0.754    -.1914001    .1385753
 S_hp_lo_endow |   .1585076   .1042219     1.52   0.128    -.0457635    .3627787
 S_lp_hi_endow |   .0651261   .1492151     0.44   0.663    -.2273302    .3575823
 S_lp_lo_endow |  -.1307455   .1306758    -1.00   0.317    -.3868654    .1253743
PT_hp_hi_endow |     -.1061   .0525426    -2.02   0.043    -.2090816   -.0031184
PT_hp_lo_endow |  -.2226119   .0568801    -3.91   0.000    -.3340948    -.111129
PT_lp_hi_endow |   .0068414   .0633827     0.11   0.914    -.1173863    .1310692
         _cons |   .8257185   .0224402    36.80   0.000     .7817365    .8697004
--------------------------------------------------------------------------------

Absorbed degrees of freedom:
-----------------------------------------------------+
 Absorbed FE | Categories  - Redundant  = Num. Coefs |
-------------+---------------------------------------|
     athr_id |     12163       12163           0    *|
        year |        10           1           9     |
-----------------------------------------------------+
* = FE nested within cluster; treated as redundant for DoF computation
N = 36,550; 3,655 balanced groups of size 10
N = 36,550; 46 unbalanced groups of sizes 10 to 2,680
joint-ae-prppr PPML all_jrnls_r1_r2 ppr_cnt hp_hi_endow: b= -0.3031 (se=  0.1942)   N=   121630 PIs=3655 Insts=46
N = 30,220; 3,022 balanced groups of size 10
N = 30,220; 137 unbalanced groups of sizes 10 to 1,710
joint-ae-prppr PPML all_jrnls_r1_r2 ppr_cnt hp_lo_endow: b= -0.1745 (se=  0.2431)   N=   121630 PIs=3022 Insts=137
N = 26,840; 2,684 balanced groups of size 10
N = 26,840; 46 unbalanced groups of sizes 10 to 1,960
joint-ae-prppr PPML all_jrnls_r1_r2 ppr_cnt lp_hi_endow: b= -0.3618 (se=  0.3516)   N=   121630 PIs=2684 Insts=46
N = 28,020; 2,802 balanced groups of size 10
N = 28,020; 138 unbalanced groups of sizes 10 to 1,350
joint-ae-prppr PPML all_jrnls_r1_r2 ppr_cnt lp_lo_endow: b= -0.4003 (se=  0.3450)   N=   121630 PIs=2802 Insts=138

 ( 1)  Z_hp_hi_endow - Z_lp_hi_endow = 0

------------------------------------------------------------------------------
     ppr_cnt | Coefficient  Std. err.      z    P>|z|     [95% conf. interval]
-------------+----------------------------------------------------------------
         (1) |   .0587052    .401624     0.15   0.884    -.7284634    .8458738
------------------------------------------------------------------------------
joint-ae-prppr DIFF all_jrnls_r1_r2 ppr_cnt hires_endow (hp-lp): b=  0.0587 se=  0.4016 t=  0.15 p=0.8838 CI95=[-0.728, 0.846]

 ( 1)  Z_hp_lo_endow - Z_lp_lo_endow = 0

------------------------------------------------------------------------------
     ppr_cnt | Coefficient  Std. err.      z    P>|z|     [95% conf. interval]
-------------+----------------------------------------------------------------
         (1) |   .2257658    .422074     0.53   0.593     -.601484    1.053016
------------------------------------------------------------------------------
joint-ae-prppr DIFF all_jrnls_r1_r2 ppr_cnt lores_endow (hp-lp): b=  0.2258 se=  0.4221 t=  0.53 p=0.5927 CI95=[-0.601, 1.053]
Iteration 1:   deviance = 1.3694e+05  eps = .         iters = 3    tol = 1.0e-04  min(eta) =  -1.47  P   
Iteration 2:   deviance = 1.3308e+05  eps = 2.90e-02  iters = 3    tol = 1.0e-04  min(eta) =  -1.80      
Iteration 3:   deviance = 1.3305e+05  eps = 2.46e-04  iters = 2    tol = 1.0e-04  min(eta) =  -1.87      
Iteration 4:   deviance = 1.3305e+05  eps = 9.19e-08  iters = 2    tol = 1.0e-04  min(eta) =  -1.87      
Iteration 5:   deviance = 1.3305e+05  eps = 1.39e-13  iters = 2    tol = 1.0e-05  min(eta) =  -1.87   S  
Iteration 6:   deviance = 1.3305e+05  eps = 2.01e-16  iters = 2    tol = 1.0e-09  min(eta) =  -1.87   S O
------------------------------------------------------------------------------------------------------------
(legend: p: exact partial-out   s: exact solver   h: step-halving   o: epsilon below tolerance)
Converged in 6 iterations and 14 HDFE sub-iterations (tol = 1.0e-08)

HDFE PPML regression                              No. of obs      =    123,370
Absorbing 2 HDFE groups                           Residual df     =     12,336
Statistics robust to heteroskedasticity           Wald chi2(11)   =     224.34
Deviance             =  133048.8283               Prob > chi2     =     0.0000
Log pseudolikelihood = -185224.4141               Pseudo R2       =     0.1953

Number of clusters (athr_id)=     12,337
                           (Std. err. adjusted for 12,337 clusters in athr_id)
------------------------------------------------------------------------------
             |               Robust
     ppr_cnt | Coefficient  std. err.      z    P>|z|     [95% conf. interval]
-------------+----------------------------------------------------------------
      Z_y_hp |  -.6206873   .2191557    -2.83   0.005    -1.050225     -.19115
      Z_y_lp |  -.6923063   .3173784    -2.18   0.029    -1.314357    -.070256
      Z_o_hp |  -.0034544   .2097422    -0.02   0.987    -.4145416    .4076328
      Z_o_lp |   .0797043   .3779111     0.21   0.833    -.6609878    .8203964
      S_y_hp |  -.0575103   .1002647    -0.57   0.566    -.2540255     .139005
      S_y_lp |  -.1881529   .1369322    -1.37   0.169     -.456535    .0802293
      S_o_hp |   .0566258   .0861879     0.66   0.511    -.1122994    .2255511
      S_o_lp |  -.0115387   .1321789    -0.09   0.930    -.2706046    .2475272
     PT_y_hp |   .0498234   .0542272     0.92   0.358    -.0564599    .1561067
     PT_y_lp |    .234737   .0611977     3.84   0.000     .1147916    .3546823
     PT_o_hp |  -.1114236   .0504329    -2.21   0.027    -.2102703   -.0125769
       _cons |   .7736736   .0211913    36.51   0.000     .7321395    .8152077
------------------------------------------------------------------------------

Absorbed degrees of freedom:
-----------------------------------------------------+
 Absorbed FE | Categories  - Redundant  = Num. Coefs |
-------------+---------------------------------------|
     athr_id |     12337       12337           0    *|
        year |        10           1           9     |
-----------------------------------------------------+
* = FE nested within cluster; treated as redundant for DoF computation
N = 30,360; 3,036 balanced groups of size 10
N = 30,360; 169 unbalanced groups of sizes 10 to 1,280
joint-agepr PPML all_jrnls_r1_r2 ppr_cnt y_hp: b= -0.6207 (se=  0.2192)   N=   123370 PIs=3036 Insts=169
N = 28,280; 2,828 balanced groups of size 10
N = 28,280; 180 unbalanced groups of sizes 10 to 910
joint-agepr PPML all_jrnls_r1_r2 ppr_cnt y_lp: b= -0.6923 (se=  0.3174)   N=   123370 PIs=2828 Insts=180
N = 37,390; 3,739 balanced groups of size 10
N = 37,390; 160 unbalanced groups of sizes 10 to 1,400
joint-agepr PPML all_jrnls_r1_r2 ppr_cnt o_hp: b= -0.0035 (se=  0.2097)   N=   123370 PIs=3739 Insts=160
N = 27,340; 2,734 balanced groups of size 10
N = 27,340; 160 unbalanced groups of sizes 10 to 1,050
joint-agepr PPML all_jrnls_r1_r2 ppr_cnt o_lp: b=  0.0797 (se=  0.3779)   N=   123370 PIs=2734 Insts=160
Iteration 1:   deviance = 1.3695e+05  eps = .         iters = 3    tol = 1.0e-04  min(eta) =  -1.53  P   
Iteration 2:   deviance = 1.3323e+05  eps = 2.79e-02  iters = 2    tol = 1.0e-04  min(eta) =  -1.84      
Iteration 3:   deviance = 1.3320e+05  eps = 2.26e-04  iters = 2    tol = 1.0e-04  min(eta) =  -1.90      
Iteration 4:   deviance = 1.3320e+05  eps = 9.33e-08  iters = 2    tol = 1.0e-04  min(eta) =  -1.90      
Iteration 5:   deviance = 1.3320e+05  eps = 2.23e-13  iters = 2    tol = 1.0e-05  min(eta) =  -1.90   S  
Iteration 6:   deviance = 1.3320e+05  eps = 0.00e+00  iters = 2    tol = 1.0e-09  min(eta) =  -1.90   S O
------------------------------------------------------------------------------------------------------------
(legend: p: exact partial-out   s: exact solver   h: step-halving   o: epsilon below tolerance)
Converged in 6 iterations and 13 HDFE sub-iterations (tol = 1.0e-08)

HDFE PPML regression                              No. of obs      =    123,370
Absorbing 2 HDFE groups                           Residual df     =     12,336
Statistics robust to heteroskedasticity           Wald chi2(5)    =     129.55
Deviance             =  133203.3285               Prob > chi2     =     0.0000
Log pseudolikelihood = -185301.6642               Pseudo R2       =     0.1950

Number of clusters (athr_id)=     12,337
                           (Std. err. adjusted for 12,337 clusters in athr_id)
------------------------------------------------------------------------------
             |               Robust
     ppr_cnt | Coefficient  std. err.      z    P>|z|     [95% conf. interval]
-------------+----------------------------------------------------------------
     Z_young |  -.7053578   .1825363    -3.86   0.000    -1.063122   -.3475933
       Z_old |   .0185403   .1835419     0.10   0.920    -.3411952    .3782759
     S_young |  -.1358135   .0817099    -1.66   0.096    -.2959621     .024335
       S_old |    .023104   .0731327     0.32   0.752    -.1202335    .1664415
    PT_young |   .2002826    .036221     5.53   0.000     .1292907    .2712745
       _cons |   .7338722   .0117975    62.21   0.000     .7107495    .7569949
------------------------------------------------------------------------------

Absorbed degrees of freedom:
-----------------------------------------------------+
 Absorbed FE | Categories  - Redundant  = Num. Coefs |
-------------+---------------------------------------|
     athr_id |     12337       12337           0    *|
        year |        10           1           9     |
-----------------------------------------------------+
* = FE nested within cluster; treated as redundant for DoF computation
Warning: Variance matrix is nonsymmetric or highly singular.
N = 58,640; 5,864 balanced groups of size 10
N = 58,640; 188 unbalanced groups of sizes 10 to 2,190
file ../output/figures/all_jrnls/ppml_pdid_het_bs/ppml_pdid_ppr_cnt_young_mshrctrl_r1_r2.pdf saved as PDF format
Warning: Variance matrix is nonsymmetric or highly singular.
N = 64,730; 6,473 balanced groups of size 10
N = 64,730; 178 unbalanced groups of sizes 10 to 2,450
file ../output/figures/all_jrnls/ppml_pdid_het_bs/ppml_pdid_ppr_cnt_old_mshrctrl_r1_r2.pdf saved as PDF format
(72,940 missing values generated)
(72,940 missing values generated)
(72,940 missing values generated)
(72,940 missing values generated)
(72,940 missing values generated)
Iteration 1:   deviance = 5.5336e+04  eps = .         iters = 3    tol = 1.0e-04  min(eta) =  -1.51  P   
Iteration 2:   deviance = 5.3932e+04  eps = 2.60e-02  iters = 2    tol = 1.0e-04  min(eta) =  -1.86      
Iteration 3:   deviance = 5.3922e+04  eps = 1.83e-04  iters = 2    tol = 1.0e-04  min(eta) =  -1.93      
Iteration 4:   deviance = 5.3922e+04  eps = 5.08e-08  iters = 2    tol = 1.0e-04  min(eta) =  -1.93      
Iteration 5:   deviance = 5.3922e+04  eps = 4.86e-14  iters = 1    tol = 1.0e-05  min(eta) =  -1.93   S  
Iteration 6:   deviance = 5.3922e+04  eps = 1.30e-16  iters = 2    tol = 1.0e-09  min(eta) =  -1.93   S O
------------------------------------------------------------------------------------------------------------
(legend: p: exact partial-out   s: exact solver   h: step-halving   o: epsilon below tolerance)
Converged in 6 iterations and 12 HDFE sub-iterations (tol = 1.0e-08)

HDFE PPML regression                              No. of obs      =     50,430
Absorbing 2 HDFE groups                           Residual df     =      5,042
Statistics robust to heteroskedasticity           Wald chi2(5)    =      88.97
Deviance             =  53922.01151               Prob > chi2     =     0.0000
Log pseudolikelihood = -78363.23486               Pseudo R2       =     0.1953

Number of clusters (athr_id)=      5,043
                            (Std. err. adjusted for 5,043 clusters in athr_id)
------------------------------------------------------------------------------
             |               Robust
     ppr_cnt | Coefficient  std. err.      z    P>|z|     [95% conf. interval]
-------------+----------------------------------------------------------------
 Z_young_nih |  -.2737358   .2489763    -1.10   0.272    -.7617203    .2142488
   Z_old_nih |    .513154   .2494978     2.06   0.040     .0241472    1.002161
 S_young_nih |   -.131094   .1115325    -1.18   0.240    -.3496937    .0875057
   S_old_nih |  -.0804996   .1063244    -0.76   0.449    -.2888916    .1278925
PT_young_nih |   .1966743   .0502192     3.92   0.000     .0982464    .2951021
       _cons |    .815017   .0170116    47.91   0.000     .7816749    .8483591
------------------------------------------------------------------------------

Absorbed degrees of freedom:
-----------------------------------------------------+
 Absorbed FE | Categories  - Redundant  = Num. Coefs |
-------------+---------------------------------------|
     athr_id |      5043        5043           0    *|
        year |        10           1           9     |
-----------------------------------------------------+
* = FE nested within cluster; treated as redundant for DoF computation
(72,940 missing values generated)
(72,940 missing values generated)
(72,940 missing values generated)
Warning: Variance matrix is nonsymmetric or highly singular.
N = 22,660; 2,266 balanced groups of size 10
N = 22,660; 156 unbalanced groups of sizes 10 to 1,360
file ../output/figures/all_jrnls/ppml_pdid_het_bs/ppml_pdid_ppr_cnt_young_nih_mshrctrl_r1_r2.pdf saved as PDF format
Warning: Variance matrix is nonsymmetric or highly singular.
N = 27,770; 2,777 balanced groups of size 10
N = 27,770; 140 unbalanced groups of sizes 10 to 1,700
file ../output/figures/all_jrnls/ppml_pdid_het_bs/ppml_pdid_ppr_cnt_old_nih_mshrctrl_r1_r2.pdf saved as PDF format
Iteration 1:   deviance = 1.3719e+05  eps = .         iters = 4    tol = 1.0e-04  min(eta) =  -1.52  P   
Iteration 2:   deviance = 1.3345e+05  eps = 2.80e-02  iters = 2    tol = 1.0e-04  min(eta) =  -1.85      
Iteration 3:   deviance = 1.3342e+05  eps = 2.31e-04  iters = 2    tol = 1.0e-04  min(eta) =  -1.92      
Iteration 4:   deviance = 1.3342e+05  eps = 1.03e-07  iters = 2    tol = 1.0e-04  min(eta) =  -1.92      
Iteration 5:   deviance = 1.3342e+05  eps = 2.76e-13  iters = 2    tol = 1.0e-05  min(eta) =  -1.92   S O
------------------------------------------------------------------------------------------------------------
(legend: p: exact partial-out   s: exact solver   h: step-halving   o: epsilon below tolerance)
Converged in 5 iterations and 12 HDFE sub-iterations (tol = 1.0e-08)

HDFE PPML regression                              No. of obs      =    123,370
Absorbing 2 HDFE groups                           Residual df     =     12,336
Statistics robust to heteroskedasticity           Wald chi2(5)    =      15.44
Deviance             =  133422.4061               Prob > chi2     =     0.0086
Log pseudolikelihood =  -185411.203               Pseudo R2       =     0.1945

Number of clusters (athr_id)=     12,337
                           (Std. err. adjusted for 12,337 clusters in athr_id)
------------------------------------------------------------------------------
             |               Robust
     ppr_cnt | Coefficient  std. err.      z    P>|z|     [95% conf. interval]
-------------+----------------------------------------------------------------
        Z_r1 |  -.2859796    .134052    -2.13   0.033    -.5487166   -.0232426
        Z_r2 |  -.5924905   .5412782    -1.09   0.274    -1.653376    .4683953
        S_r1 |  -.0170143   .0566768    -0.30   0.764    -.1280988    .0940702
        S_r2 |   .0043169     .22594     0.02   0.985    -.4385173    .4471511
       PT_r1 |   .0794817   .0797868     1.00   0.319    -.0768975    .2358608
       _cons |   .7368547   .0393246    18.74   0.000     .6597798    .8139295
------------------------------------------------------------------------------

Absorbed degrees of freedom:
-----------------------------------------------------+
 Absorbed FE | Categories  - Redundant  = Num. Coefs |
-------------+---------------------------------------|
     athr_id |     12337       12337           0    *|
        year |        10           1           9     |
-----------------------------------------------------+
* = FE nested within cluster; treated as redundant for DoF computation
Warning: Variance matrix is nonsymmetric or highly singular.
N = 116,820; 11,682 balanced groups of size 10
N = 116,820; 115 unbalanced groups of sizes 10 to 4,640
file ../output/figures/all_jrnls/ppml_pdid_het_bs/ppml_pdid_ppr_cnt_r1_mshrctrl_r1_r2.pdf saved as PDF format
Warning: Variance matrix is nonsymmetric or highly singular.
N = 6,550; 655 balanced groups of size 10
N = 6,550; 83 unbalanced groups of sizes 10 to 600
file ../output/figures/all_jrnls/ppml_pdid_het_bs/ppml_pdid_ppr_cnt_r2_mshrctrl_r1_r2.pdf saved as PDF format
Iteration 1:   deviance = 1.3720e+05  eps = .         iters = 3    tol = 1.0e-04  min(eta) =  -1.53  P   
Iteration 2:   deviance = 1.3346e+05  eps = 2.80e-02  iters = 2    tol = 1.0e-04  min(eta) =  -1.84      
Iteration 3:   deviance = 1.3343e+05  eps = 2.32e-04  iters = 2    tol = 1.0e-04  min(eta) =  -1.90      
Iteration 4:   deviance = 1.3343e+05  eps = 1.06e-07  iters = 2    tol = 1.0e-04  min(eta) =  -1.90      
Iteration 5:   deviance = 1.3343e+05  eps = 2.94e-13  iters = 2    tol = 1.0e-05  min(eta) =  -1.90   S O
------------------------------------------------------------------------------------------------------------
(legend: p: exact partial-out   s: exact solver   h: step-halving   o: epsilon below tolerance)
Converged in 5 iterations and 11 HDFE sub-iterations (tol = 1.0e-08)

HDFE PPML regression                              No. of obs      =    123,370
Absorbing 2 HDFE groups                           Residual df     =     12,336
Statistics robust to heteroskedasticity           Wald chi2(5)    =       9.69
Deviance             =  133429.1857               Prob > chi2     =     0.0846
Log pseudolikelihood = -185414.5928               Pseudo R2       =     0.1945

Number of clusters (athr_id)=     12,337
                           (Std. err. adjusted for 12,337 clusters in athr_id)
------------------------------------------------------------------------------
             |               Robust
     ppr_cnt | Coefficient  std. err.      z    P>|z|     [95% conf. interval]
-------------+----------------------------------------------------------------
  Z_pub_inst |  -.4125662   .1689496    -2.44   0.015    -.7437013   -.0814311
 Z_priv_inst |   -.130993   .2046175    -0.64   0.522     -.532036    .2700499
  S_pub_inst |  -.0285067   .0701717    -0.41   0.685    -.1660408    .1090273
 S_priv_inst |    .013035   .0889318     0.15   0.883    -.1612682    .1873381
 PT_pub_inst |  -.0016011   .0369357    -0.04   0.965    -.0739936    .0707915
       _cons |    .775278   .0142096    54.56   0.000     .7474276    .8031283
------------------------------------------------------------------------------

Absorbed degrees of freedom:
-----------------------------------------------------+
 Absorbed FE | Categories  - Redundant  = Num. Coefs |
-------------+---------------------------------------|
     athr_id |     12337       12337           0    *|
        year |        10           1           9     |
-----------------------------------------------------+
* = FE nested within cluster; treated as redundant for DoF computation
Warning: Variance matrix is nonsymmetric or highly singular.
N = 75,350; 7,535 balanced groups of size 10
N = 75,350; 136 unbalanced groups of sizes 10 to 3,840
file ../output/figures/all_jrnls/ppml_pdid_het_bs/ppml_pdid_ppr_cnt_pub_inst_mshrctrl_r1_r2.pdf saved as PDF format
Warning: Variance matrix is nonsymmetric or highly singular.
N = 48,020; 4,802 balanced groups of size 10
N = 48,020; 62 unbalanced groups of sizes 10 to 4,640
file ../output/figures/all_jrnls/ppml_pdid_het_bs/ppml_pdid_ppr_cnt_priv_inst_mshrctrl_r1_r2.pdf saved as PDF format
Iteration 1:   deviance = 1.3716e+05  eps = .         iters = 3    tol = 1.0e-04  min(eta) =  -1.46  P   
Iteration 2:   deviance = 1.3329e+05  eps = 2.90e-02  iters = 3    tol = 1.0e-04  min(eta) =  -1.79      
Iteration 3:   deviance = 1.3326e+05  eps = 2.51e-04  iters = 2    tol = 1.0e-04  min(eta) =  -1.85      
Iteration 4:   deviance = 1.3326e+05  eps = 1.00e-07  iters = 2    tol = 1.0e-04  min(eta) =  -1.86      
Iteration 5:   deviance = 1.3326e+05  eps = 1.73e-13  iters = 2    tol = 1.0e-05  min(eta) =  -1.86   S  
Iteration 6:   deviance = 1.3326e+05  eps = 2.01e-16  iters = 2    tol = 1.0e-08  min(eta) =  -1.86   S O
------------------------------------------------------------------------------------------------------------
(legend: p: exact partial-out   s: exact solver   h: step-halving   o: epsilon below tolerance)
Converged in 6 iterations and 14 HDFE sub-iterations (tol = 1.0e-08)

HDFE PPML regression                              No. of obs      =    123,370
Absorbing 2 HDFE groups                           Residual df     =     12,336
Statistics robust to heteroskedasticity           Wald chi2(5)    =     108.13
Deviance             =  133260.0188               Prob > chi2     =     0.0000
Log pseudolikelihood = -185330.0094               Pseudo R2       =     0.1949

Number of clusters (athr_id)=     12,337
                              (Std. err. adjusted for 12,337 clusters in athr_id)
---------------------------------------------------------------------------------
                |               Robust
        ppr_cnt | Coefficient  std. err.      z    P>|z|     [95% conf. interval]
----------------+----------------------------------------------------------------
 Z_high_pre_ppr |  -.2466951   .1525856    -1.62   0.106    -.5457575    .0523672
  Z_low_pre_ppr |  -.3792209   .2454759    -1.54   0.122    -.8603448     .101903
 S_high_pre_ppr |   .0357433    .065937     0.54   0.588    -.0934909    .1649774
  S_low_pre_ppr |  -.0657807   .0967575    -0.68   0.497     -.255422    .1238605
PT_high_pre_ppr |  -.1639176    .038036    -4.31   0.000    -.2384668   -.0893683
          _cons |   .8314351   .0155563    53.45   0.000     .8009452    .8619249
---------------------------------------------------------------------------------

Absorbed degrees of freedom:
-----------------------------------------------------+
 Absorbed FE | Categories  - Redundant  = Num. Coefs |
-------------+---------------------------------------|
     athr_id |     12337       12337           0    *|
        year |        10           1           9     |
-----------------------------------------------------+
* = FE nested within cluster; treated as redundant for DoF computation
Warning: Variance matrix is nonsymmetric or highly singular.
N = 67,750; 6,775 balanced groups of size 10
N = 67,750; 185 unbalanced groups of sizes 10 to 2,680
file ../output/figures/all_jrnls/ppml_pdid_het_bs/ppml_pdid_ppr_cnt_high_pre_ppr_mshrctrl_r1_r2.pdf saved as PDF format
Warning: Variance matrix is nonsymmetric or highly singular.
N = 55,620; 5,562 balanced groups of size 10
N = 55,620; 186 unbalanced groups of sizes 10 to 1,960
file ../output/figures/all_jrnls/ppml_pdid_het_bs/ppml_pdid_ppr_cnt_low_pre_ppr_mshrctrl_r1_r2.pdf saved as PDF format
Iteration 1:   deviance = 1.3718e+05  eps = .         iters = 3    tol = 1.0e-04  min(eta) =  -1.52  P   
Iteration 2:   deviance = 1.3345e+05  eps = 2.80e-02  iters = 2    tol = 1.0e-04  min(eta) =  -1.83      
Iteration 3:   deviance = 1.3342e+05  eps = 2.31e-04  iters = 2    tol = 1.0e-04  min(eta) =  -1.89      
Iteration 4:   deviance = 1.3342e+05  eps = 1.05e-07  iters = 2    tol = 1.0e-04  min(eta) =  -1.89      
Iteration 5:   deviance = 1.3342e+05  eps = 2.98e-13  iters = 2    tol = 1.0e-05  min(eta) =  -1.89   S O
------------------------------------------------------------------------------------------------------------
(legend: p: exact partial-out   s: exact solver   h: step-halving   o: epsilon below tolerance)
Converged in 5 iterations and 11 HDFE sub-iterations (tol = 1.0e-08)

HDFE PPML regression                              No. of obs      =    123,370
Absorbing 2 HDFE groups                           Residual df     =     12,336
Statistics robust to heteroskedasticity           Wald chi2(5)    =      13.75
Deviance             =  133421.9076               Prob > chi2     =     0.0172
Log pseudolikelihood = -185410.9537               Pseudo R2       =     0.1945

Number of clusters (athr_id)=     12,337
                           (Std. err. adjusted for 12,337 clusters in athr_id)
------------------------------------------------------------------------------
             |               Robust
     ppr_cnt | Coefficient  std. err.      z    P>|z|     [95% conf. interval]
-------------+----------------------------------------------------------------
  Z_big_team |   -.481841   .1948276    -2.47   0.013    -.8636962   -.0999859
Z_small_team |  -.1668867   .1757971    -0.95   0.342    -.5114427    .1776692
  S_big_team |   .0167652    .086047     0.19   0.846    -.1518838    .1854142
S_small_team |  -.0273484   .0711974    -0.38   0.701    -.1668929     .112196
 PT_big_team |    .029093   .0364423     0.80   0.425    -.0423325    .1005186
       _cons |   .7665933   .0121148    63.28   0.000     .7428487    .7903379
------------------------------------------------------------------------------

Absorbed degrees of freedom:
-----------------------------------------------------+
 Absorbed FE | Categories  - Redundant  = Num. Coefs |
-------------+---------------------------------------|
     athr_id |     12337       12337           0    *|
        year |        10           1           9     |
-----------------------------------------------------+
* = FE nested within cluster; treated as redundant for DoF computation
Warning: Variance matrix is nonsymmetric or highly singular.
N = 61,750; 6,175 balanced groups of size 10
N = 61,750; 175 unbalanced groups of sizes 10 to 2,940
file ../output/figures/all_jrnls/ppml_pdid_het_bs/ppml_pdid_ppr_cnt_big_team_mshrctrl_r1_r2.pdf saved as PDF format
Warning: Variance matrix is nonsymmetric or highly singular.
N = 61,620; 6,162 balanced groups of size 10
N = 61,620; 195 unbalanced groups of sizes 10 to 1,870
file ../output/figures/all_jrnls/ppml_pdid_het_bs/ppml_pdid_ppr_cnt_small_team_mshrctrl_r1_r2.pdf saved as PDF format
(73,150 missing values generated)
(73,150 missing values generated)
(73,150 missing values generated)
(73,150 missing values generated)
(73,150 missing values generated)
Iteration 1:   deviance = 5.5251e+04  eps = .         iters = 3    tol = 1.0e-04  min(eta) =  -1.48  P   
Iteration 2:   deviance = 5.3846e+04  eps = 2.61e-02  iters = 2    tol = 1.0e-04  min(eta) =  -1.83      
Iteration 3:   deviance = 5.3836e+04  eps = 1.87e-04  iters = 2    tol = 1.0e-04  min(eta) =  -1.90      
Iteration 4:   deviance = 5.3836e+04  eps = 5.62e-08  iters = 2    tol = 1.0e-04  min(eta) =  -1.91      
Iteration 5:   deviance = 5.3836e+04  eps = 6.25e-14  iters = 1    tol = 1.0e-05  min(eta) =  -1.91   S  
Iteration 6:   deviance = 5.3836e+04  eps = 1.30e-16  iters = 2    tol = 1.0e-09  min(eta) =  -1.91   S O
------------------------------------------------------------------------------------------------------------
(legend: p: exact partial-out   s: exact solver   h: step-halving   o: epsilon below tolerance)
Converged in 6 iterations and 12 HDFE sub-iterations (tol = 1.0e-08)

HDFE PPML regression                              No. of obs      =     50,220
Absorbing 2 HDFE groups                           Residual df     =      5,021
Statistics robust to heteroskedasticity           Wald chi2(5)    =       4.63
Deviance             =  53835.62047               Prob > chi2     =     0.4633
Log pseudolikelihood = -78155.75988               Pseudo R2       =     0.1945

Number of clusters (athr_id)=      5,022
                            (Std. err. adjusted for 5,022 clusters in athr_id)
------------------------------------------------------------------------------
             |               Robust
     ppr_cnt | Coefficient  std. err.      z    P>|z|     [95% conf. interval]
-------------+----------------------------------------------------------------
 Z_high_nihg |   .2577682   .2255924     1.14   0.253    -.1843847    .6999212
  Z_low_nihg |   .0519819    .293972     0.18   0.860    -.5241925    .6281564
 S_high_nihg |  -.1441933   .0977836    -1.47   0.140    -.3358456     .047459
  S_low_nihg |   .0546228   .1257014     0.43   0.664    -.1917473    .3009929
PT_high_nihg |    .072888   .0513187     1.42   0.156    -.0276947    .1734707
       _cons |   .8333564   .0205637    40.53   0.000     .7930522    .8736605
------------------------------------------------------------------------------

Absorbed degrees of freedom:
-----------------------------------------------------+
 Absorbed FE | Categories  - Redundant  = Num. Coefs |
-------------+---------------------------------------|
     athr_id |      5022        5022           0    *|
        year |        10           1           9     |
-----------------------------------------------------+
* = FE nested within cluster; treated as redundant for DoF computation
(73,150 missing values generated)
(73,150 missing values generated)
(73,150 missing values generated)
Warning: Variance matrix is nonsymmetric or highly singular.
N = 25,770; 2,577 balanced groups of size 10
N = 25,770; 124 unbalanced groups of sizes 10 to 1,640
file ../output/figures/all_jrnls/ppml_pdid_het_bs/ppml_pdid_ppr_cnt_high_nihg_mshrctrl_r1_r2.pdf saved as PDF format
Warning: Variance matrix is nonsymmetric or highly singular.
N = 24,450; 2,445 balanced groups of size 10
N = 24,450; 157 unbalanced groups of sizes 10 to 1,400
file ../output/figures/all_jrnls/ppml_pdid_het_bs/ppml_pdid_ppr_cnt_low_nihg_mshrctrl_r1_r2.pdf saved as PDF format
(73,150 missing values generated)
(73,150 missing values generated)
(73,150 missing values generated)
(73,150 missing values generated)
(73,150 missing values generated)
Iteration 1:   deviance = 5.5244e+04  eps = .         iters = 3    tol = 1.0e-04  min(eta) =  -1.47  P   
Iteration 2:   deviance = 5.3838e+04  eps = 2.61e-02  iters = 2    tol = 1.0e-04  min(eta) =  -1.83      
Iteration 3:   deviance = 5.3828e+04  eps = 1.87e-04  iters = 2    tol = 1.0e-04  min(eta) =  -1.91      
Iteration 4:   deviance = 5.3828e+04  eps = 5.67e-08  iters = 2    tol = 1.0e-04  min(eta) =  -1.92      
Iteration 5:   deviance = 5.3828e+04  eps = 6.44e-14  iters = 1    tol = 1.0e-05  min(eta) =  -1.92   S  
Iteration 6:   deviance = 5.3828e+04  eps = 0.00e+00  iters = 2    tol = 1.0e-09  min(eta) =  -1.92   S O
------------------------------------------------------------------------------------------------------------
(legend: p: exact partial-out   s: exact solver   h: step-halving   o: epsilon below tolerance)
Converged in 6 iterations and 12 HDFE sub-iterations (tol = 1.0e-08)

HDFE PPML regression                              No. of obs      =     50,220
Absorbing 2 HDFE groups                           Residual df     =      5,021
Statistics robust to heteroskedasticity           Wald chi2(5)    =       9.16
Deviance             =  53827.58963               Prob > chi2     =     0.1029
Log pseudolikelihood = -78151.74446               Pseudo R2       =     0.1946

Number of clusters (athr_id)=      5,022
                            (Std. err. adjusted for 5,022 clusters in athr_id)
------------------------------------------------------------------------------
             |               Robust
     ppr_cnt | Coefficient  std. err.      z    P>|z|     [95% conf. interval]
-------------+----------------------------------------------------------------
 Z_high_nihd |   .2234007   .2335341     0.96   0.339    -.2343178    .6811193
  Z_low_nihd |   .1175456   .2803867     0.42   0.675    -.4320023    .6670935
 S_high_nihd |  -.1408257    .100749    -1.40   0.162    -.3382901    .0566386
  S_low_nihd |    .052303   .1207513     0.43   0.665    -.1843652    .2889712
PT_high_nihd |   .0980717   .0509527     1.92   0.054    -.0017938    .1979372
       _cons |   .8255059   .0200182    41.24   0.000     .7862709    .8647408
------------------------------------------------------------------------------

Absorbed degrees of freedom:
-----------------------------------------------------+
 Absorbed FE | Categories  - Redundant  = Num. Coefs |
-------------+---------------------------------------|
     athr_id |      5022        5022           0    *|
        year |        10           1           9     |
-----------------------------------------------------+
* = FE nested within cluster; treated as redundant for DoF computation
(73,150 missing values generated)
(73,150 missing values generated)
(73,150 missing values generated)
Warning: Variance matrix is nonsymmetric or highly singular.
N = 25,110; 2,511 balanced groups of size 10
N = 25,110; 116 unbalanced groups of sizes 10 to 1,830
file ../output/figures/all_jrnls/ppml_pdid_het_bs/ppml_pdid_ppr_cnt_high_nihd_mshrctrl_r1_r2.pdf saved as PDF format
Warning: Variance matrix is nonsymmetric or highly singular.
N = 25,110; 2,511 balanced groups of size 10
N = 25,110; 160 unbalanced groups of sizes 10 to 1,210
file ../output/figures/all_jrnls/ppml_pdid_het_bs/ppml_pdid_ppr_cnt_low_nihd_mshrctrl_r1_r2.pdf saved as PDF format
(23,650 missing values generated)
(23,650 missing values generated)
(23,650 missing values generated)
(23,650 missing values generated)
(23,650 missing values generated)
Iteration 1:   deviance = 1.1094e+05  eps = .         iters = 3    tol = 1.0e-04  min(eta) =  -1.53  P   
Iteration 2:   deviance = 1.0793e+05  eps = 2.80e-02  iters = 2    tol = 1.0e-04  min(eta) =  -1.84      
Iteration 3:   deviance = 1.0790e+05  eps = 2.30e-04  iters = 2    tol = 1.0e-04  min(eta) =  -1.91      
Iteration 4:   deviance = 1.0790e+05  eps = 1.08e-07  iters = 2    tol = 1.0e-04  min(eta) =  -1.91      
Iteration 5:   deviance = 1.0790e+05  eps = 3.46e-13  iters = 2    tol = 1.0e-05  min(eta) =  -1.91   S  
Iteration 6:   deviance = 1.0790e+05  eps = 0.00e+00  iters = 2    tol = 1.0e-08  min(eta) =  -1.91   S O
------------------------------------------------------------------------------------------------------------
(legend: p: exact partial-out   s: exact solver   h: step-halving   o: epsilon below tolerance)
Converged in 6 iterations and 13 HDFE sub-iterations (tol = 1.0e-08)

HDFE PPML regression                              No. of obs      =     99,720
Absorbing 2 HDFE groups                           Residual df     =      9,971
Statistics robust to heteroskedasticity           Wald chi2(5)    =      37.52
Deviance             =  107901.2484               Prob > chi2     =     0.0000
Log pseudolikelihood =  -150473.707               Pseudo R2       =     0.1965

Number of clusters (athr_id)=      9,972
                            (Std. err. adjusted for 9,972 clusters in athr_id)
------------------------------------------------------------------------------
             |               Robust
     ppr_cnt | Coefficient  std. err.      z    P>|z|     [95% conf. interval]
-------------+----------------------------------------------------------------
  Z_hiw_tfnd |  -.3544373   .1877106    -1.89   0.059    -.7223433    .0134688
  Z_low_tfnd |   -.195339   .2219837    -0.88   0.379     -.630419     .239741
  S_hiw_tfnd |  -.1827677   .0821854    -2.22   0.026    -.3438481   -.0216873
  S_low_tfnd |   .0820388   .0898636     0.91   0.361    -.0940906    .2581683
 PT_hiw_tfnd |   .1564664   .0400753     3.90   0.000     .0779203    .2350125
       _cons |   .7514332   .0148552    50.58   0.000     .7223176    .7805487
------------------------------------------------------------------------------

Absorbed degrees of freedom:
-----------------------------------------------------+
 Absorbed FE | Categories  - Redundant  = Num. Coefs |
-------------+---------------------------------------|
     athr_id |      9972        9972           0    *|
        year |        10           1           9     |
-----------------------------------------------------+
* = FE nested within cluster; treated as redundant for DoF computation
(23,650 missing values generated)
(23,650 missing values generated)
(23,650 missing values generated)
Warning: Variance matrix is nonsymmetric or highly singular.
N = 50,770; 5,077 balanced groups of size 10
N = 50,770; 22 unbalanced groups of sizes 650 to 3,840
file ../output/figures/all_jrnls/ppml_pdid_het_bs/ppml_pdid_ppr_cnt_hiw_tfnd_mshrctrl_r1_r2.pdf saved as PDF format
Warning: Variance matrix is nonsymmetric or highly singular.
N = 48,950; 4,895 balanced groups of size 10
N = 48,950; 145 unbalanced groups of sizes 10 to 1,800
file ../output/figures/all_jrnls/ppml_pdid_het_bs/ppml_pdid_ppr_cnt_low_tfnd_mshrctrl_r1_r2.pdf saved as PDF format
(23,720 missing values generated)
(23,720 missing values generated)
(23,720 missing values generated)
(23,720 missing values generated)
(23,720 missing values generated)
Iteration 1:   deviance = 1.1092e+05  eps = .         iters = 3    tol = 1.0e-04  min(eta) =  -1.53  P   
Iteration 2:   deviance = 1.0790e+05  eps = 2.80e-02  iters = 2    tol = 1.0e-04  min(eta) =  -1.84      
Iteration 3:   deviance = 1.0787e+05  eps = 2.30e-04  iters = 2    tol = 1.0e-04  min(eta) =  -1.91      
Iteration 4:   deviance = 1.0787e+05  eps = 1.07e-07  iters = 2    tol = 1.0e-04  min(eta) =  -1.91      
Iteration 5:   deviance = 1.0787e+05  eps = 3.29e-13  iters = 2    tol = 1.0e-05  min(eta) =  -1.91   S  
Iteration 6:   deviance = 1.0787e+05  eps = 1.25e-16  iters = 2    tol = 1.0e-08  min(eta) =  -1.91   S O
------------------------------------------------------------------------------------------------------------
(legend: p: exact partial-out   s: exact solver   h: step-halving   o: epsilon below tolerance)
Converged in 6 iterations and 13 HDFE sub-iterations (tol = 1.0e-08)

HDFE PPML regression                              No. of obs      =     99,650
Absorbing 2 HDFE groups                           Residual df     =      9,964
Statistics robust to heteroskedasticity           Wald chi2(5)    =      18.29
Deviance             =  107873.3347               Prob > chi2     =     0.0026
Log pseudolikelihood = -150405.0068               Pseudo R2       =     0.1964

Number of clusters (athr_id)=      9,965
                            (Std. err. adjusted for 9,965 clusters in athr_id)
------------------------------------------------------------------------------
             |               Robust
     ppr_cnt | Coefficient  std. err.      z    P>|z|     [95% conf. interval]
-------------+----------------------------------------------------------------
   Z_hiw_lsf |  -.3716819   .1996766    -1.86   0.063    -.7630408    .0196769
   Z_low_lsf |  -.1866307   .2069451    -0.90   0.367    -.5922358    .2189743
   S_hiw_lsf |  -.0753371   .0830197    -0.91   0.364    -.2380528    .0873785
   S_low_lsf |  -.0296289   .0884643    -0.33   0.738    -.2030157    .1437578
  PT_hiw_lsf |   .0676493   .0401015     1.69   0.092    -.0109483    .1462469
       _cons |   .7756941   .0148091    52.38   0.000     .7466688    .8047193
------------------------------------------------------------------------------

Absorbed degrees of freedom:
-----------------------------------------------------+
 Absorbed FE | Categories  - Redundant  = Num. Coefs |
-------------+---------------------------------------|
     athr_id |      9965        9965           0    *|
        year |        10           1           9     |
-----------------------------------------------------+
* = FE nested within cluster; treated as redundant for DoF computation
(23,720 missing values generated)
(23,720 missing values generated)
(23,720 missing values generated)
Warning: Variance matrix is nonsymmetric or highly singular.
N = 50,810; 5,081 balanced groups of size 10
N = 50,810; 21 unbalanced groups of sizes 1,160 to 3,840
file ../output/figures/all_jrnls/ppml_pdid_het_bs/ppml_pdid_ppr_cnt_hiw_lsf_mshrctrl_r1_r2.pdf saved as PDF format
Warning: Variance matrix is nonsymmetric or highly singular.
N = 48,840; 4,884 balanced groups of size 10
N = 48,840; 144 unbalanced groups of sizes 10 to 1,600
file ../output/figures/all_jrnls/ppml_pdid_het_bs/ppml_pdid_ppr_cnt_low_lsf_mshrctrl_r1_r2.pdf saved as PDF format
(1,740 missing values generated)
(1,740 missing values generated)
(1,740 missing values generated)
(1,740 missing values generated)
(1,740 missing values generated)
Iteration 1:   deviance = 1.3523e+05  eps = .         iters = 3    tol = 1.0e-04  min(eta) =  -1.53  P   
Iteration 2:   deviance = 1.3154e+05  eps = 2.80e-02  iters = 2    tol = 1.0e-04  min(eta) =  -1.83      
Iteration 3:   deviance = 1.3151e+05  eps = 2.33e-04  iters = 2    tol = 1.0e-04  min(eta) =  -1.89      
Iteration 4:   deviance = 1.3151e+05  eps = 1.09e-07  iters = 2    tol = 1.0e-04  min(eta) =  -1.89      
Iteration 5:   deviance = 1.3151e+05  eps = 3.26e-13  iters = 2    tol = 1.0e-05  min(eta) =  -1.89   S O
------------------------------------------------------------------------------------------------------------
(legend: p: exact partial-out   s: exact solver   h: step-halving   o: epsilon below tolerance)
Converged in 5 iterations and 11 HDFE sub-iterations (tol = 1.0e-08)

HDFE PPML regression                              No. of obs      =    121,630
Absorbing 2 HDFE groups                           Residual df     =     12,162
Statistics robust to heteroskedasticity           Wald chi2(5)    =      22.65
Deviance             =   131513.207               Prob > chi2     =     0.0004
Log pseudolikelihood = -182836.6672               Pseudo R2       =     0.1948

Number of clusters (athr_id)=     12,163
                           (Std. err. adjusted for 12,163 clusters in athr_id)
------------------------------------------------------------------------------
             |               Robust
     ppr_cnt | Coefficient  std. err.      z    P>|z|     [95% conf. interval]
-------------+----------------------------------------------------------------
 Z_hiw_endow |  -.3289144   .1704926    -1.93   0.054    -.6630737    .0052449
 Z_low_endow |  -.2581123   .2010248    -1.28   0.199    -.6521136    .1358891
 S_hiw_endow |  -.0466435    .073743    -0.63   0.527    -.1911772    .0978902
 S_low_endow |   .0517935   .0834556     0.62   0.535    -.1117765    .2153636
PT_hiw_endow |   .0830629   .0368594     2.25   0.024     .0108197    .1553061
       _cons |   .7509071   .0140816    53.33   0.000     .7233076    .7785066
------------------------------------------------------------------------------

Absorbed degrees of freedom:
-----------------------------------------------------+
 Absorbed FE | Categories  - Redundant  = Num. Coefs |
-------------+---------------------------------------|
     athr_id |     12163       12163           0    *|
        year |        10           1           9     |
-----------------------------------------------------+
* = FE nested within cluster; treated as redundant for DoF computation
(1,740 missing values generated)
(1,740 missing values generated)
(1,740 missing values generated)
Warning: Variance matrix is nonsymmetric or highly singular.
N = 63,390; 6,339 balanced groups of size 10
N = 63,390; 48 unbalanced groups of sizes 10 to 4,640
file ../output/figures/all_jrnls/ppml_pdid_het_bs/ppml_pdid_ppr_cnt_hiw_endow_mshrctrl_r1_r2.pdf saved as PDF format
Warning: Variance matrix is nonsymmetric or highly singular.
N = 58,240; 5,824 balanced groups of size 10
N = 58,240; 148 unbalanced groups of sizes 10 to 3,060
file ../output/figures/all_jrnls/ppml_pdid_het_bs/ppml_pdid_ppr_cnt_low_endow_mshrctrl_r1_r2.pdf saved as PDF format
(40 observations deleted)
(22 missing values generated)
(6 observations deleted)
(note:  named style cme not found in class gsize, default attributes used)
(note:  named style o not found in class gsize, default attributes used)
(note:  named style cme not found in class gsize, default attributes used)
(note:  named style o not found in class gsize, default attributes used)
(note:  named style cme not found in class gsize, default attributes used)
(note:  named style o not found in class gsize, default attributes used)
(note:  named style vsma not found in class gsize, default attributes used)
file ../output/figures/all_jrnls/coefplot_evavg/ppml_het_coefplot_ppr_cnt_med_pi_pi_r1_r2.pdf saved as PDF format
wrote ../output/figures/all_jrnls/coefplot_evavg/ppml_het_coefplot_ppr_cnt_med_pi_pi_r1_r2.pdf
(40 observations deleted)
(22 missing values generated)
(18 observations deleted)
(note:  named style cme not found in class gsize, default attributes used)
(note:  named style o not found in class gsize, default attributes used)
(note:  named style cme not found in class gsize, default attributes used)
(note:  named style o not found in class gsize, default attributes used)
(note:  named style cme not found in class gsize, default attributes used)
(note:  named style o not found in class gsize, default attributes used)
(note:  named style vsma not found in class gsize, default attributes used)
file ../output/figures/all_jrnls/coefplot_evavg/ppml_het_coefplot_ppr_cnt_med_pi_ic_fund_r1_r2.pdf saved as PDF format
wrote ../output/figures/all_jrnls/coefplot_evavg/ppml_het_coefplot_ppr_cnt_med_pi_ic_fund_r1_r2.pdf
(40 observations deleted)
(22 missing values generated)
(20 observations deleted)
(note:  named style cme not found in class gsize, default attributes used)
(note:  named style o not found in class gsize, default attributes used)
(note:  named style cme not found in class gsize, default attributes used)
(note:  named style o not found in class gsize, default attributes used)
(note:  named style cme not found in class gsize, default attributes used)
(note:  named style o not found in class gsize, default attributes used)
(note:  named style vsma not found in class gsize, default attributes used)
file ../output/figures/all_jrnls/coefplot_evavg/ppml_het_coefplot_ppr_cnt_med_pi_ic_expx_r1_r2.pdf saved as PDF format
wrote ../output/figures/all_jrnls/coefplot_evavg/ppml_het_coefplot_ppr_cnt_med_pi_ic_expx_r1_r2.pdf
(40 observations deleted)
(22 missing values generated)
(0 observations deleted)
(note:  named style cme not found in class gsize, default attributes used)
(note:  named style o not found in class gsize, default attributes used)
(note:  named style cme not found in class gsize, default attributes used)
(note:  named style o not found in class gsize, default attributes used)
(note:  named style cme not found in class gsize, default attributes used)
(note:  named style o not found in class gsize, default attributes used)
(note:  named style vsma not found in class gsize, default attributes used)
file ../output/figures/all_jrnls/coefplot_evavg/ppml_het_coefplot_ppr_cnt_med_pi_all_r1_r2.pdf saved as PDF format
wrote ../output/figures/all_jrnls/coefplot_evavg/ppml_het_coefplot_ppr_cnt_med_pi_all_r1_r2.pdf
(50 observations deleted)
(12 missing values generated)
(note:  named style cme not found in class gsize, default attributes used)
(note:  named style o not found in class gsize, default attributes used)
(note:  named style cme not found in class gsize, default attributes used)
(note:  named style o not found in class gsize, default attributes used)
(note:  named style cme not found in class gsize, default attributes used)
(note:  named style o not found in class gsize, default attributes used)
(note:  named style vsma not found in class gsize, default attributes used)
file ../output/figures/all_jrnls/coefplot_evavg/ppml_het_coefplot_ppr_cnt_joint_ae_paired_r1_r2.pdf saved as PDF format
wrote joint_ae_paired coefplot for ppr_cnt mshrctrl
(50 observations deleted)
(12 missing values generated)
(note:  named style cme not found in class gsize, default attributes used)
(note:  named style o not found in class gsize, default attributes used)
(note:  named style cme not found in class gsize, default attributes used)
(note:  named style o not found in class gsize, default attributes used)
(note:  named style cme not found in class gsize, default attributes used)
(note:  named style o not found in class gsize, default attributes used)
(note:  named style vsma not found in class gsize, default attributes used)
file ../output/figures/all_jrnls/coefplot_evavg/ppml_het_coefplot_ppr_cnt_joint_ae_prppr_paired_r1_r2.pdf saved as PDF format
wrote joint_ae_prppr_paired coefplot for ppr_cnt mshrctrl
(58 observations deleted)
(note:  named style cme not found in class gsize, default attributes used)
(note:  named style o not found in class gsize, default attributes used)
(note:  named style cme not found in class gsize, default attributes used)
(note:  named style o not found in class gsize, default attributes used)
(note:  named style cme not found in class gsize, default attributes used)
(note:  named style o not found in class gsize, default attributes used)
(note:  named style vsma not found in class gsize, default attributes used)
file ../output/figures/all_jrnls/coefplot_evavg/ppml_het_coefplot_ppr_cnt_joint_agepr_r1_r2.pdf saved as PDF format
wrote joint_agepr coefplot for ppr_cnt mshrctrl
file ../temp/phet_results_all_jrnls_r1_r2.dta saved
file ../output/tables/all_jrnls/phet_results_r1_r2.txt saved
add_het_splits all_jrnls_r1_r2_public age_2014 median = 47
(49,520 missing values generated)
add_het_splits all_jrnls_r1_r2_public pre-team median = 4.947808265686035
(64,640 missing values generated)
(46,790 missing values generated)
add_het_splits all_jrnls_r1_r2_public nihg N_pi=2975 p50=.75
(46,790 missing values generated)
(46,790 missing values generated)
(64,640 missing values generated)
(46,790 missing values generated)
add_het_splits all_jrnls_r1_r2_public nihd N_pi=2975 p50=263879
(46,790 missing values generated)
(46,790 missing values generated)
add_het_splits all_jrnls_r1_r2_public NIH-matched PIs = 2987
(46,670 missing values generated)
(46,670 missing values generated)
(47,318 missing values generated)
(71,001 missing values generated)
(21,150 missing values generated)

    Result                      Number of obs
    -----------------------------------------
    Not matched                             0
    Matched                            76,540  
    -----------------------------------------
add_het_splits all_jrnls_r1_r2_public ic_tfnd inst-wtd N_inst=109 p25=50172.75 p50=102216.75 p75=330709.25
(13,390 missing values generated)
(13,390 missing values generated)
(13,390 missing values generated)
(13,390 missing values generated)
(13,390 missing values generated)
add_het_splits all_jrnls_r1_r2_public ic_tfnd pi-wtd N_pi=6315 p25=317121.25 p50=619335.75 p75=870564
(13,390 missing values generated)
(13,390 missing values generated)
(13,390 missing values generated)
(13,390 missing values generated)
(13,390 missing values generated)
add_het_splits all_jrnls_r1_r2_public ic_lsf inst-wtd N_inst=108 p25=8900.625 p50=32318.5 p75=136692.375
(13,450 missing values generated)
(13,450 missing values generated)
(13,450 missing values generated)
(13,450 missing values generated)
(13,450 missing values generated)
add_het_splits all_jrnls_r1_r2_public ic_lsf pi-wtd N_pi=6309 p25=129173 p50=284333.75 p75=662470.25
(13,450 missing values generated)
(13,450 missing values generated)
(13,450 missing values generated)
(13,450 missing values generated)
(13,450 missing values generated)
add_het_splits all_jrnls_r1_r2_public ic_endow inst-wtd N_inst=134 p25=4747.66650390625 p50=9294.625 p75=20321
(1,790 missing values generated)
(1,790 missing values generated)
(1,790 missing values generated)
(1,790 missing values generated)
(1,790 missing values generated)
add_het_splits all_jrnls_r1_r2_public ic_endow pi-wtd N_pi=7475 p25=13012.25 p50=23013.75 p75=47319.25
(1,790 missing values generated)
(1,790 missing values generated)
(1,790 missing values generated)
(1,790 missing values generated)
(1,790 missing values generated)
add_het_splits all_jrnls_r1_r2_public pre_ppr p25=5 p75=10
add_het_splits all_jrnls_r1_r2_public team p25=3.875 p75=6.444444179534912
add_het_splits all_jrnls_r1_r2_public nihg p25=.5 p75=1.5
(46,790 missing values generated)
(46,790 missing values generated)
(46,790 missing values generated)
add_het_splits all_jrnls_r1_r2_public nihd p25=105187.5 p75=489639.75
(46,790 missing values generated)
(46,790 missing values generated)
(46,790 missing values generated)
(13,390 missing values generated)
(13,390 missing values generated)
(13,390 missing values generated)
(13,390 missing values generated)
(13,450 missing values generated)
(13,450 missing values generated)
(13,450 missing values generated)
(13,450 missing values generated)
(1,790 missing values generated)
(1,790 missing values generated)
(1,790 missing values generated)
(1,790 missing values generated)
(13,390 missing values generated)
(13,390 missing values generated)
(13,390 missing values generated)
(13,390 missing values generated)
(13,450 missing values generated)
(13,450 missing values generated)
(13,450 missing values generated)
(13,450 missing values generated)
(1,790 missing values generated)
(1,790 missing values generated)
(1,790 missing values generated)
(1,790 missing values generated)
  variable athr_indicator was float now byte
  variable high_pre_ppr was float now byte
  variable low_pre_ppr was float now byte
  variable young was float now byte
  variable old was float now byte
  variable r1 was float now byte
  variable r2 was float now byte
  variable pub_inst was float now byte
  variable priv_inst was float now byte
  variable big_team was float now byte
  variable small_team was float now byte
  variable inst_indicator was float now byte
  (2,755,440 bytes saved)
file ../temp/es_all_jrnls_r1_r2_public.dta saved
(45,924 observations deleted)
(0 observations deleted)

desc_pre_output_by_age all_jrnls_r1_r2_public: pre-period = 2010-2013, N young = 3687, N old = 3967
  ppr_tot: young mean=8.2 p50=7.0 | old mean=8.8 p50=7.0

Two-sample Kolmogorov–Smirnov test for equality of distribution functions

Smaller group             D     p-value  
---------------------------------------
0                    0.0000       1.000
1                   -0.0544       0.000
Combined K-S         0.0544       0.000

Note: Ties exist in combined dataset;
      there are 45 unique values out of 7654 observations.
  ppr_tot: young-old diff =   -0.622 (se    0.146)
file ../output/figures/all_jrnls/desc_kd_pre_ppr_tot_ln_r1_r2_public.pdf saved as PDF format
file ../output/figures/all_jrnls/desc_kd_pre_ppr_tot_raw_r1_r2_public.pdf saved as PDF format
  cite: young mean=15.3 p50=9.9 | old mean=14.9 p50=9.8

Two-sample Kolmogorov–Smirnov test for equality of distribution functions

Smaller group             D     p-value  
---------------------------------------
0                    0.0184       0.273
1                   -0.0041       0.938
Combined K-S         0.0184       0.534

Note: Ties exist in combined dataset;
      there are 7646 unique values out of 7654 observations.
  cite: young-old diff =    0.409 (se    0.410)
file ../output/figures/all_jrnls/desc_kd_pre_cite_ln_r1_r2_public.pdf saved as PDF format
file ../output/figures/all_jrnls/desc_kd_pre_cite_raw_r1_r2_public.pdf saved as PDF format
  first: young mean=0.8 p50=0.0 | old mean=0.6 p50=0.0

Two-sample Kolmogorov–Smirnov test for equality of distribution functions

Smaller group             D     p-value  
---------------------------------------
0                    0.0584       0.000
1                   -0.0010       0.996
Combined K-S         0.0584       0.000

Note: Ties exist in combined dataset;
      there are 21 unique values out of 7654 observations.
  first: young-old diff =    0.219 (se    0.044)
file ../output/figures/all_jrnls/desc_kd_pre_first_ln_r1_r2_public.pdf saved as PDF format
file ../output/figures/all_jrnls/desc_kd_pre_first_raw_r1_r2_public.pdf saved as PDF format
  last: young mean=8.3 p50=7.0 | old mean=8.9 p50=7.0

Two-sample Kolmogorov–Smirnov test for equality of distribution functions

Smaller group             D     p-value  
---------------------------------------
0                    0.0000       1.000
1                   -0.0546       0.000
Combined K-S         0.0546       0.000

Note: Ties exist in combined dataset;
      there are 47 unique values out of 7654 observations.
  last: young-old diff =   -0.651 (se    0.150)
file ../output/figures/all_jrnls/desc_kd_pre_last_ln_r1_r2_public.pdf saved as PDF format
file ../output/figures/all_jrnls/desc_kd_pre_last_raw_r1_r2_public.pdf saved as PDF format
  ppr_yr: young mean=2.04 p50=1.75 | old mean=2.20 p50=1.75

Two-sample Kolmogorov–Smirnov test for equality of distribution functions

Smaller group             D     p-value  
---------------------------------------
0                    0.0000       1.000
1                   -0.0544       0.000
Combined K-S         0.0544       0.000

Note: Ties exist in combined dataset;
      there are 45 unique values out of 7654 observations.
  ppr_yr: young-old diff =   -0.155 (se    0.036)
file ../output/figures/all_jrnls/desc_kd_pre_ppr_yr_ln_r1_r2_public.pdf saved as PDF format
file ../output/figures/all_jrnls/desc_kd_pre_ppr_yr_raw_r1_r2_public.pdf saved as PDF format
file ../temp/desc_pre_output_all_jrnls_r1_r2_public.dta saved
(68,886 missing values generated)
(68,886 missing values generated)
(68,886 missing values generated)
(68,886 missing values generated)
(68,886 missing values generated)
(68,886 missing values generated)
(68,886 missing values generated)
(68,886 missing values generated)
(68,886 missing values generated)
(68,886 missing values generated)
(68,886 missing values generated)
(68,886 missing values generated)
(68,886 missing values generated)
(68,886 missing values generated)
(68,886 missing values generated)
(68,886 missing values generated)
(68,886 missing values generated)
(68,886 missing values generated)
(68,886 missing values generated)
(68,886 missing values generated)
int_lead1   int_lead2   int_lead3   int_lead4   int_lag0    int_lag1    int_lag2    int_lag3    int_lag4    int_lag5    mshr_lead1  mshr_lead2  mshr_lead3  mshr_lead4  mshr_lag0   mshr_lag1   mshr_lag2   mshr_lag3   mshr_lag4   mshr_lag5
(68,886 real changes made)
(68,886 real changes made)
(68,886 real changes made)
(68,886 real changes made)
(68,886 real changes made)
(68,886 real changes made)
(68,886 real changes made)
(68,886 real changes made)
(68,886 real changes made)
(68,886 real changes made)
(68,886 real changes made)
(68,886 real changes made)
(68,886 real changes made)
(68,886 real changes made)
(68,886 real changes made)
(68,886 real changes made)
(68,886 real changes made)
(68,886 real changes made)
(68,886 real changes made)
(68,886 real changes made)
event_study_het all_jrnls_r1_r2_public: dummy pub_inst degenerate -- skipping.
event_study_het all_jrnls_r1_r2_public: dummy priv_inst degenerate -- skipping.
(46,790 missing values generated)
(46,790 missing values generated)
(46,790 missing values generated)
(46,790 missing values generated)
(46,790 missing values generated)
(46,790 missing values generated)
(46,790 missing values generated)
(46,790 missing values generated)
(46,790 missing values generated)
(46,790 missing values generated)
(46,790 missing values generated)
(46,790 missing values generated)
(46,790 missing values generated)
(46,790 missing values generated)
(46,790 missing values generated)
(46,790 missing values generated)
(46,790 missing values generated)
(46,790 missing values generated)
(46,790 missing values generated)
(46,790 missing values generated)
(46,790 missing values generated)
(46,790 missing values generated)
(46,790 missing values generated)
(46,790 missing values generated)
(46,790 missing values generated)
(46,790 missing values generated)
(46,790 missing values generated)
(46,790 missing values generated)
(46,790 missing values generated)
(46,790 missing values generated)
(46,790 missing values generated)
(46,790 missing values generated)
(46,790 missing values generated)
(46,790 missing values generated)
(46,790 missing values generated)
(46,790 missing values generated)
(46,790 missing values generated)
(46,790 missing values generated)
(46,790 missing values generated)
(46,790 missing values generated)
(46,790 missing values generated)
(46,790 missing values generated)
(46,790 missing values generated)
(46,790 missing values generated)
(46,790 missing values generated)
(46,790 missing values generated)
(46,790 missing values generated)
(46,790 missing values generated)
(46,790 missing values generated)
(46,790 missing values generated)
(46,790 missing values generated)
(46,790 missing values generated)
(46,790 missing values generated)
(46,790 missing values generated)
(46,790 missing values generated)
(46,790 missing values generated)
(46,790 missing values generated)
(46,790 missing values generated)
(46,790 missing values generated)
(46,790 missing values generated)
(46,790 missing values generated)
(46,790 missing values generated)
(46,790 missing values generated)
(46,790 missing values generated)
(46,790 missing values generated)
(46,790 missing values generated)
(46,790 missing values generated)
(46,790 missing values generated)
(46,790 missing values generated)
(46,790 missing values generated)
(46,790 missing values generated)
(46,790 missing values generated)
(46,790 missing values generated)
(46,790 missing values generated)
(46,790 missing values generated)
(46,790 missing values generated)
(46,670 missing values generated)
(46,670 missing values generated)
(46,670 missing values generated)
(46,670 missing values generated)
(46,670 missing values generated)
(46,670 missing values generated)
(46,670 missing values generated)
(46,670 missing values generated)
(46,670 missing values generated)
(46,670 missing values generated)
(46,670 missing values generated)
(46,670 missing values generated)
(46,670 missing values generated)
(46,670 missing values generated)
(46,670 missing values generated)
(46,670 missing values generated)
(46,670 missing values generated)
(46,670 missing values generated)
(46,670 missing values generated)
(46,670 missing values generated)
(46,670 missing values generated)
(46,670 missing values generated)
(46,670 missing values generated)
(46,670 missing values generated)
(46,670 missing values generated)
(46,670 missing values generated)
(46,670 missing values generated)
(46,670 missing values generated)
(46,670 missing values generated)
(46,670 missing values generated)
(46,670 missing values generated)
(46,670 missing values generated)
(46,670 missing values generated)
(46,670 missing values generated)
(46,670 missing values generated)
(46,670 missing values generated)
(46,670 missing values generated)
(46,670 missing values generated)
(13,390 missing values generated)
(13,390 missing values generated)
(13,390 missing values generated)
(13,390 missing values generated)
(13,390 missing values generated)
(13,390 missing values generated)
(13,390 missing values generated)
(13,390 missing values generated)
(13,390 missing values generated)
(13,390 missing values generated)
(13,390 missing values generated)
(13,390 missing values generated)
(13,390 missing values generated)
(13,390 missing values generated)
(13,390 missing values generated)
(13,390 missing values generated)
(13,390 missing values generated)
(13,390 missing values generated)
(13,390 missing values generated)
(13,390 missing values generated)
(13,390 missing values generated)
(13,390 missing values generated)
(13,390 missing values generated)
(13,390 missing values generated)
(13,390 missing values generated)
(13,390 missing values generated)
(13,390 missing values generated)
(13,390 missing values generated)
(13,390 missing values generated)
(13,390 missing values generated)
(13,390 missing values generated)
(13,390 missing values generated)
(13,390 missing values generated)
(13,390 missing values generated)
(13,390 missing values generated)
(13,390 missing values generated)
(13,390 missing values generated)
(13,390 missing values generated)
(13,450 missing values generated)
(13,450 missing values generated)
(13,450 missing values generated)
(13,450 missing values generated)
(13,450 missing values generated)
(13,450 missing values generated)
(13,450 missing values generated)
(13,450 missing values generated)
(13,450 missing values generated)
(13,450 missing values generated)
(13,450 missing values generated)
(13,450 missing values generated)
(13,450 missing values generated)
(13,450 missing values generated)
(13,450 missing values generated)
(13,450 missing values generated)
(13,450 missing values generated)
(13,450 missing values generated)
(13,450 missing values generated)
(13,450 missing values generated)
(13,450 missing values generated)
(13,450 missing values generated)
(13,450 missing values generated)
(13,450 missing values generated)
(13,450 missing values generated)
(13,450 missing values generated)
(13,450 missing values generated)
(13,450 missing values generated)
(13,450 missing values generated)
(13,450 missing values generated)
(13,450 missing values generated)
(13,450 missing values generated)
(13,450 missing values generated)
(13,450 missing values generated)
(13,450 missing values generated)
(13,450 missing values generated)
(13,450 missing values generated)
(13,450 missing values generated)
(1,790 missing values generated)
(1,790 missing values generated)
(1,790 missing values generated)
(1,790 missing values generated)
(1,790 missing values generated)
(1,790 missing values generated)
(1,790 missing values generated)
(1,790 missing values generated)
(1,790 missing values generated)
(1,790 missing values generated)
(1,790 missing values generated)
(1,790 missing values generated)
(1,790 missing values generated)
(1,790 missing values generated)
(1,790 missing values generated)
(1,790 missing values generated)
(1,790 missing values generated)
(1,790 missing values generated)
(1,790 missing values generated)
(1,790 missing values generated)
(1,790 missing values generated)
(1,790 missing values generated)
(1,790 missing values generated)
(1,790 missing values generated)
(1,790 missing values generated)
(1,790 missing values generated)
(1,790 missing values generated)
(1,790 missing values generated)
(1,790 missing values generated)
(1,790 missing values generated)
(1,790 missing values generated)
(1,790 missing values generated)
(1,790 missing values generated)
(1,790 missing values generated)
(1,790 missing values generated)
(1,790 missing values generated)
(1,790 missing values generated)
(1,790 missing values generated)
DEBUG_YVAR set -- restricting yvar loop to: ppr_cnt
Iteration 1:   deviance = 8.5133e+04  eps = .         iters = 3    tol = 1.0e-04  min(eta) =  -1.55  P   
Iteration 2:   deviance = 8.2788e+04  eps = 2.83e-02  iters = 2    tol = 1.0e-04  min(eta) =  -1.86      
Iteration 3:   deviance = 8.2769e+04  eps = 2.40e-04  iters = 2    tol = 1.0e-04  min(eta) =  -1.92      
Iteration 4:   deviance = 8.2769e+04  eps = 1.23e-07  iters = 2    tol = 1.0e-04  min(eta) =  -1.92      
Iteration 5:   deviance = 8.2769e+04  eps = 5.27e-13  iters = 2    tol = 1.0e-05  min(eta) =  -1.92   S  
Iteration 6:   deviance = 8.2769e+04  eps = 0.00e+00  iters = 1    tol = 1.0e-08  min(eta) =  -1.92   S  
Iteration 7:   deviance = 8.2769e+04  eps = 0.00e+00  iters = 1    tol = 1.0e-09  min(eta) =  -1.92   S O
------------------------------------------------------------------------------------------------------------
(legend: p: exact partial-out   s: exact solver   h: step-halving   o: epsilon below tolerance)
Converged in 7 iterations and 13 HDFE sub-iterations (tol = 1.0e-08)

HDFE PPML regression                              No. of obs      =     76,540
Absorbing 2 HDFE groups                           Residual df     =      7,653
Statistics robust to heteroskedasticity           Wald chi2(5)    =      66.30
Deviance             =  82768.53633               Prob > chi2     =     0.0000
Log pseudolikelihood = -114070.5366               Pseudo R2       =     0.1940

Number of clusters (athr_id)=      7,654
                            (Std. err. adjusted for 7,654 clusters in athr_id)
------------------------------------------------------------------------------
             |               Robust
     ppr_cnt | Coefficient  std. err.      z    P>|z|     [95% conf. interval]
-------------+----------------------------------------------------------------
     Z_young |  -.7247686   .2277992    -3.18   0.001    -1.171247   -.2782904
       Z_old |  -.0250747   .2456905    -0.10   0.919    -.5066193    .4564699
     S_young |  -.0753558   .1066406    -0.71   0.480    -.2843674    .1336559
       S_old |  -.0398224    .089315    -0.45   0.656    -.2148767    .1352318
    PT_young |   .1496319    .046671     3.21   0.001     .0581584    .2411054
       _cons |   .7262847   .0149155    48.69   0.000      .697051    .7555185
------------------------------------------------------------------------------

Absorbed degrees of freedom:
-----------------------------------------------------+
 Absorbed FE | Categories  - Redundant  = Num. Coefs |
-------------+---------------------------------------|
     athr_id |      7654        7654           0    *|
        year |        10           1           9     |
-----------------------------------------------------+
* = FE nested within cluster; treated as redundant for DoF computation
N = 36,870; 3,687 balanced groups of size 10
N = 36,870; 132 unbalanced groups of sizes 10 to 1,980
pooled-DiD int PPML all_jrnls_r1_r2_public ppr_cnt young med_pi: b= -0.7248 (se=  0.2278)   N=    76540 PIs=3687 Insts=132
N = 39,670; 3,967 balanced groups of size 10
N = 39,670; 124 unbalanced groups of sizes 10 to 2,120
pooled-DiD int PPML all_jrnls_r1_r2_public ppr_cnt old med_pi: b= -0.0251 (se=  0.2457)   N=    76540 PIs=3967 Insts=124
Iteration 1:   deviance = 8.5024e+04  eps = .         iters = 3    tol = 1.0e-04  min(eta) =  -1.60  P   
Iteration 2:   deviance = 8.2679e+04  eps = 2.84e-02  iters = 2    tol = 1.0e-04  min(eta) =  -1.93      
Iteration 3:   deviance = 8.2659e+04  eps = 2.41e-04  iters = 2    tol = 1.0e-04  min(eta) =  -1.99      
Iteration 4:   deviance = 8.2659e+04  eps = 1.23e-07  iters = 2    tol = 1.0e-04  min(eta) =  -1.99      
Iteration 5:   deviance = 8.2659e+04  eps = 5.47e-13  iters = 2    tol = 1.0e-05  min(eta) =  -1.99   S  
Iteration 6:   deviance = 8.2659e+04  eps = 0.00e+00  iters = 1    tol = 1.0e-08  min(eta) =  -1.99   S  
Iteration 7:   deviance = 8.2659e+04  eps = 0.00e+00  iters = 1    tol = 1.0e-09  min(eta) =  -1.99   S O
------------------------------------------------------------------------------------------------------------
(legend: p: exact partial-out   s: exact solver   h: step-halving   o: epsilon below tolerance)
Converged in 7 iterations and 13 HDFE sub-iterations (tol = 1.0e-08)

HDFE PPML regression                              No. of obs      =     76,540
Absorbing 2 HDFE groups                           Residual df     =      7,653
Statistics robust to heteroskedasticity           Wald chi2(37)   =     144.58
Deviance             =   82659.2986               Prob > chi2     =     0.0000
Log pseudolikelihood = -114015.9177               Pseudo R2       =     0.1944

Number of clusters (athr_id)=      7,654
                                (Std. err. adjusted for 7,654 clusters in athr_id)
----------------------------------------------------------------------------------
                 |               Robust
         ppr_cnt | Coefficient  std. err.      z    P>|z|     [95% conf. interval]
-----------------+----------------------------------------------------------------
 int_lead4_young |    .056118   .3564377     0.16   0.875    -.6424871    .7547231
 int_lead3_young |  -.3199985    .337356    -0.95   0.343    -.9812041    .3412072
 int_lead2_young |   .1144474   .3129913     0.37   0.715    -.4990042    .7278991
  int_lag0_young |  -.4855084   .3561587    -1.36   0.173    -1.183567    .2125497
  int_lag1_young |  -.5840032   .3644993    -1.60   0.109    -1.298409    .1304023
  int_lag2_young |  -.4429803   .3959857    -1.12   0.263    -1.219098    .3331374
  int_lag3_young |  -1.125839   .4085949    -2.76   0.006     -1.92667   -.3250078
  int_lag4_young |  -.7859614   .4288101    -1.83   0.067    -1.626414    .0544909
  int_lag5_young |  -1.343482   .4445806    -3.02   0.003    -2.214844   -.4721203
   int_lead4_old |  -.1839736   .3791672    -0.49   0.628    -.9271277    .5591806
   int_lead3_old |  -.4905749   .3579484    -1.37   0.171    -1.192141    .2109909
   int_lead2_old |   .0611566   .3489366     0.18   0.861    -.6227466    .7450598
    int_lag0_old |  -.2308326   .3821869    -0.60   0.546    -.9799052    .5182399
    int_lag1_old |  -.1866443   .4096243    -0.46   0.649    -.9894933    .6162046
    int_lag2_old |   .0656044   .4650013     0.14   0.888    -.8457814    .9769902
    int_lag3_old |  -.0486372   .4981791    -0.10   0.922     -1.02505    .9277759
    int_lag4_old |  -.3777104   .5217474    -0.72   0.469    -1.400316    .6448956
    int_lag5_old |  -.3434752   .4984459    -0.69   0.491    -1.320411    .6334607
mshr_lead4_young |  -.1324871   .1064897    -1.24   0.213     -.341203    .0762288
mshr_lead3_young |   -.033606   .0989281    -0.34   0.734    -.2275015    .1602894
mshr_lead2_young |   .0118348   .0974358     0.12   0.903     -.179136    .2028055
 mshr_lag0_young |  -.0885127   .1312707    -0.67   0.500    -.3457986    .1687732
 mshr_lag1_young |  -.0570791   .1348359    -0.42   0.672    -.3213525    .2071944
 mshr_lag2_young |  -.1787553    .146648    -1.22   0.223    -.4661801    .1086695
 mshr_lag3_young |  -.1996288   .1578341    -1.26   0.206    -.5089778    .1097203
 mshr_lag4_young |  -.1223706   .1650665    -0.74   0.458     -.445895    .2011539
 mshr_lag5_young |  -.0271649   .1664217    -0.16   0.870    -.3533454    .2990155
  mshr_lead4_old |   .3887461   .1074064     3.62   0.000     .1782334    .5992589
  mshr_lead3_old |   .2591521   .1017123     2.55   0.011     .0597997    .4585045
  mshr_lead2_old |   .2546657   .0992342     2.57   0.010     .0601703    .4491611
   mshr_lag0_old |    .366416   .1239747     2.96   0.003     .1234302    .6094019
   mshr_lag1_old |   .4208087   .1273996     3.30   0.001       .17111    .6705074
   mshr_lag2_old |   .0168915   .1349333     0.13   0.900    -.2475729     .281356
   mshr_lag3_old |   .0438853   .1436142     0.31   0.760    -.2375935     .325364
   mshr_lag4_old |   .0714216   .1553786     0.46   0.646    -.2331149    .3759581
   mshr_lag5_old |   .0865709   .1595637     0.54   0.587    -.2261681    .3993099
        PT_young |     .14925   .0466389     3.20   0.001     .0578394    .2406606
           _cons |   .6983074   .0233243    29.94   0.000     .6525927    .7440222
----------------------------------------------------------------------------------

Absorbed degrees of freedom:
-----------------------------------------------------+
 Absorbed FE | Categories  - Redundant  = Num. Coefs |
-------------+---------------------------------------|
     athr_id |      7654        7654           0    *|
        year |        10           1           9     |
-----------------------------------------------------+
* = FE nested within cluster; treated as redundant for DoF computation
N = 36,870; 3,687 balanced groups of size 10
N = 36,870; 132 unbalanced groups of sizes 10 to 1,980

                        (sum) ppr_cnt
-------------------------------------------------------------
      Percentiles      Smallest
 1%            0              0
 5%            0              0
10%            0              0       Obs              14,748
25%            1              0       Sum of wgt.      14,748

50%            2                      Mean            2.03987
                        Largest       Std. dev.      1.744914
75%            3             16
90%            4             16       Variance       3.044725
95%            5             17       Skewness       1.963682
99%            8             21       Kurtosis       10.04251
(76,530 observations deleted)

                             ub
-------------------------------------------------------------
      Percentiles      Smallest
 1%    -.4721043      -.4721043
 5%    -.4721043       -.324993
10%    -.3985487              0       Obs                  10
25%            0       .0545063       Sum of wgt.          10

50%      .171489                      Mean           .1757404
                        Largest       Std. dev.      .3960525
75%     .3412194       .3331517
90%     .7413231       .3412194       Variance       .1568576
95%     .7547359       .7279103       Skewness      -.0637646
99%     .7547359       .7547359       Kurtosis       2.242404

                             lb
-------------------------------------------------------------
      Percentiles      Smallest
 1%     -2.21486       -2.21486
 5%     -2.21486      -1.926685
10%    -2.070773      -1.626429       Obs                  10
25%    -1.626429      -1.298422       Sum of wgt.          10

50%    -1.201346                      Mean          -1.159182
                        Largest       Std. dev.      .6686277
75%       -.6425      -.9812163
90%    -.2495078         -.6425       Variance        .447063
95%            0      -.4990155       Skewness       .1000415
99%            0              0       Kurtosis       2.288458
(9 missing values generated)
(9 real changes made)
(7 real changes made)
(1 real change made)
file ../output/figures/all_jrnls/es_ppml/es_ppr_cnt_r1_r2_public_young_ppml_medpi_mshrctrl.pdf saved as PDF format
file ../temp/es_ppr_cnt_r1_r2_public_young_ppml_medpi_mshrctrl.dta saved
N = 39,670; 3,967 balanced groups of size 10
N = 39,670; 124 unbalanced groups of sizes 10 to 2,120

                        (sum) ppr_cnt
-------------------------------------------------------------
      Percentiles      Smallest
 1%            0              0
 5%            0              0
10%            0              0       Obs              15,868
25%            1              0       Sum of wgt.      15,868

50%            2                      Mean           2.195299
                        Largest       Std. dev.      1.900595
75%            3             17
90%            4             17       Variance       3.612263
95%            6             17       Skewness       2.023064
99%            9             18       Kurtosis       9.895341
(76,530 observations deleted)

                             ub
-------------------------------------------------------------
      Percentiles      Smallest
 1%            0              0
 5%            0       .2110039
10%     .1055019       .5182536       Obs                  10
25%     .5182536       .5591943       Sum of wgt.          10

50%      .624849                      Mean           .5832937
                        Largest       Std. dev.      .2964428
75%     .7450724       .6449144
90%     .9524004       .7450724       Variance       .0878783
95%     .9770069       .9277939       Skewness      -.6464983
99%     .9770069       .9770069       Kurtosis       2.778534

                             lb
-------------------------------------------------------------
      Percentiles      Smallest
 1%    -1.400335      -1.400335
 5%    -1.400335      -1.320429
10%    -1.360382      -1.192154       Obs                  10
25%    -1.192154      -1.025068       Sum of wgt.          10

50%    -.9847135                      Mean          -.9303112
                        Largest       Std. dev.      .3977492
75%    -.8457981      -.9271414
90%    -.3113796      -.8457981       Variance       .1582044
95%            0      -.6227592       Skewness       1.214503
99%            0              0       Kurtosis       4.117853
(9 missing values generated)
(9 real changes made)
(7 real changes made)
(1 real change made)
file ../output/figures/all_jrnls/es_ppml/es_ppr_cnt_r1_r2_public_old_ppml_medpi_mshrctrl.pdf saved as PDF format
file ../temp/es_ppr_cnt_r1_r2_public_old_ppml_medpi_mshrctrl.dta saved
(46,670 missing values generated)
(46,670 missing values generated)
(46,670 missing values generated)
(46,670 missing values generated)
(46,670 missing values generated)
Iteration 1:   deviance = 3.2722e+04  eps = .         iters = 3    tol = 1.0e-04  min(eta) =  -1.52  P   
Iteration 2:   deviance = 3.1898e+04  eps = 2.58e-02  iters = 2    tol = 1.0e-04  min(eta) =  -1.86      
Iteration 3:   deviance = 3.1893e+04  eps = 1.78e-04  iters = 2    tol = 1.0e-04  min(eta) =  -1.93      
Iteration 4:   deviance = 3.1893e+04  eps = 4.17e-08  iters = 2    tol = 1.0e-04  min(eta) =  -1.93      
Iteration 5:   deviance = 3.1893e+04  eps = 2.78e-14  iters = 1    tol = 1.0e-05  min(eta) =  -1.93   S  
Iteration 6:   deviance = 3.1893e+04  eps = 0.00e+00  iters = 2    tol = 1.0e-09  min(eta) =  -1.93   S O
------------------------------------------------------------------------------------------------------------
(legend: p: exact partial-out   s: exact solver   h: step-halving   o: epsilon below tolerance)
Converged in 6 iterations and 12 HDFE sub-iterations (tol = 1.0e-08)

HDFE PPML regression                              No. of obs      =     29,870
Absorbing 2 HDFE groups                           Residual df     =      2,986
Statistics robust to heteroskedasticity           Wald chi2(5)    =      45.39
Deviance             =  31892.57942               Prob > chi2     =     0.0000
Log pseudolikelihood = -46009.98613               Pseudo R2       =     0.1901

Number of clusters (athr_id)=      2,987
                            (Std. err. adjusted for 2,987 clusters in athr_id)
------------------------------------------------------------------------------
             |               Robust
     ppr_cnt | Coefficient  std. err.      z    P>|z|     [95% conf. interval]
-------------+----------------------------------------------------------------
 Z_young_nih |  -.4411524   .3142032    -1.40   0.160    -1.056979    .1746746
   Z_old_nih |    .620947   .3440118     1.81   0.071    -.0533038    1.295198
 S_young_nih |  -.2162756    .149116    -1.45   0.147    -.5085375    .0759863
   S_old_nih |  -.1178765   .1364153    -0.86   0.388    -.3852456    .1494927
PT_young_nih |   .2007747   .0665544     3.02   0.003     .0703305    .3312189
       _cons |   .7937389   .0225056    35.27   0.000     .7496288    .8378491
------------------------------------------------------------------------------

Absorbed degrees of freedom:
-----------------------------------------------------+
 Absorbed FE | Categories  - Redundant  = Num. Coefs |
-------------+---------------------------------------|
     athr_id |      2987        2987           0    *|
        year |        10           1           9     |
-----------------------------------------------------+
* = FE nested within cluster; treated as redundant for DoF computation
N = 13,950; 1,395 balanced groups of size 10
N = 13,950; 106 unbalanced groups of sizes 10 to 1,200
pooled-DiD int PPML all_jrnls_r1_r2_public ppr_cnt young_nih med_pi: b= -0.4412 (se=  0.3142)   N=    29870 PIs=1395 Insts=106
N = 15,920; 1,592 balanced groups of size 10
N = 15,920; 96 unbalanced groups of sizes 10 to 1,340
pooled-DiD int PPML all_jrnls_r1_r2_public ppr_cnt old_nih med_pi: b=  0.6209 (se=  0.3440)   N=    29870 PIs=1592 Insts=96
Iteration 1:   deviance = 3.2646e+04  eps = .         iters = 3    tol = 1.0e-04  min(eta) =  -1.57  P   
Iteration 2:   deviance = 3.1822e+04  eps = 2.59e-02  iters = 2    tol = 1.0e-04  min(eta) =  -1.90      
Iteration 3:   deviance = 3.1816e+04  eps = 1.79e-04  iters = 2    tol = 1.0e-04  min(eta) =  -1.98      
Iteration 4:   deviance = 3.1816e+04  eps = 4.19e-08  iters = 2    tol = 1.0e-04  min(eta) =  -1.98      
Iteration 5:   deviance = 3.1816e+04  eps = 2.74e-14  iters = 2    tol = 1.0e-05  min(eta) =  -1.98   S  
Iteration 6:   deviance = 3.1816e+04  eps = 2.14e-16  iters = 2    tol = 1.0e-09  min(eta) =  -1.98   S O
------------------------------------------------------------------------------------------------------------
(legend: p: exact partial-out   s: exact solver   h: step-halving   o: epsilon below tolerance)
Converged in 6 iterations and 13 HDFE sub-iterations (tol = 1.0e-08)

HDFE PPML regression                              No. of obs      =     29,870
Absorbing 2 HDFE groups                           Residual df     =      2,986
Statistics robust to heteroskedasticity           Wald chi2(37)   =     105.14
Deviance             =  31816.07389               Prob > chi2     =     0.0000
Log pseudolikelihood = -45971.73336               Pseudo R2       =     0.1908

Number of clusters (athr_id)=      2,987
                                    (Std. err. adjusted for 2,987 clusters in athr_id)
--------------------------------------------------------------------------------------
                     |               Robust
             ppr_cnt | Coefficient  std. err.      z    P>|z|     [95% conf. interval]
---------------------+----------------------------------------------------------------
 int_lead4_young_nih |  -.1998945    .532285    -0.38   0.707    -1.243154    .8433649
 int_lead3_young_nih |  -.9245661   .5049079    -1.83   0.067    -1.914167    .0650351
 int_lead2_young_nih |  -.3704676    .466109    -0.79   0.427    -1.284024    .5430891
  int_lag0_young_nih |  -.7848553   .5237547    -1.50   0.134    -1.811396     .241685
  int_lag1_young_nih |   -.554435   .5188938    -1.07   0.285    -1.571448    .4625783
  int_lag2_young_nih |  -.5094526   .5745801    -0.89   0.375    -1.635609    .6167038
  int_lag3_young_nih |  -1.092952   .5858208    -1.87   0.062     -2.24114    .0552353
  int_lag4_young_nih |   -1.23633   .6284853    -1.97   0.049    -2.468138   -.0045211
  int_lag5_young_nih |  -.8337074   .6257172    -1.33   0.183     -2.06009    .3926758
   int_lead4_old_nih |  -.6562926    .605666    -1.08   0.279    -1.843376    .5307909
   int_lead3_old_nih |  -1.168288   .5966766    -1.96   0.050    -2.337753    .0011763
   int_lead2_old_nih |  -.3982015   .5646124    -0.71   0.481    -1.504821    .7084185
    int_lag0_old_nih |   .0226704   .6306895     0.04   0.971    -1.213458    1.258799
    int_lag1_old_nih |  -.7276681   .6419945    -1.13   0.257    -1.985954    .5306179
    int_lag2_old_nih |   .5268209   .6805123     0.77   0.439    -.8069586      1.8606
    int_lag3_old_nih |   .7222207   .7492604     0.96   0.335    -.7463027    2.190744
    int_lag4_old_nih |  -.4438843   .7971343    -0.56   0.578    -2.006239     1.11847
    int_lag5_old_nih |   .4163282   .8157234     0.51   0.610     -1.18246    2.015117
mshr_lead4_young_nih |  -.0616353   .1678867    -0.37   0.714    -.3906872    .2674166
mshr_lead3_young_nih |   .2274945   .1613809     1.41   0.159    -.0888063    .5437954
mshr_lead2_young_nih |   .1188947   .1511863     0.79   0.432     -.177425    .4152144
 mshr_lag0_young_nih |   .0042967   .2004106     0.02   0.983    -.3885008    .3970941
 mshr_lag1_young_nih |  -.0324244   .2016732    -0.16   0.872    -.4276966    .3628479
 mshr_lag2_young_nih |  -.1630041   .2329758    -0.70   0.484    -.6196282    .2936201
 mshr_lag3_young_nih |   -.189675   .2357468    -0.80   0.421    -.6517302    .2723803
 mshr_lag4_young_nih |   -.281898   .2429622    -1.16   0.246    -.7580951    .1942992
 mshr_lag5_young_nih |  -.2603734   .2338856    -1.11   0.266    -.7187807    .1980339
  mshr_lead4_old_nih |   .5517173   .1662313     3.32   0.001     .2259098    .8775247
  mshr_lead3_old_nih |   .6127669   .1638552     3.74   0.000     .2916166    .9339172
  mshr_lead2_old_nih |   .4437678   .1467595     3.02   0.002     .1561245    .7314112
   mshr_lag0_old_nih |   .5407325   .1899665     2.85   0.004     .1684051      .91306
   mshr_lag1_old_nih |   .6207464   .1950046     3.18   0.001     .2385445    1.002948
   mshr_lag2_old_nih |   .2145295   .2072005     1.04   0.300    -.1915759     .620635
   mshr_lag3_old_nih |   .1671256   .2270853     0.74   0.462    -.2779533    .6122046
   mshr_lag4_old_nih |    .100166   .2419136     0.41   0.679    -.3739758    .5743079
   mshr_lag5_old_nih |  -.1162219   .2611468    -0.45   0.656    -.6280602    .3956165
        PT_young_nih |   .2005536   .0665743     3.01   0.003     .0700703    .3310368
               _cons |   .7317966   .0373292    19.60   0.000     .6586328    .8049604
--------------------------------------------------------------------------------------

Absorbed degrees of freedom:
-----------------------------------------------------+
 Absorbed FE | Categories  - Redundant  = Num. Coefs |
-------------+---------------------------------------|
     athr_id |      2987        2987           0    *|
        year |        10           1           9     |
-----------------------------------------------------+
* = FE nested within cluster; treated as redundant for DoF computation
N = 13,950; 1,395 balanced groups of size 10
N = 13,950; 106 unbalanced groups of sizes 10 to 1,200

                        (sum) ppr_cnt
-------------------------------------------------------------
      Percentiles      Smallest
 1%            0              0
 5%            0              0
10%            0              0       Obs               5,580
25%            1              0       Sum of wgt.       5,580

50%            2                      Mean           2.205018
                        Largest       Std. dev.      1.835865
75%            3             14
90%            4             15       Variance         3.3704
95%            6             15       Skewness       1.743833
99%            9             15       Kurtosis       7.793464
(76,530 observations deleted)

                             ub
-------------------------------------------------------------
      Percentiles      Smallest
 1%    -.0044984      -.0044984
 5%    -.0044984              0
10%    -.0022492       .0552564       Obs                  10
25%     .0552564       .0650533       Sum of wgt.          10

50%     .3172011                      Mean           .3216025
                        Largest       Std. dev.      .2955714
75%     .5431059        .462597
90%     .7300543       .5431059       Variance       .0873625
95%      .843384       .6167245       Skewness       .3517989
99%      .843384        .843384       Kurtosis       1.875555

                             lb
-------------------------------------------------------------
      Percentiles      Smallest
 1%    -2.468161      -2.468161
 5%    -2.468161      -2.241161
10%    -2.354661      -2.060113       Obs                  10
25%    -2.060113      -1.914186       Sum of wgt.          10

50%    -1.723522                      Mean          -1.622935
                        Largest       Std. dev.      .6915267
75%    -1.284041      -1.571467
90%    -.6215865      -1.284041       Variance       .4782092
95%            0      -1.243173       Skewness       1.208923
99%            0              0       Kurtosis       4.142304
(9 missing values generated)
(9 real changes made)
(7 real changes made)
(1 real change made)
file ../output/figures/all_jrnls/es_ppml/es_ppr_cnt_r1_r2_public_young_nih_ppml_medpi_mshrctrl.pdf saved as PDF format
file ../temp/es_ppr_cnt_r1_r2_public_young_nih_ppml_medpi_mshrctrl.dta saved
N = 15,920; 1,592 balanced groups of size 10
N = 15,920; 96 unbalanced groups of sizes 10 to 1,340

                        (sum) ppr_cnt
-------------------------------------------------------------
      Percentiles      Smallest
 1%            0              0
 5%            0              0
10%            0              0       Obs               6,368
25%            1              0       Sum of wgt.       6,368

50%            2                      Mean           2.315484
                        Largest       Std. dev.      1.957503
75%            3             16
90%            5             16       Variance       3.831819
95%            6             17       Skewness       1.858537
99%            9             18       Kurtosis       8.743366
(76,530 observations deleted)

                             ub
-------------------------------------------------------------
      Percentiles      Smallest
 1%            0              0
 5%            0       .0011978
10%     .0005989       .5306411       Obs                  10
25%     .5306411       .5308127       Sum of wgt.          10

50%     .9134688                      Mean           1.021495
                        Largest       Std. dev.       .801983
75%     1.860625       1.258822
90%     2.102959       1.860625       Variance       .6431768
95%     2.190771       2.015146       Skewness       .1793207
99%     2.190771       2.190771       Kurtosis       1.683574

                             lb
-------------------------------------------------------------
      Percentiles      Smallest
 1%    -2.337774      -2.337774
 5%    -2.337774      -2.006268
10%    -2.172021      -1.985977       Obs                  10
25%    -1.985977      -1.843398       Sum of wgt.          10

50%    -1.359161                      Mean          -1.362754
                        Largest       Std. dev.      .7153185
75%    -.8069831       -1.18249
90%    -.3731649      -.8069831       Variance       .5116806
95%            0      -.7463297       Skewness       .4468603
99%            0              0       Kurtosis       2.343568
(9 missing values generated)
(9 real changes made)
(7 real changes made)
(1 real change made)
file ../output/figures/all_jrnls/es_ppml/es_ppr_cnt_r1_r2_public_old_nih_ppml_medpi_mshrctrl.pdf saved as PDF format
file ../temp/es_ppr_cnt_r1_r2_public_old_nih_ppml_medpi_mshrctrl.dta saved
Iteration 1:   deviance = 8.5235e+04  eps = .         iters = 4    tol = 1.0e-04  min(eta) =  -1.56  P   
Iteration 2:   deviance = 8.2885e+04  eps = 2.84e-02  iters = 2    tol = 1.0e-04  min(eta) =  -1.90      
Iteration 3:   deviance = 8.2865e+04  eps = 2.41e-04  iters = 2    tol = 1.0e-04  min(eta) =  -1.96      
Iteration 4:   deviance = 8.2865e+04  eps = 1.16e-07  iters = 2    tol = 1.0e-04  min(eta) =  -1.96      
Iteration 5:   deviance = 8.2865e+04  eps = 3.70e-13  iters = 2    tol = 1.0e-05  min(eta) =  -1.96   S  
Iteration 6:   deviance = 8.2865e+04  eps = 1.59e-16  iters = 2    tol = 1.0e-08  min(eta) =  -1.96   S O
------------------------------------------------------------------------------------------------------------
(legend: p: exact partial-out   s: exact solver   h: step-halving   o: epsilon below tolerance)
Converged in 6 iterations and 14 HDFE sub-iterations (tol = 1.0e-08)

HDFE PPML regression                              No. of obs      =     76,540
Absorbing 2 HDFE groups                           Residual df     =      7,653
Statistics robust to heteroskedasticity           Wald chi2(5)    =      16.98
Deviance             =  82864.97637               Prob > chi2     =     0.0045
Log pseudolikelihood = -114118.7566               Pseudo R2       =     0.1937

Number of clusters (athr_id)=      7,654
                            (Std. err. adjusted for 7,654 clusters in athr_id)
------------------------------------------------------------------------------
             |               Robust
     ppr_cnt | Coefficient  std. err.      z    P>|z|     [95% conf. interval]
-------------+----------------------------------------------------------------
        Z_r1 |  -.3584165   .1735185    -2.07   0.039    -.6985066   -.0183264
        Z_r2 |  -.4942035   .6319195    -0.78   0.434    -1.732743    .7443359
        S_r1 |  -.0265518   .0717743    -0.37   0.711    -.1672269    .1141233
        S_r2 |   .1116233   .2856259     0.39   0.696    -.4481932    .6714399
       PT_r1 |   .1572261   .1037717     1.52   0.130    -.0461628    .3606149
       _cons |   .6810863   .0508259    13.40   0.000     .5814693    .7807032
------------------------------------------------------------------------------

Absorbed degrees of freedom:
-----------------------------------------------------+
 Absorbed FE | Categories  - Redundant  = Num. Coefs |
-------------+---------------------------------------|
     athr_id |      7654        7654           0    *|
        year |        10           1           9     |
-----------------------------------------------------+
* = FE nested within cluster; treated as redundant for DoF computation
N = 71,960; 7,196 balanced groups of size 10
N = 71,960; 81 unbalanced groups of sizes 10 to 3,960
pooled-DiD int PPML all_jrnls_r1_r2_public ppr_cnt r1 med_pi: b= -0.3584 (se=  0.1735)   N=    76540 PIs=7196 Insts=81
N = 4,580; 458 balanced groups of size 10
N = 4,580; 55 unbalanced groups of sizes 10 to 610
pooled-DiD int PPML all_jrnls_r1_r2_public ppr_cnt r2 med_pi: b= -0.4942 (se=  0.6319)   N=    76540 PIs=458 Insts=55
Iteration 1:   deviance = 8.5194e+04  eps = .         iters = 4    tol = 1.0e-04  min(eta) =  -1.58  P   
Iteration 2:   deviance = 8.2841e+04  eps = 2.84e-02  iters = 2    tol = 1.0e-04  min(eta) =  -1.94      
Iteration 3:   deviance = 8.2821e+04  eps = 2.42e-04  iters = 2    tol = 1.0e-04  min(eta) =  -2.01      
Iteration 4:   deviance = 8.2821e+04  eps = 1.16e-07  iters = 2    tol = 1.0e-04  min(eta) =  -2.01      
Iteration 5:   deviance = 8.2821e+04  eps = 3.63e-13  iters = 2    tol = 1.0e-05  min(eta) =  -2.01   S  
Iteration 6:   deviance = 8.2821e+04  eps = 1.60e-16  iters = 2    tol = 1.0e-08  min(eta) =  -2.01   S O
------------------------------------------------------------------------------------------------------------
(legend: p: exact partial-out   s: exact solver   h: step-halving   o: epsilon below tolerance)
Converged in 6 iterations and 14 HDFE sub-iterations (tol = 1.0e-08)

HDFE PPML regression                              No. of obs      =     76,540
Absorbing 2 HDFE groups                           Residual df     =      7,653
Statistics robust to heteroskedasticity           Wald chi2(37)   =      56.19
Deviance             =   82820.8416               Prob > chi2     =     0.0224
Log pseudolikelihood = -114096.6892               Pseudo R2       =     0.1938

Number of clusters (athr_id)=      7,654
                             (Std. err. adjusted for 7,654 clusters in athr_id)
-------------------------------------------------------------------------------
              |               Robust
      ppr_cnt | Coefficient  std. err.      z    P>|z|     [95% conf. interval]
--------------+----------------------------------------------------------------
 int_lead4_r1 |  -.2243252   .2653416    -0.85   0.398    -.7443851    .2957348
 int_lead3_r1 |  -.4448857   .2524447    -1.76   0.078    -.9396682    .0498968
 int_lead2_r1 |   .0262476   .2419603     0.11   0.914     -.447986    .5004811
  int_lag0_r1 |  -.3968703   .2705537    -1.47   0.142    -.9271458    .1334053
  int_lag1_r1 |  -.4933068   .2811362    -1.75   0.079    -1.044324    .0577099
  int_lag2_r1 |  -.1398807   .3114736    -0.45   0.653    -.7503578    .4705963
  int_lag3_r1 |  -.6606678    .330095    -2.00   0.045    -1.307642   -.0136934
  int_lag4_r1 |  -.5733392   .3433895    -1.67   0.095     -1.24637    .0996918
  int_lag5_r1 |  -.9730981   .3463983    -2.81   0.005    -1.652026   -.2941699
 int_lead4_r2 |   1.175782   1.094365     1.07   0.283    -.9691343    3.320699
 int_lead3_r2 |   -.415181   1.042479    -0.40   0.690    -2.458401    1.628039
 int_lead2_r2 |   .3788478   .9345998     0.41   0.685    -1.452934     2.21063
  int_lag0_r2 |  -.2119384   .9609649    -0.22   0.825    -2.095395    1.671518
  int_lag1_r2 |    .742262    1.15251     0.64   0.520    -1.516616     3.00114
  int_lag2_r2 |  -1.179354   1.243106    -0.95   0.343    -3.615798     1.25709
  int_lag3_r2 |  -.4637487   1.310707    -0.35   0.723    -3.032688     2.10519
  int_lag4_r2 |  -.8194258   1.453462    -0.56   0.573    -3.668159    2.029307
  int_lag5_r2 |   .5230814   1.342126     0.39   0.697    -2.107437      3.1536
mshr_lead4_r1 |   .1194965   .0992337     1.20   0.229     -.074998     .313991
mshr_lead3_r1 |   .1018102   .0938534     1.08   0.278    -.0821391    .2857595
mshr_lead2_r1 |   .1081778   .0917514     1.18   0.238    -.0716516    .2880071
 mshr_lag0_r1 |    .141258   .1039688     1.36   0.174     -.062517     .345033
 mshr_lag1_r1 |   .1900633   .1077765     1.76   0.078    -.0211748    .4013014
 mshr_lag2_r1 |  -.0737053   .1176856    -0.63   0.531    -.3043649    .1569543
 mshr_lag3_r1 |   -.060853   .1278774    -0.48   0.634     -.311488     .189782
 mshr_lag4_r1 |   .0238058   .1370435     0.17   0.862    -.2447945    .2924061
 mshr_lag5_r1 |   .0688808   .1401387     0.49   0.623    -.2057861    .3435476
mshr_lead4_r2 |  -.1515882   .1895122    -0.80   0.424    -.5230253    .2198489
mshr_lead3_r2 |   .0010693   .1760083     0.01   0.995    -.3439007    .3460392
mshr_lead2_r2 |   .2035851   .1818571     1.12   0.263    -.1528483    .5600185
 mshr_lag0_r2 |    .329281   .3252284     1.01   0.311     -.308155     .966717
 mshr_lag1_r2 |   .2047263   .3297024     0.62   0.535    -.4414785    .8509312
 mshr_lag2_r2 |    .323472   .3497885     0.92   0.355    -.3621008    1.009045
 mshr_lag3_r2 |   .0337497   .3379208     0.10   0.920    -.6285629    .6960622
 mshr_lag4_r2 |  -.2551106   .3590296    -0.71   0.477    -.9587956    .4485744
 mshr_lag5_r2 |  -.0622852   .3644923    -0.17   0.864    -.7766771    .6521066
        PT_r1 |   .1556056   .1035636     1.50   0.133    -.0473754    .3585865
        _cons |   .6612742    .054013    12.24   0.000     .5554108    .7671377
-------------------------------------------------------------------------------

Absorbed degrees of freedom:
-----------------------------------------------------+
 Absorbed FE | Categories  - Redundant  = Num. Coefs |
-------------+---------------------------------------|
     athr_id |      7654        7654           0    *|
        year |        10           1           9     |
-----------------------------------------------------+
* = FE nested within cluster; treated as redundant for DoF computation
N = 71,960; 7,196 balanced groups of size 10
N = 71,960; 81 unbalanced groups of sizes 10 to 3,960

                        (sum) ppr_cnt
-------------------------------------------------------------
      Percentiles      Smallest
 1%            0              0
 5%            0              0
10%            0              0       Obs              28,784
25%            1              0       Sum of wgt.      28,784

50%            2                      Mean            2.13438
                        Largest       Std. dev.      1.832834
75%            3             17
90%            4             17       Variance       3.359282
95%            6             17       Skewness       1.979958
99%            9             21       Kurtosis       9.819619
(76,530 observations deleted)

                             ub
-------------------------------------------------------------
      Percentiles      Smallest
 1%    -.2941574      -.2941574
 5%    -.2941574      -.0136815
10%    -.1539195              0       Obs                  10
25%            0       .0499059       Sum of wgt.          10

50%     .0787121                      Mean           .1299748
                        Largest       Std. dev.      .2382273
75%     .2957444       .1334151
90%     .4855487       .2957444       Variance       .0567522
95%     .5004898       .4706075       Skewness       .1088832
99%     .5004898       .5004898       Kurtosis       2.537682

                             lb
-------------------------------------------------------------
      Percentiles      Smallest
 1%    -1.652039      -1.652039
 5%    -1.652039      -1.307654
10%    -1.479846      -1.246383       Obs                  10
25%    -1.246383      -1.044334       Sum of wgt.          10

50%    -.9334164                      Mean          -.9060001
                        Largest       Std. dev.      .4637313
75%    -.7443947       -.750369
90%    -.2239974      -.7443947       Variance       .2150467
95%            0      -.4479947       Skewness       .3823895
99%            0              0       Kurtosis        2.85285
(9 missing values generated)
(9 real changes made)
(7 real changes made)
(1 real change made)
file ../output/figures/all_jrnls/es_ppml/es_ppr_cnt_r1_r2_public_r1_ppml_medpi_mshrctrl.pdf saved as PDF format
file ../temp/es_ppr_cnt_r1_r2_public_r1_ppml_medpi_mshrctrl.dta saved
N = 4,580; 458 balanced groups of size 10
N = 4,580; 55 unbalanced groups of sizes 10 to 610

                        (sum) ppr_cnt
-------------------------------------------------------------
      Percentiles      Smallest
 1%            0              0
 5%            0              0
10%            0              0       Obs               1,832
25%            1              0       Sum of wgt.       1,832

50%            2                      Mean           1.901201
                        Largest       Std. dev.       1.75151
75%            2             12
90%            4             14       Variance       3.067787
95%            5             15       Skewness       2.544764
99%            9             18       Kurtosis       14.67536
(76,530 observations deleted)

                             ub
-------------------------------------------------------------
      Percentiles      Smallest
 1%            0              0
 5%            0       1.257135
10%     .6285674       1.628077       Obs                  10
25%     1.628077       1.671553       Sum of wgt.          10

50%     2.067299                      Mean           2.037759
                        Largest       Std. dev.      .9954189
75%     3.001181       2.210663
90%     3.237193       3.001181       Variance       .9908589
95%     3.320738       3.153648       Skewness      -.5526712
99%     3.320738       3.320738       Kurtosis       2.864834

                             lb
-------------------------------------------------------------
      Percentiles      Smallest
 1%    -3.668211      -3.668211
 5%    -3.668211      -3.615843
10%    -3.642027      -3.032735       Obs                  10
25%    -3.032735      -2.458439       Sum of wgt.          10

50%    -2.101457                      Mean          -2.091694
                        Largest       Std. dev.      1.164409
75%    -1.452968      -1.516657
90%    -.4845869      -1.452968       Variance       1.355848
95%            0      -.9691738       Skewness       .1984547
99%            0              0       Kurtosis       2.241827
(9 missing values generated)
(9 real changes made)
(7 real changes made)
(1 real change made)
file ../output/figures/all_jrnls/es_ppml/es_ppr_cnt_r1_r2_public_r2_ppml_medpi_mshrctrl.pdf saved as PDF format
file ../temp/es_ppr_cnt_r1_r2_public_r2_ppml_medpi_mshrctrl.dta saved
Iteration 1:   deviance = 8.5235e+04  eps = .         iters = 3    tol = 1.0e-04  min(eta) =  -1.48  P   
Iteration 2:   deviance = 8.2793e+04  eps = 2.95e-02  iters = 3    tol = 1.0e-04  min(eta) =  -1.81      
Iteration 3:   deviance = 8.2771e+04  eps = 2.63e-04  iters = 2    tol = 1.0e-04  min(eta) =  -1.88      
Iteration 4:   deviance = 8.2771e+04  eps = 1.10e-07  iters = 2    tol = 1.0e-04  min(eta) =  -1.88      
Iteration 5:   deviance = 8.2771e+04  eps = 1.71e-13  iters = 2    tol = 1.0e-05  min(eta) =  -1.88   S  
Iteration 6:   deviance = 8.2771e+04  eps = 1.60e-16  iters = 2    tol = 1.0e-08  min(eta) =  -1.88   S O
------------------------------------------------------------------------------------------------------------
(legend: p: exact partial-out   s: exact solver   h: step-halving   o: epsilon below tolerance)
Converged in 6 iterations and 14 HDFE sub-iterations (tol = 1.0e-08)

HDFE PPML regression                              No. of obs      =     76,540
Absorbing 2 HDFE groups                           Residual df     =      7,653
Statistics robust to heteroskedasticity           Wald chi2(5)    =      71.16
Deviance             =  82771.30497               Prob > chi2     =     0.0000
Log pseudolikelihood = -114071.9209               Pseudo R2       =     0.1940

Number of clusters (athr_id)=      7,654
                               (Std. err. adjusted for 7,654 clusters in athr_id)
---------------------------------------------------------------------------------
                |               Robust
        ppr_cnt | Coefficient  std. err.      z    P>|z|     [95% conf. interval]
----------------+----------------------------------------------------------------
 Z_high_pre_ppr |  -.3414078   .1997002    -1.71   0.087     -.732813    .0499973
  Z_low_pre_ppr |  -.3305983   .3004682    -1.10   0.271    -.9195051    .2583084
 S_high_pre_ppr |   .0497103   .0850172     0.58   0.559    -.1169204    .2163409
  S_low_pre_ppr |  -.1309916   .1170333    -1.12   0.263    -.3603726    .0983894
PT_high_pre_ppr |  -.1858511   .0474066    -3.92   0.000    -.2787664   -.0929358
          _cons |   .8197995   .0188025    43.60   0.000     .7829472    .8566517
---------------------------------------------------------------------------------

Absorbed degrees of freedom:
-----------------------------------------------------+
 Absorbed FE | Categories  - Redundant  = Num. Coefs |
-------------+---------------------------------------|
     athr_id |      7654        7654           0    *|
        year |        10           1           9     |
-----------------------------------------------------+
* = FE nested within cluster; treated as redundant for DoF computation
N = 40,990; 4,099 balanced groups of size 10
N = 40,990; 129 unbalanced groups of sizes 10 to 2,220
pooled-DiD int PPML all_jrnls_r1_r2_public ppr_cnt high_pre_ppr med_pi: b= -0.3414 (se=  0.1997)   N=    76540 PIs=4099 Insts=129
N = 35,550; 3,555 balanced groups of size 10
N = 35,550; 131 unbalanced groups of sizes 10 to 1,740
pooled-DiD int PPML all_jrnls_r1_r2_public ppr_cnt low_pre_ppr med_pi: b= -0.3306 (se=  0.3005)   N=    76540 PIs=3555 Insts=131
Iteration 1:   deviance = 8.5208e+04  eps = .         iters = 3    tol = 1.0e-04  min(eta) =  -1.47  P   
Iteration 2:   deviance = 8.2761e+04  eps = 2.96e-02  iters = 3    tol = 1.0e-04  min(eta) =  -1.83      
Iteration 3:   deviance = 8.2739e+04  eps = 2.66e-04  iters = 2    tol = 1.0e-04  min(eta) =  -1.90      
Iteration 4:   deviance = 8.2739e+04  eps = 1.11e-07  iters = 2    tol = 1.0e-04  min(eta) =  -1.90      
Iteration 5:   deviance = 8.2739e+04  eps = 1.60e-13  iters = 2    tol = 1.0e-05  min(eta) =  -1.90   S  
Iteration 6:   deviance = 8.2739e+04  eps = 0.00e+00  iters = 2    tol = 1.0e-08  min(eta) =  -1.90   S O
------------------------------------------------------------------------------------------------------------
(legend: p: exact partial-out   s: exact solver   h: step-halving   o: epsilon below tolerance)
Converged in 6 iterations and 14 HDFE sub-iterations (tol = 1.0e-08)

HDFE PPML regression                              No. of obs      =     76,540
Absorbing 2 HDFE groups                           Residual df     =      7,653
Statistics robust to heteroskedasticity           Wald chi2(37)   =      97.30
Deviance             =  82738.92469               Prob > chi2     =     0.0000
Log pseudolikelihood = -114055.7307               Pseudo R2       =     0.1941

Number of clusters (athr_id)=      7,654
                                       (Std. err. adjusted for 7,654 clusters in athr_id)
-----------------------------------------------------------------------------------------
                        |               Robust
                ppr_cnt | Coefficient  std. err.      z    P>|z|     [95% conf. interval]
------------------------+----------------------------------------------------------------
 int_lead4_high_pre_ppr |  -.0171208   .3046001    -0.06   0.955    -.6141261    .5798844
 int_lead3_high_pre_ppr |  -.4351867   .2890589    -1.51   0.132    -1.001732    .1313583
 int_lead2_high_pre_ppr |   .0636731   .2710491     0.23   0.814    -.4675734    .5949195
  int_lag0_high_pre_ppr |  -.2573484   .3049379    -0.84   0.399    -.8550157    .3403189
  int_lag1_high_pre_ppr |  -.3772733   .3235228    -1.17   0.244    -1.011366    .2568198
  int_lag2_high_pre_ppr |   -.080069   .3538728    -0.23   0.821    -.7736469    .6135089
  int_lag3_high_pre_ppr |  -.7570649     .37621    -2.01   0.044    -1.494423   -.0197069
  int_lag4_high_pre_ppr |  -.5383203   .3882891    -1.39   0.166    -1.299353    .2227122
  int_lag5_high_pre_ppr |  -.7685707   .3952725    -1.94   0.052    -1.543291    .0061491
  int_lead4_low_pre_ppr |  -.5948658   .4562374    -1.30   0.192    -1.489075    .2993431
  int_lead3_low_pre_ppr |  -.4739249   .4280748    -1.11   0.268    -1.312936    .3650864
  int_lead2_low_pre_ppr |   .0058837   .4482705     0.01   0.990    -.8727103    .8844777
   int_lag0_low_pre_ppr |  -.6871824   .4962851    -1.38   0.166    -1.659883    .2855186
   int_lag1_low_pre_ppr |  -.4652539   .4951332    -0.94   0.347    -1.435697    .5051893
   int_lag2_low_pre_ppr |   -.462527   .5751843    -0.80   0.421    -1.589868    .6648135
   int_lag3_low_pre_ppr |   -.218917    .599108    -0.37   0.715    -1.393147    .9553132
   int_lag4_low_pre_ppr |  -.6358492   .6468154    -0.98   0.326    -1.903584    .6318856
   int_lag5_low_pre_ppr |  -1.166264   .6228781    -1.87   0.061    -2.387082    .0545551
mshr_lead4_high_pre_ppr |   .1112461   .1010055     1.10   0.271     -.086721    .3092132
mshr_lead3_high_pre_ppr |   .1068321   .0950448     1.12   0.261    -.0794523    .2931165
mshr_lead2_high_pre_ppr |   .1153888   .0924651     1.25   0.212    -.0658395    .2966172
 mshr_lag0_high_pre_ppr |   .2364269   .1107281     2.14   0.033     .0194038    .4534499
 mshr_lag1_high_pre_ppr |     .27485   .1163421     2.36   0.018     .0468238    .5028763
 mshr_lag2_high_pre_ppr |   .0124895    .126895     0.10   0.922    -.2362201    .2611992
 mshr_lag3_high_pre_ppr |   .0170385   .1375342     0.12   0.901    -.2525235    .2866005
 mshr_lag4_high_pre_ppr |   .0835859   .1462371     0.57   0.568    -.2030335    .3702053
 mshr_lag5_high_pre_ppr |   .1148421   .1496851     0.77   0.443    -.1785354    .4082196
 mshr_lead4_low_pre_ppr |   .0791194   .1176664     0.67   0.501    -.1515025    .3097414
 mshr_lead3_low_pre_ppr |   .0414747     .11052     0.38   0.707    -.1751406    .2580899
 mshr_lead2_low_pre_ppr |    .121296   .1133602     1.07   0.285    -.1008859    .3434778
  mshr_lag0_low_pre_ppr |  -.0256302   .1583165    -0.16   0.871    -.3359248    .2846644
  mshr_lag1_low_pre_ppr |   .0291686   .1552768     0.19   0.851    -.2751684    .3335056
  mshr_lag2_low_pre_ppr |  -.1425752   .1658757    -0.86   0.390    -.4676857    .1825353
  mshr_lag3_low_pre_ppr |  -.1807736   .1747753    -1.03   0.301     -.523327    .1617797
  mshr_lag4_low_pre_ppr |  -.1432312   .1843225    -0.78   0.437    -.5044966    .2180342
  mshr_lag5_low_pre_ppr |   .0216888   .1860612     0.12   0.907    -.3429846    .3863621
        PT_high_pre_ppr |  -.1854222   .0474386    -3.91   0.000    -.2784002   -.0924443
                  _cons |   .7997213   .0263379    30.36   0.000        .7481    .8513426
-----------------------------------------------------------------------------------------

Absorbed degrees of freedom:
-----------------------------------------------------+
 Absorbed FE | Categories  - Redundant  = Num. Coefs |
-------------+---------------------------------------|
     athr_id |      7654        7654           0    *|
        year |        10           1           9     |
-----------------------------------------------------+
* = FE nested within cluster; treated as redundant for DoF computation
N = 40,990; 4,099 balanced groups of size 10
N = 40,990; 129 unbalanced groups of sizes 10 to 2,220

                        (sum) ppr_cnt
-------------------------------------------------------------
      Percentiles      Smallest
 1%            0              0
 5%            0              0
10%            1              0       Obs              16,396
25%            1              0       Sum of wgt.      16,396

50%            2                      Mean           2.887656
                        Largest       Std. dev.      2.088424
75%            4             17
90%            5             17       Variance       4.361516
95%            7             18       Skewness       1.588251
99%           10             21       Kurtosis       7.665841
(76,530 observations deleted)

                             ub
-------------------------------------------------------------
      Percentiles      Smallest
 1%    -.0196933      -.0196933
 5%    -.0196933              0
10%    -.0098467       .0061634       Obs                  10
25%     .0061634       .1313687       Sum of wgt.          10

50%     .2397788                      Mean           .2726073
                        Largest       Std. dev.      .2522253
75%     .5798954       .3403299
90%     .6042255       .5798954       Variance       .0636176
95%     .6135217       .5949293       Skewness       .2579602
99%     .6135217       .6135217       Kurtosis       1.571126

                             lb
-------------------------------------------------------------
      Percentiles      Smallest
 1%    -1.543305      -1.543305
 5%    -1.543305      -1.494437
10%    -1.518871      -1.299367       Obs                  10
25%    -1.299367      -1.011378       Sum of wgt.          10

50%    -.9283844                      Mean          -.9060635
                        Largest       Std. dev.      .4767675
75%    -.6141371      -.7736596
90%    -.2337916      -.6141371       Variance       .2273072
95%            0      -.4675831       Skewness       .3567852
99%            0              0       Kurtosis       2.454817
(9 missing values generated)
(9 real changes made)
(7 real changes made)
(1 real change made)
file ../output/figures/all_jrnls/es_ppml/es_ppr_cnt_r1_r2_public_high_pre_ppr_ppml_medpi_mshrctrl.pdf saved as PDF format
file ../temp/es_ppr_cnt_r1_r2_public_high_pre_ppr_ppml_medpi_mshrctrl.dta saved
N = 35,550; 3,555 balanced groups of size 10
N = 35,550; 131 unbalanced groups of sizes 10 to 1,740

                        (sum) ppr_cnt
-------------------------------------------------------------
      Percentiles      Smallest
 1%            0              0
 5%            0              0
10%            0              0       Obs              14,220
25%            1              0       Sum of wgt.      14,220

50%            1                      Mean           1.235795
                        Largest       Std. dev.       .843403
75%            2              4
90%            2              4       Variance       .7113285
95%            3              4       Skewness        .440532
99%            3              4       Kurtosis       3.035058
(76,530 observations deleted)

                             ub
-------------------------------------------------------------
      Percentiles      Smallest
 1%            0              0
 5%            0       .0545776
10%     .0272888       .2855365       Obs                  10
25%     .2855365       .2993595       Sum of wgt.          10

50%     .4351544                      Mean           .4646354
                        Largest       Std. dev.      .3231969
75%     .6648341       .6319089
90%     .9199143       .6648341       Variance       .1044562
95%     .9553347       .8844939       Skewness       .0847657
99%     .9553347       .9553347       Kurtosis       1.903129

                             lb
-------------------------------------------------------------
      Percentiles      Smallest
 1%    -2.387105      -2.387105
 5%    -2.387105      -1.903607
10%    -2.145356      -1.659901       Obs                  10
25%    -1.659901      -1.589888       Sum of wgt.          10

50%    -1.462403                      Mean          -1.404415
                        Largest       Std. dev.      .6312476
75%    -1.312952      -1.393169
90%    -.4363632      -1.312952       Variance       .3984735
95%            0      -.8727264       Skewness       .8493318
99%            0              0       Kurtosis       3.864631
(9 missing values generated)
(9 real changes made)
(7 real changes made)
(1 real change made)
file ../output/figures/all_jrnls/es_ppml/es_ppr_cnt_r1_r2_public_low_pre_ppr_ppml_medpi_mshrctrl.pdf saved as PDF format
file ../temp/es_ppr_cnt_r1_r2_public_low_pre_ppr_ppml_medpi_mshrctrl.dta saved
Iteration 1:   deviance = 8.5245e+04  eps = .         iters = 3    tol = 1.0e-04  min(eta) =  -1.54  P   
Iteration 2:   deviance = 8.2894e+04  eps = 2.84e-02  iters = 2    tol = 1.0e-04  min(eta) =  -1.86      
Iteration 3:   deviance = 8.2873e+04  eps = 2.42e-04  iters = 2    tol = 1.0e-04  min(eta) =  -1.92      
Iteration 4:   deviance = 8.2873e+04  eps = 1.22e-07  iters = 2    tol = 1.0e-04  min(eta) =  -1.92      
Iteration 5:   deviance = 8.2873e+04  eps = 4.55e-13  iters = 2    tol = 1.0e-05  min(eta) =  -1.92   S O
------------------------------------------------------------------------------------------------------------
(legend: p: exact partial-out   s: exact solver   h: step-halving   o: epsilon below tolerance)
Converged in 5 iterations and 11 HDFE sub-iterations (tol = 1.0e-08)

HDFE PPML regression                              No. of obs      =     76,540
Absorbing 2 HDFE groups                           Residual df     =      7,653
Statistics robust to heteroskedasticity           Wald chi2(5)    =      11.36
Deviance             =  82873.47123               Prob > chi2     =     0.0447
Log pseudolikelihood =  -114123.004               Pseudo R2       =     0.1936

Number of clusters (athr_id)=      7,654
                            (Std. err. adjusted for 7,654 clusters in athr_id)
------------------------------------------------------------------------------
             |               Robust
     ppr_cnt | Coefficient  std. err.      z    P>|z|     [95% conf. interval]
-------------+----------------------------------------------------------------
  Z_big_team |  -.4714191   .2496305    -1.89   0.059     -.960686    .0178477
Z_small_team |  -.2812401   .2259531    -1.24   0.213    -.7241002    .1616199
  S_big_team |   .0275475   .1085109     0.25   0.800    -.1851298    .2402249
S_small_team |  -.0494619   .0903135    -0.55   0.584     -.226473    .1275493
 PT_big_team |   .0200261   .0468996     0.43   0.669    -.0718955    .1119476
       _cons |   .7501049   .0156529    47.92   0.000     .7194259     .780784
------------------------------------------------------------------------------

Absorbed degrees of freedom:
-----------------------------------------------------+
 Absorbed FE | Categories  - Redundant  = Num. Coefs |
-------------+---------------------------------------|
     athr_id |      7654        7654           0    *|
        year |        10           1           9     |
-----------------------------------------------------+
* = FE nested within cluster; treated as redundant for DoF computation
N = 38,270; 3,827 balanced groups of size 10
N = 38,270; 126 unbalanced groups of sizes 10 to 2,140
pooled-DiD int PPML all_jrnls_r1_r2_public ppr_cnt big_team med_pi: b= -0.4714 (se=  0.2496)   N=    76540 PIs=3827 Insts=126
N = 38,270; 3,827 balanced groups of size 10
N = 38,270; 134 unbalanced groups of sizes 10 to 1,820
pooled-DiD int PPML all_jrnls_r1_r2_public ppr_cnt small_team med_pi: b= -0.2812 (se=  0.2260)   N=    76540 PIs=3827 Insts=134
Iteration 1:   deviance = 8.5211e+04  eps = .         iters = 3    tol = 1.0e-04  min(eta) =  -1.58  P   
Iteration 2:   deviance = 8.2857e+04  eps = 2.84e-02  iters = 2    tol = 1.0e-04  min(eta) =  -1.90      
Iteration 3:   deviance = 8.2837e+04  eps = 2.43e-04  iters = 2    tol = 1.0e-04  min(eta) =  -1.97      
Iteration 4:   deviance = 8.2837e+04  eps = 1.24e-07  iters = 2    tol = 1.0e-04  min(eta) =  -1.97      
Iteration 5:   deviance = 8.2837e+04  eps = 4.73e-13  iters = 2    tol = 1.0e-05  min(eta) =  -1.97   S O
------------------------------------------------------------------------------------------------------------
(legend: p: exact partial-out   s: exact solver   h: step-halving   o: epsilon below tolerance)
Converged in 5 iterations and 11 HDFE sub-iterations (tol = 1.0e-08)

HDFE PPML regression                              No. of obs      =     76,540
Absorbing 2 HDFE groups                           Residual df     =      7,653
Statistics robust to heteroskedasticity           Wald chi2(37)   =      43.34
Deviance             =  82837.05141               Prob > chi2     =     0.2191
Log pseudolikelihood = -114104.7941               Pseudo R2       =     0.1938

Number of clusters (athr_id)=      7,654
                                     (Std. err. adjusted for 7,654 clusters in athr_id)
---------------------------------------------------------------------------------------
                      |               Robust
              ppr_cnt | Coefficient  std. err.      z    P>|z|     [95% conf. interval]
----------------------+----------------------------------------------------------------
   int_lead4_big_team |  -.4833005   .3780059    -1.28   0.201    -1.224179    .2575775
   int_lead3_big_team |  -.2638705   .3583669    -0.74   0.462    -.9662567    .4385156
   int_lead2_big_team |   .0599909   .3445737     0.17   0.862    -.6153612     .735343
    int_lag0_big_team |  -.6877198   .3963387    -1.74   0.083    -1.464529    .0890898
    int_lag1_big_team |  -.3944951   .3985649    -0.99   0.322    -1.175668    .3866776
    int_lag2_big_team |  -.6884749   .4565132    -1.51   0.132    -1.583224    .2062746
    int_lag3_big_team |   -.508416   .4750918    -1.07   0.285    -1.439579    .4227469
    int_lag4_big_team |  -.5479811   .4821854    -1.14   0.256    -1.493047    .3970849
    int_lag5_big_team |  -1.120414   .4670665    -2.40   0.016    -2.035848   -.2049807
 int_lead4_small_team |   .1433718   .3516763     0.41   0.684    -.5459012    .8326447
 int_lead3_small_team |  -.5953766   .3320209    -1.79   0.073    -1.246126    .0553724
 int_lead2_small_team |   .0439141   .3145582     0.14   0.889    -.5726086    .6604369
  int_lag0_small_team |  -.1251712   .3461624    -0.36   0.718    -.8036371    .5532947
  int_lag1_small_team |  -.4523016   .3723411    -1.21   0.224    -1.182077    .2774736
  int_lag2_small_team |    .217321   .4000554     0.54   0.587    -.5667731    1.001415
  int_lag3_small_team |  -.7878277   .4278104    -1.84   0.066    -1.626321    .0506652
  int_lag4_small_team |  -.6322607   .4621789    -1.37   0.171    -1.538115    .2735933
  int_lag5_small_team |  -.6993534   .4763338    -1.47   0.142    -1.632951    .2342437
  mshr_lead4_big_team |   .1445916   .1099574     1.31   0.189    -.0709209    .3601042
  mshr_lead3_big_team |   .0784304   .1040036     0.75   0.451    -.1254129    .2822737
  mshr_lead2_big_team |   .0962084   .1000272     0.96   0.336    -.0998414    .2922582
   mshr_lag0_big_team |   .1906296   .1354943     1.41   0.159    -.0749344    .4561935
   mshr_lag1_big_team |    .199562   .1374107     1.45   0.146    -.0697581    .4688821
   mshr_lag2_big_team |  -.0149475   .1497983    -0.10   0.921    -.3085468    .2786517
   mshr_lag3_big_team |   .0173465   .1597817     0.11   0.914    -.2958198    .3305128
   mshr_lag4_big_team |    .072702   .1701155     0.43   0.669    -.2607182    .4061222
   mshr_lag5_big_team |   .1468446   .1675302     0.88   0.381    -.1815085    .4751977
mshr_lead4_small_team |   .0722695   .1048631     0.69   0.491    -.1332585    .2777974
mshr_lead3_small_team |   .1094333   .0979352     1.12   0.264    -.0825161    .3013828
mshr_lead2_small_team |   .1270704    .096978     1.31   0.190    -.0630029    .3171437
 mshr_lag0_small_team |   .1197607   .1217622     0.98   0.325    -.1188888    .3584102
 mshr_lag1_small_team |    .190652   .1257748     1.52   0.130     -.055862     .437166
 mshr_lag2_small_team |  -.0898081   .1344108    -0.67   0.504    -.3532484    .1736321
 mshr_lag3_small_team |  -.0925053   .1431976    -0.65   0.518    -.3731675    .1881569
 mshr_lag4_small_team |  -.0307629   .1524064    -0.20   0.840     -.329474    .2679481
 mshr_lag5_small_team |   .0083216   .1584226     0.05   0.958     -.302181    .3188242
          PT_big_team |   .0196922   .0469021     0.42   0.675    -.0722343    .1116186
                _cons |   .7296814   .0239827    30.43   0.000     .6826762    .7766865
---------------------------------------------------------------------------------------

Absorbed degrees of freedom:
-----------------------------------------------------+
 Absorbed FE | Categories  - Redundant  = Num. Coefs |
-------------+---------------------------------------|
     athr_id |      7654        7654           0    *|
        year |        10           1           9     |
-----------------------------------------------------+
* = FE nested within cluster; treated as redundant for DoF computation
N = 38,270; 3,827 balanced groups of size 10
N = 38,270; 126 unbalanced groups of sizes 10 to 2,140

                        (sum) ppr_cnt
-------------------------------------------------------------
      Percentiles      Smallest
 1%            0              0
 5%            0              0
10%            0              0       Obs              15,308
25%            1              0       Sum of wgt.      15,308

50%            2                      Mean           2.185981
                        Largest       Std. dev.      1.886737
75%            3             17
90%            4             17       Variance       3.559777
95%            6             18       Skewness        2.01121
99%            9             21       Kurtosis        10.0254
(76,530 observations deleted)

                             ub
-------------------------------------------------------------
      Percentiles      Smallest
 1%    -.2049639      -.2049639
 5%    -.2049639              0
10%    -.1024819       .0891041       Obs                  10
25%     .0891041        .206291       Sum of wgt.          10

50%     .3221415                      Mean           .2728464
                        Largest       Std. dev.      .2652906
75%      .422764       .3971023
90%      .586942        .422764       Variance       .0703791
95%     .7353554       .4385285       Skewness      -.1609028
99%     .7353554       .7353554       Kurtosis       2.648187

                             lb
-------------------------------------------------------------
      Percentiles      Smallest
 1%    -2.035864      -2.035864
 5%    -2.035864      -1.583241
10%    -1.809553      -1.493065       Obs                  10
25%    -1.493065      -1.464544       Sum of wgt.          10

50%    -1.331894                      Mean          -1.199783
                        Largest       Std. dev.      .5672951
75%    -.9662696      -1.175682
90%    -.3076868      -.9662696       Variance       .3218237
95%            0      -.6153736       Skewness       .7961117
99%            0              0       Kurtosis       3.239405
(9 missing values generated)
(9 real changes made)
(7 real changes made)
(1 real change made)
file ../output/figures/all_jrnls/es_ppml/es_ppr_cnt_r1_r2_public_big_team_ppml_medpi_mshrctrl.pdf saved as PDF format
file ../temp/es_ppr_cnt_r1_r2_public_big_team_ppml_medpi_mshrctrl.dta saved
N = 38,270; 3,827 balanced groups of size 10
N = 38,270; 134 unbalanced groups of sizes 10 to 1,820

                        (sum) ppr_cnt
-------------------------------------------------------------
      Percentiles      Smallest
 1%            0              0
 5%            0              0
10%            0              0       Obs              15,308
25%            1              0       Sum of wgt.      15,308

50%            2                      Mean           2.054873
                        Largest       Std. dev.       1.76676
75%            3             16
90%            4             16       Variance       3.121442
95%            5             17       Skewness       1.992112
99%            8             17       Kurtosis       9.952581
(76,530 observations deleted)

                             ub
-------------------------------------------------------------
      Percentiles      Smallest
 1%            0              0
 5%            0       .0506806
10%     .0253403       .0553843       Obs                  10
25%     .0553843       .2342608       Sum of wgt.          10

50%     .2755484                      Mean           .3939265
                        Largest       Std. dev.      .3494622
75%     .6604483       .5533072
90%     .9170434       .6604483       Variance       .1221239
95%     1.001429       .8326575       Skewness       .5046102
99%     1.001429       1.001429       Kurtosis       1.912886

                             lb
-------------------------------------------------------------
      Percentiles      Smallest
 1%    -1.632968      -1.632968
 5%    -1.632968      -1.626336
10%    -1.629652      -1.538131       Obs                  10
25%    -1.538131      -1.246137       Sum of wgt.          10

50%    -.9928699                      Mean          -.9714634
                        Largest       Std. dev.      .5560977
75%    -.5667875        -.57262
90%    -.2729569      -.5667875       Variance       .3092446
95%            0      -.5459138       Skewness       .2356261
99%            0              0       Kurtosis       1.888064
(9 missing values generated)
(9 real changes made)
(7 real changes made)
(1 real change made)
file ../output/figures/all_jrnls/es_ppml/es_ppr_cnt_r1_r2_public_small_team_ppml_medpi_mshrctrl.pdf saved as PDF format
file ../temp/es_ppr_cnt_r1_r2_public_small_team_ppml_medpi_mshrctrl.dta saved
(46,790 missing values generated)
(46,790 missing values generated)
(46,790 missing values generated)
(46,790 missing values generated)
(46,790 missing values generated)
Iteration 1:   deviance = 3.2648e+04  eps = .         iters = 3    tol = 1.0e-04  min(eta) =  -1.50  P   
Iteration 2:   deviance = 3.1824e+04  eps = 2.59e-02  iters = 2    tol = 1.0e-04  min(eta) =  -1.84      
Iteration 3:   deviance = 3.1818e+04  eps = 1.81e-04  iters = 2    tol = 1.0e-04  min(eta) =  -1.92      
Iteration 4:   deviance = 3.1818e+04  eps = 4.49e-08  iters = 2    tol = 1.0e-04  min(eta) =  -1.92      
Iteration 5:   deviance = 3.1818e+04  eps = 3.09e-14  iters = 2    tol = 1.0e-05  min(eta) =  -1.92   S O
------------------------------------------------------------------------------------------------------------
(legend: p: exact partial-out   s: exact solver   h: step-halving   o: epsilon below tolerance)
Converged in 5 iterations and 11 HDFE sub-iterations (tol = 1.0e-08)

HDFE PPML regression                              No. of obs      =     29,750
Absorbing 2 HDFE groups                           Residual df     =      2,974
Statistics robust to heteroskedasticity           Wald chi2(5)    =       6.15
Deviance             =  31817.98911               Prob > chi2     =     0.2921
Log pseudolikelihood = -45877.05727               Pseudo R2       =     0.1896

Number of clusters (athr_id)=      2,975
                            (Std. err. adjusted for 2,975 clusters in athr_id)
------------------------------------------------------------------------------
             |               Robust
     ppr_cnt | Coefficient  std. err.      z    P>|z|     [95% conf. interval]
-------------+----------------------------------------------------------------
 Z_high_nihg |   .2658528   .2679673     0.99   0.321    -.2593535    .7910591
  Z_low_nihg |  -.3747003   .4524048    -0.83   0.408    -1.261397    .5119969
 S_high_nihg |  -.2048683   .1138199    -1.80   0.072    -.4279513    .0182146
  S_low_nihg |    .048381   .2050789     0.24   0.813    -.3535663    .4503282
PT_high_nihg |   .0873597   .0754561     1.16   0.247    -.0605316     .235251
       _cons |   .8081031   .0334707    24.14   0.000     .7425017    .8737045
------------------------------------------------------------------------------

Absorbed degrees of freedom:
-----------------------------------------------------+
 Absorbed FE | Categories  - Redundant  = Num. Coefs |
-------------+---------------------------------------|
     athr_id |      2975        2975           0    *|
        year |        10           1           9     |
-----------------------------------------------------+
* = FE nested within cluster; treated as redundant for DoF computation
N = 18,750; 1,875 balanced groups of size 10
N = 18,750; 94 unbalanced groups of sizes 10 to 1,770
pooled-DiD int PPML all_jrnls_r1_r2_public ppr_cnt high_nihg med_pi: b=  0.2659 (se=  0.2680)   N=    29750 PIs=1875 Insts=94
N = 11,000; 1,100 balanced groups of size 10
N = 11,000; 105 unbalanced groups of sizes 10 to 750
pooled-DiD int PPML all_jrnls_r1_r2_public ppr_cnt low_nihg med_pi: b= -0.3747 (se=  0.4524)   N=    29750 PIs=1100 Insts=105
Iteration 1:   deviance = 3.2584e+04  eps = .         iters = 3    tol = 1.0e-04  min(eta) =  -1.57  P   
Iteration 2:   deviance = 3.1762e+04  eps = 2.59e-02  iters = 2    tol = 1.0e-04  min(eta) =  -1.92      
Iteration 3:   deviance = 3.1756e+04  eps = 1.80e-04  iters = 2    tol = 1.0e-04  min(eta) =  -1.99      
Iteration 4:   deviance = 3.1756e+04  eps = 4.42e-08  iters = 2    tol = 1.0e-04  min(eta) =  -2.00      
Iteration 5:   deviance = 3.1756e+04  eps = 3.05e-14  iters = 2    tol = 1.0e-05  min(eta) =  -2.00   S  
Iteration 6:   deviance = 3.1756e+04  eps = 0.00e+00  iters = 2    tol = 1.0e-09  min(eta) =  -2.00   S O
------------------------------------------------------------------------------------------------------------
(legend: p: exact partial-out   s: exact solver   h: step-halving   o: epsilon below tolerance)
Converged in 6 iterations and 13 HDFE sub-iterations (tol = 1.0e-08)

HDFE PPML regression                              No. of obs      =     29,750
Absorbing 2 HDFE groups                           Residual df     =      2,974
Statistics robust to heteroskedasticity           Wald chi2(37)   =      65.55
Deviance             =  31755.94825               Prob > chi2     =     0.0026
Log pseudolikelihood = -45846.03684               Pseudo R2       =     0.1902

Number of clusters (athr_id)=      2,975
                                    (Std. err. adjusted for 2,975 clusters in athr_id)
--------------------------------------------------------------------------------------
                     |               Robust
             ppr_cnt | Coefficient  std. err.      z    P>|z|     [95% conf. interval]
---------------------+----------------------------------------------------------------
 int_lead4_high_nihg |  -.3408075   .4627919    -0.74   0.461    -1.247863     .566248
 int_lead3_high_nihg |   -.933442    .449427    -2.08   0.038    -1.814303   -.0525813
 int_lead2_high_nihg |  -.4216884   .4419514    -0.95   0.340    -1.287897    .4445205
  int_lag0_high_nihg |   -.471808   .4794335    -0.98   0.325     -1.41148    .4678643
  int_lag1_high_nihg |  -.6020208    .488484    -1.23   0.218    -1.559432    .3553902
  int_lag2_high_nihg |    .279955   .5252356     0.53   0.594    -.7494879    1.309398
  int_lag3_high_nihg |   .0013703   .5622413     0.00   0.998    -1.100602    1.103343
  int_lag4_high_nihg |  -.1104213    .597387    -0.18   0.853    -1.281278    1.060436
  int_lag5_high_nihg |    .169819   .6218185     0.27   0.785    -1.048923    1.388561
  int_lead4_low_nihg |   -.774086   .7637977    -1.01   0.311    -2.271102      .72293
  int_lead3_low_nihg |  -1.433421   .7065244    -2.03   0.042    -2.818183   -.0486587
  int_lead2_low_nihg |  -.6848392   .6171954    -1.11   0.267     -1.89452    .5248415
   int_lag0_low_nihg |   -.246245   .7382908    -0.33   0.739    -1.693268    1.200778
   int_lag1_low_nihg |  -.7129834   .7051974    -1.01   0.312    -2.095145    .6691781
   int_lag2_low_nihg |  -.9166042   .8173017    -1.12   0.262    -2.518486    .6852778
   int_lag3_low_nihg |  -1.167678   .8438414    -1.38   0.166    -2.821576    .4862213
   int_lag4_low_nihg |  -2.592644   .8822489    -2.94   0.003     -4.32182   -.8634678
   int_lag5_low_nihg |  -1.416078   .8628722    -1.64   0.101    -3.107277    .2751201
mshr_lead4_high_nihg |   .2344029   .1597257     1.47   0.142    -.0786537    .5474594
mshr_lead3_high_nihg |   .3701816   .1548462     2.39   0.017     .0666886    .6736746
mshr_lead2_high_nihg |   .1838236   .1433903     1.28   0.200    -.0972163    .4648635
 mshr_lag0_high_nihg |    .261768   .1739711     1.50   0.132     -.079209     .602745
 mshr_lag1_high_nihg |   .2573629   .1758909     1.46   0.143    -.0873769    .6021028
 mshr_lag2_high_nihg |  -.1049697   .1961526    -0.54   0.593    -.4894217    .2794823
 mshr_lag3_high_nihg |  -.1324902   .2050699    -0.65   0.518    -.5344198    .2694394
 mshr_lag4_high_nihg |  -.2066132   .2189453    -0.94   0.345    -.6357381    .2225116
 mshr_lag5_high_nihg |  -.3073831   .2249053    -1.37   0.172    -.7481893    .1334231
 mshr_lead4_low_nihg |   .2371566   .1977046     1.20   0.230    -.1503373    .6246504
 mshr_lead3_low_nihg |   .5146181   .1833587     2.81   0.005     .1552416    .8739946
 mshr_lead2_low_nihg |   .4796662   .1633432     2.94   0.003     .1595193     .799813
  mshr_lag0_low_nihg |     .31346   .2454096     1.28   0.201     -.167534     .794454
  mshr_lag1_low_nihg |   .4541779   .2489741     1.82   0.068    -.0338024    .9421581
  mshr_lag2_low_nihg |   .4156228   .2785136     1.49   0.136    -.1302539    .9614995
  mshr_lag3_low_nihg |   .4039888   .2865369     1.41   0.159    -.1576131    .9655908
  mshr_lag4_low_nihg |   .2974892   .2895923     1.03   0.304    -.2701014    .8650797
  mshr_lag5_low_nihg |   .2683311   .2853428     0.94   0.347    -.2909304    .8275927
        PT_high_nihg |   .0896015   .0755665     1.19   0.236    -.0585061    .2377091
               _cons |   .7510454   .0446323    16.83   0.000     .6635678    .8385231
--------------------------------------------------------------------------------------

Absorbed degrees of freedom:
-----------------------------------------------------+
 Absorbed FE | Categories  - Redundant  = Num. Coefs |
-------------+---------------------------------------|
     athr_id |      2975        2975           0    *|
        year |        10           1           9     |
-----------------------------------------------------+
* = FE nested within cluster; treated as redundant for DoF computation
N = 18,750; 1,875 balanced groups of size 10
N = 18,750; 94 unbalanced groups of sizes 10 to 1,770

                        (sum) ppr_cnt
-------------------------------------------------------------
      Percentiles      Smallest
 1%            0              0
 5%            0              0
10%            1              0       Obs               7,500
25%            1              0       Sum of wgt.       7,500

50%            2                      Mean             2.4468
                        Largest       Std. dev.      2.020358
75%            3             16
90%            5             16       Variance       4.081847
95%            6             17       Skewness        1.81962
99%           10             18       Kurtosis       8.259811
(76,530 observations deleted)

                             ub
-------------------------------------------------------------
      Percentiles      Smallest
 1%    -.0525652      -.0525652
 5%    -.0525652              0
10%    -.0262826       .3554078       Obs                  10
25%     .3554078       .4445365       Sum of wgt.          10

50%     .5170731                      Mean           .6643346
                        Largest       Std. dev.       .520424
75%     1.103363       1.060457
90%        1.349       1.103363       Variance       .2708412
95%     1.388583       1.309417       Skewness        .070496
99%     1.388583       1.388583       Kurtosis       1.652747

                             lb
-------------------------------------------------------------
      Percentiles      Smallest
 1%    -1.814319      -1.814319
 5%    -1.814319      -1.559449
10%    -1.686884      -1.411498       Obs                  10
25%    -1.411498      -1.287913       Sum of wgt.          10

50%     -1.26459                      Mean          -1.150143
                        Largest       Std. dev.      .4965139
75%    -1.048945      -1.100623
90%    -.3747534      -1.048945       Variance        .246526
95%            0      -.7495068       Skewness       1.149834
99%            0              0       Kurtosis       4.070519
(9 missing values generated)
(9 real changes made)
(7 real changes made)
(1 real change made)
file ../output/figures/all_jrnls/es_ppml/es_ppr_cnt_r1_r2_public_high_nihg_ppml_medpi_mshrctrl.pdf saved as PDF format
file ../temp/es_ppr_cnt_r1_r2_public_high_nihg_ppml_medpi_mshrctrl.dta saved
N = 11,000; 1,100 balanced groups of size 10
N = 11,000; 105 unbalanced groups of sizes 10 to 750

                        (sum) ppr_cnt
-------------------------------------------------------------
      Percentiles      Smallest
 1%            0              0
 5%            0              0
10%            0              0       Obs               4,400
25%            1              0       Sum of wgt.       4,400

50%            2                      Mean           1.959318
                        Largest       Std. dev.      1.643058
75%            3             11
90%            4             11       Variance        2.69964
95%            5             12       Skewness       1.595399
99%            8             14       Kurtosis       7.069262
(76,530 observations deleted)

                             ub
-------------------------------------------------------------
      Percentiles      Smallest
 1%     -.863436       -.863436
 5%     -.863436      -.0486332
10%    -.4560346              0       Obs                  10
25%            0       .2751512       Sum of wgt.          10

50%     .5055577                      Mean            .365247
                        Largest       Std. dev.      .5660333
75%     .6853073       .6692035
90%     .9618812       .6853073       Variance       .3203937
95%     1.200805       .7229576       Skewness      -.8262734
99%     1.200805       1.200805       Kurtosis       3.427584

                             lb
-------------------------------------------------------------
      Percentiles      Smallest
 1%    -4.321852      -4.321852
 5%    -4.321852      -3.107308
10%     -3.71458      -2.821607       Obs                  10
25%    -2.821607      -2.818209       Sum of wgt.          10

50%    -2.394823                      Mean          -2.354163
                        Largest       Std. dev.      1.113749
75%    -1.894542       -2.09517
90%    -.8466474      -1.894542       Variance       1.240437
95%            0      -1.693295       Skewness       .4407031
99%            0              0       Kurtosis       3.719871
(9 missing values generated)
(9 real changes made)
(7 real changes made)
(1 real change made)
file ../output/figures/all_jrnls/es_ppml/es_ppr_cnt_r1_r2_public_low_nihg_ppml_medpi_mshrctrl.pdf saved as PDF format
file ../temp/es_ppr_cnt_r1_r2_public_low_nihg_ppml_medpi_mshrctrl.dta saved
(46,790 missing values generated)
(46,790 missing values generated)
(46,790 missing values generated)
(46,790 missing values generated)
(46,790 missing values generated)
Iteration 1:   deviance = 3.2641e+04  eps = .         iters = 3    tol = 1.0e-04  min(eta) =  -1.49  P   
Iteration 2:   deviance = 3.1817e+04  eps = 2.59e-02  iters = 2    tol = 1.0e-04  min(eta) =  -1.84      
Iteration 3:   deviance = 3.1811e+04  eps = 1.80e-04  iters = 2    tol = 1.0e-04  min(eta) =  -1.91      
Iteration 4:   deviance = 3.1811e+04  eps = 4.47e-08  iters = 2    tol = 1.0e-04  min(eta) =  -1.91      
Iteration 5:   deviance = 3.1811e+04  eps = 3.07e-14  iters = 2    tol = 1.0e-05  min(eta) =  -1.91   S  
Iteration 6:   deviance = 3.1811e+04  eps = 0.00e+00  iters = 2    tol = 1.0e-09  min(eta) =  -1.91   S O
------------------------------------------------------------------------------------------------------------
(legend: p: exact partial-out   s: exact solver   h: step-halving   o: epsilon below tolerance)
Converged in 6 iterations and 13 HDFE sub-iterations (tol = 1.0e-08)

HDFE PPML regression                              No. of obs      =     29,750
Absorbing 2 HDFE groups                           Residual df     =      2,974
Statistics robust to heteroskedasticity           Wald chi2(5)    =      10.35
Deviance             =  31810.82623               Prob > chi2     =     0.0658
Log pseudolikelihood = -45873.47583               Pseudo R2       =     0.1897

Number of clusters (athr_id)=      2,975
                            (Std. err. adjusted for 2,975 clusters in athr_id)
------------------------------------------------------------------------------
             |               Robust
     ppr_cnt | Coefficient  std. err.      z    P>|z|     [95% conf. interval]
-------------+----------------------------------------------------------------
 Z_high_nihd |   .1478527   .2919846     0.51   0.613    -.4244266     .720132
  Z_low_nihd |  -.0751999   .3811365    -0.20   0.844    -.8222138     .671814
 S_high_nihd |  -.2801677   .1282839    -2.18   0.029    -.5315996   -.0287358
  S_low_nihd |    .082721   .1608885     0.51   0.607    -.2326146    .3980566
PT_high_nihd |   .1558512   .0672735     2.32   0.021     .0239975    .2877049
       _cons |    .792481    .026767    29.61   0.000     .7400186    .8449435
------------------------------------------------------------------------------

Absorbed degrees of freedom:
-----------------------------------------------------+
 Absorbed FE | Categories  - Redundant  = Num. Coefs |
-------------+---------------------------------------|
     athr_id |      2975        2975           0    *|
        year |        10           1           9     |
-----------------------------------------------------+
* = FE nested within cluster; treated as redundant for DoF computation
N = 14,880; 1,488 balanced groups of size 10
N = 14,880; 82 unbalanced groups of sizes 10 to 1,530
pooled-DiD int PPML all_jrnls_r1_r2_public ppr_cnt high_nihd med_pi: b=  0.1479 (se=  0.2920)   N=    29750 PIs=1488 Insts=82
N = 14,870; 1,487 balanced groups of size 10
N = 14,870; 108 unbalanced groups of sizes 10 to 990
pooled-DiD int PPML all_jrnls_r1_r2_public ppr_cnt low_nihd med_pi: b= -0.0752 (se=  0.3811)   N=    29750 PIs=1487 Insts=108
Iteration 1:   deviance = 3.2577e+04  eps = .         iters = 3    tol = 1.0e-04  min(eta) =  -1.50  P   
Iteration 2:   deviance = 3.1756e+04  eps = 2.58e-02  iters = 2    tol = 1.0e-04  min(eta) =  -1.84      
Iteration 3:   deviance = 3.1750e+04  eps = 1.79e-04  iters = 2    tol = 1.0e-04  min(eta) =  -1.92      
Iteration 4:   deviance = 3.1750e+04  eps = 4.37e-08  iters = 2    tol = 1.0e-04  min(eta) =  -1.92      
Iteration 5:   deviance = 3.1750e+04  eps = 2.99e-14  iters = 2    tol = 1.0e-05  min(eta) =  -1.92   S  
Iteration 6:   deviance = 3.1750e+04  eps = 2.15e-16  iters = 2    tol = 1.0e-09  min(eta) =  -1.92   S O
------------------------------------------------------------------------------------------------------------
(legend: p: exact partial-out   s: exact solver   h: step-halving   o: epsilon below tolerance)
Converged in 6 iterations and 13 HDFE sub-iterations (tol = 1.0e-08)

HDFE PPML regression                              No. of obs      =     29,750
Absorbing 2 HDFE groups                           Residual df     =      2,974
Statistics robust to heteroskedasticity           Wald chi2(37)   =      70.19
Deviance             =  31750.48401               Prob > chi2     =     0.0008
Log pseudolikelihood = -45843.30471               Pseudo R2       =     0.1902

Number of clusters (athr_id)=      2,975
                                    (Std. err. adjusted for 2,975 clusters in athr_id)
--------------------------------------------------------------------------------------
                     |               Robust
             ppr_cnt | Coefficient  std. err.      z    P>|z|     [95% conf. interval]
---------------------+----------------------------------------------------------------
 int_lead4_high_nihd |  -.3200725   .4910555    -0.65   0.515    -1.282524    .6423786
 int_lead3_high_nihd |  -.9987443   .4697266    -2.13   0.033    -1.919391   -.0780972
 int_lead2_high_nihd |  -.2539064   .4699335    -0.54   0.589    -1.174959    .6671463
  int_lag0_high_nihd |  -.7252343   .5159784    -1.41   0.160    -1.736533    .2860648
  int_lag1_high_nihd |  -.7480479   .5245343    -1.43   0.154    -1.776116    .2800204
  int_lag2_high_nihd |   .3384449   .5672976     0.60   0.551     -.773438    1.450328
  int_lag3_high_nihd |   .1119476   .6023724     0.19   0.853    -1.068681    1.292576
  int_lag4_high_nihd |  -.1049056   .6492962    -0.16   0.872    -1.377503    1.167692
  int_lag5_high_nihd |  -.0702269   .6794128    -0.10   0.918    -1.401851    1.261398
  int_lead4_low_nihd |  -.6889158   .6517268    -1.06   0.290    -1.966277    .5884451
  int_lead3_low_nihd |   -1.17993   .6233832    -1.89   0.058    -2.401739    .0418785
  int_lead2_low_nihd |  -.7279132   .5558507    -1.31   0.190    -1.817361    .3615341
   int_lag0_low_nihd |   .0650309   .6365345     0.10   0.919    -1.182554    1.312616
   int_lag1_low_nihd |  -.4096987   .6189146    -0.66   0.508    -1.622749    .8033517
   int_lag2_low_nihd |  -.6498113   .6988967    -0.93   0.352    -2.019624    .7200011
   int_lag3_low_nihd |  -.9907412   .7403392    -1.34   0.181    -2.441779    .4602969
   int_lag4_low_nihd |  -2.002484   .7606127    -2.63   0.008    -3.493258   -.5117105
   int_lag5_low_nihd |  -.6657512   .7507154    -0.89   0.375    -2.137126     .805624
mshr_lead4_high_nihd |   .2481711    .162923     1.52   0.128     -.071152    .5674942
mshr_lead3_high_nihd |   .3905744   .1581614     2.47   0.014     .0805837     .700565
mshr_lead2_high_nihd |   .2041307   .1447916     1.41   0.159    -.0796557    .4879171
 mshr_lag0_high_nihd |   .2338549   .1875257     1.25   0.212    -.1336888    .6013986
 mshr_lag1_high_nihd |   .2505732   .1887301     1.33   0.184    -.1193311    .6204774
 mshr_lag2_high_nihd |  -.1749101   .2138483    -0.82   0.413    -.5940451    .2442248
 mshr_lag3_high_nihd |  -.2447301   .2248773    -1.09   0.276    -.6854815    .1960214
 mshr_lag4_high_nihd |  -.3615189   .2345949    -1.54   0.123    -.8213164    .0982787
 mshr_lag5_high_nihd |  -.3445823   .2393642    -1.44   0.150    -.8137276    .1245629
 mshr_lead4_low_nihd |   .2252278   .1788171     1.26   0.208    -.1252474    .5757029
 mshr_lead3_low_nihd |     .43256    .169444     2.55   0.011     .1004558    .7646642
 mshr_lead2_low_nihd |    .353026   .1571229     2.25   0.025     .0450707    .6609812
  mshr_lag0_low_nihd |   .3533829   .2061563     1.71   0.087    -.0506761    .7574419
  mshr_lag1_low_nihd |    .420593   .2100202     2.00   0.045     .0089609     .832225
  mshr_lag2_low_nihd |   .3550057   .2297673     1.55   0.122    -.0953299    .8053413
  mshr_lag3_low_nihd |   .3808986   .2375328     1.60   0.109    -.0846572    .8464543
  mshr_lag4_low_nihd |    .334295   .2457884     1.36   0.174    -.1474414    .8160313
  mshr_lag5_low_nihd |   .1404735   .2512314     0.56   0.576     -.351931     .632878
        PT_high_nihd |   .1582527   .0673439     2.35   0.019      .026261    .2902444
               _cons |   .7360801   .0395125    18.63   0.000      .658637    .8135232
--------------------------------------------------------------------------------------

Absorbed degrees of freedom:
-----------------------------------------------------+
 Absorbed FE | Categories  - Redundant  = Num. Coefs |
-------------+---------------------------------------|
     athr_id |      2975        2975           0    *|
        year |        10           1           9     |
-----------------------------------------------------+
* = FE nested within cluster; treated as redundant for DoF computation
N = 14,880; 1,488 balanced groups of size 10
N = 14,880; 82 unbalanced groups of sizes 10 to 1,530

                        (sum) ppr_cnt
-------------------------------------------------------------
      Percentiles      Smallest
 1%            0              0
 5%            0              0
10%            1              0       Obs               5,952
25%            1              0       Sum of wgt.       5,952

50%            2                      Mean           2.547547
                        Largest       Std. dev.      2.055381
75%            3             15
90%            5             16       Variance       4.224592
95%            7             16       Skewness       1.718108
99%           10             17       Kurtosis       7.457155
(76,530 observations deleted)

                             ub
-------------------------------------------------------------
      Percentiles      Smallest
 1%    -.0780802      -.0780802
 5%    -.0780802              0
10%    -.0390401       .2800393       Obs                  10
25%     .2800393       .2860834       Sum of wgt.          10

50%     .6547797                      Mean           .6969685
                        Largest       Std. dev.      .5672109
75%     1.261422       1.167715
90%     1.371473       1.261422       Variance       .3217282
95%     1.450348       1.292598       Skewness      -.0148203
99%     1.450348       1.450348       Kurtosis       1.495866

                             lb
-------------------------------------------------------------
      Percentiles      Smallest
 1%    -1.919408      -1.919408
 5%    -1.919408      -1.776135
10%    -1.847772      -1.736552       Obs                  10
25%    -1.736552      -1.401876       Sum of wgt.          10

50%    -1.330034                      Mean          -1.251118
                        Largest       Std. dev.      .5607657
75%    -1.068702      -1.174976
90%    -.3867292      -1.068702       Variance       .3144582
95%            0      -.7734584       Skewness       1.003463
99%            0              0       Kurtosis       3.539616
(9 missing values generated)
(9 real changes made)
(7 real changes made)
(1 real change made)
file ../output/figures/all_jrnls/es_ppml/es_ppr_cnt_r1_r2_public_high_nihd_ppml_medpi_mshrctrl.pdf saved as PDF format
file ../temp/es_ppr_cnt_r1_r2_public_high_nihd_ppml_medpi_mshrctrl.dta saved
N = 14,870; 1,487 balanced groups of size 10
N = 14,870; 108 unbalanced groups of sizes 10 to 990

                        (sum) ppr_cnt
-------------------------------------------------------------
      Percentiles      Smallest
 1%            0              0
 5%            0              0
10%            0              0       Obs               5,948
25%            1              0       Sum of wgt.       5,948

50%            2                      Mean           1.985373
                        Largest       Std. dev.      1.693901
75%            3             14
90%            4             15       Variance         2.8693
95%            5             15       Skewness       1.854546
99%            8             18       Kurtosis       9.450569
(76,530 observations deleted)

                             ub
-------------------------------------------------------------
      Percentiles      Smallest
 1%    -.5116832      -.5116832
 5%    -.5116832              0
10%    -.2558416        .041901       Obs                  10
25%      .041901       .3615541       Sum of wgt.          10

50%     .5243962                      Mean           .4582254
                        Largest       Std. dev.      .5151835
75%     .8033739       .7200263
90%     1.059145       .8033739       Variance        .265414
95%     1.312639        .805651       Skewness      -.3038561
99%     1.312639       1.312639       Kurtosis       2.674117

                             lb
-------------------------------------------------------------
      Percentiles      Smallest
 1%    -3.493285      -3.493285
 5%    -3.493285      -2.441806
10%    -2.967545      -2.401761       Obs                  10
25%    -2.401761      -2.137153       Sum of wgt.          10

50%    -1.992975                      Mean          -1.908268
                        Largest       Std. dev.      .9047113
75%    -1.622771      -1.817381
90%    -.5912883      -1.622771       Variance       .8185025
95%            0      -1.182577       Skewness       .4883291
99%            0              0       Kurtosis       3.685439
(9 missing values generated)
(9 real changes made)
(7 real changes made)
(1 real change made)
file ../output/figures/all_jrnls/es_ppml/es_ppr_cnt_r1_r2_public_low_nihd_ppml_medpi_mshrctrl.pdf saved as PDF format
file ../temp/es_ppr_cnt_r1_r2_public_low_nihd_ppml_medpi_mshrctrl.dta saved
(13,390 missing values generated)
(13,390 missing values generated)
(13,390 missing values generated)
(13,390 missing values generated)
(13,390 missing values generated)
Iteration 1:   deviance = 7.0720e+04  eps = .         iters = 3    tol = 1.0e-04  min(eta) =  -1.54  P   
Iteration 2:   deviance = 6.8775e+04  eps = 2.83e-02  iters = 2    tol = 1.0e-04  min(eta) =  -1.85      
Iteration 3:   deviance = 6.8759e+04  eps = 2.41e-04  iters = 2    tol = 1.0e-04  min(eta) =  -1.91      
Iteration 4:   deviance = 6.8759e+04  eps = 1.23e-07  iters = 2    tol = 1.0e-04  min(eta) =  -1.91      
Iteration 5:   deviance = 6.8759e+04  eps = 4.30e-13  iters = 2    tol = 1.0e-05  min(eta) =  -1.91   S  
Iteration 6:   deviance = 6.8759e+04  eps = 0.00e+00  iters = 2    tol = 1.0e-08  min(eta) =  -1.91   S O
------------------------------------------------------------------------------------------------------------
(legend: p: exact partial-out   s: exact solver   h: step-halving   o: epsilon below tolerance)
Converged in 6 iterations and 13 HDFE sub-iterations (tol = 1.0e-08)

HDFE PPML regression                              No. of obs      =     63,150
Absorbing 2 HDFE groups                           Residual df     =      6,314
Statistics robust to heteroskedasticity           Wald chi2(5)    =      18.57
Deviance             =  68758.86447               Prob > chi2     =     0.0023
Log pseudolikelihood = -94923.45973               Pseudo R2       =     0.1943

Number of clusters (athr_id)=      6,315
                            (Std. err. adjusted for 6,315 clusters in athr_id)
------------------------------------------------------------------------------
             |               Robust
     ppr_cnt | Coefficient  std. err.      z    P>|z|     [95% conf. interval]
-------------+----------------------------------------------------------------
  Z_hiw_tfnd |   -.553923   .2321943    -2.39   0.017    -1.009016   -.0988305
  Z_low_tfnd |   -.042359   .2851239    -0.15   0.882    -.6011915    .5164736
  S_hiw_tfnd |  -.1522271   .0985936    -1.54   0.123    -.3454671    .0410128
  S_low_tfnd |   .0251965   .1171624     0.22   0.830    -.2044376    .2548305
 PT_hiw_tfnd |   .1264089   .0512996     2.46   0.014     .0258634    .2269543
       _cons |   .7459131   .0196994    37.86   0.000      .707303    .7845232
------------------------------------------------------------------------------

Absorbed degrees of freedom:
-----------------------------------------------------+
 Absorbed FE | Categories  - Redundant  = Num. Coefs |
-------------+---------------------------------------|
     athr_id |      6315        6315           0    *|
        year |        10           1           9     |
-----------------------------------------------------+
* = FE nested within cluster; treated as redundant for DoF computation
N = 32,280; 3,228 balanced groups of size 10
N = 32,280; 14 unbalanced groups of sizes 710 to 3,960
pooled-DiD int PPML all_jrnls_r1_r2_public ppr_cnt hiw_tfnd med_pi: b= -0.5539 (se=  0.2322)   N=    63150 PIs=3228 Insts=14
N = 30,870; 3,087 balanced groups of size 10
N = 30,870; 95 unbalanced groups of sizes 10 to 1,510
pooled-DiD int PPML all_jrnls_r1_r2_public ppr_cnt low_tfnd med_pi: b= -0.0424 (se=  0.2851)   N=    63150 PIs=3087 Insts=95
Iteration 1:   deviance = 7.0660e+04  eps = .         iters = 3    tol = 1.0e-04  min(eta) =  -1.58  P   
Iteration 2:   deviance = 6.8714e+04  eps = 2.83e-02  iters = 2    tol = 1.0e-04  min(eta) =  -1.93      
Iteration 3:   deviance = 6.8697e+04  eps = 2.41e-04  iters = 2    tol = 1.0e-04  min(eta) =  -1.99      
Iteration 4:   deviance = 6.8697e+04  eps = 1.21e-07  iters = 2    tol = 1.0e-04  min(eta) =  -1.99      
Iteration 5:   deviance = 6.8697e+04  eps = 4.02e-13  iters = 2    tol = 1.0e-05  min(eta) =  -1.99   S  
Iteration 6:   deviance = 6.8697e+04  eps = 0.00e+00  iters = 2    tol = 1.0e-08  min(eta) =  -1.99   S O
------------------------------------------------------------------------------------------------------------
(legend: p: exact partial-out   s: exact solver   h: step-halving   o: epsilon below tolerance)
Converged in 6 iterations and 13 HDFE sub-iterations (tol = 1.0e-08)

HDFE PPML regression                              No. of obs      =     63,150
Absorbing 2 HDFE groups                           Residual df     =      6,314
Statistics robust to heteroskedasticity           Wald chi2(37)   =      76.77
Deviance             =  68697.02415               Prob > chi2     =     0.0001
Log pseudolikelihood = -94892.53956               Pseudo R2       =     0.1946

Number of clusters (athr_id)=      6,315
                                   (Std. err. adjusted for 6,315 clusters in athr_id)
-------------------------------------------------------------------------------------
                    |               Robust
            ppr_cnt | Coefficient  std. err.      z    P>|z|     [95% conf. interval]
--------------------+----------------------------------------------------------------
 int_lead4_hiw_tfnd |  -.3478522   .3788606    -0.92   0.359    -1.090405    .3947008
 int_lead3_hiw_tfnd |  -.7368175   .3758827    -1.96   0.050    -1.473534   -.0001009
 int_lead2_hiw_tfnd |  -.0458819   .3411536    -0.13   0.893    -.7145307    .6227668
  int_lag0_hiw_tfnd |  -.2816844   .3765249    -0.75   0.454     -1.01966    .4562907
  int_lag1_hiw_tfnd |  -1.168084   .3862177    -3.02   0.002    -1.925056   -.4111108
  int_lag2_hiw_tfnd |  -.4520424   .4258525    -1.06   0.288    -1.286698    .3826132
  int_lag3_hiw_tfnd |  -.7655546   .4595865    -1.67   0.096    -1.666328    .1352183
  int_lag4_hiw_tfnd |  -.7872979   .4702797    -1.67   0.094    -1.709029    .1344333
  int_lag5_hiw_tfnd |  -1.728133   .4719565    -3.66   0.000    -2.653151   -.8031153
 int_lead4_low_tfnd |  -.3148085   .4158582    -0.76   0.449    -1.129876    .5002586
 int_lead3_low_tfnd |   -.496934    .375013    -1.33   0.185    -1.231946     .238078
 int_lead2_low_tfnd |    .014057    .378585     0.04   0.970    -.7279561      .75607
  int_lag0_low_tfnd |  -.6373756    .439763    -1.45   0.147    -1.499295     .224544
  int_lag1_low_tfnd |   .1455938   .4550994     0.32   0.749    -.7463847    1.037572
  int_lag2_low_tfnd |  -.3645876   .5281515    -0.69   0.490    -1.399746    .6705703
  int_lag3_low_tfnd |  -.3993886    .538623    -0.74   0.458     -1.45507     .656293
  int_lag4_low_tfnd |  -.2607191   .5447596    -0.48   0.632    -1.328428    .8069901
  int_lag5_low_tfnd |   .1788309    .544648     0.33   0.743    -.8886595    1.246321
mshr_lead4_hiw_tfnd |   .1242677   .1175813     1.06   0.291    -.1061875    .3547228
mshr_lead3_hiw_tfnd |   .0900805   .1125875     0.80   0.424    -.1305868    .3107479
mshr_lead2_hiw_tfnd |   .0268983   .1048196     0.26   0.797    -.1785443    .2323408
 mshr_lag0_hiw_tfnd |  -.0646206   .1348876    -0.48   0.632    -.3289953    .1997542
 mshr_lag1_hiw_tfnd |   .0868063   .1350354     0.64   0.520    -.1778583    .3514709
 mshr_lag2_hiw_tfnd |  -.1961924   .1477403    -1.33   0.184     -.485758    .0933733
 mshr_lag3_hiw_tfnd |  -.3445527   .1535317    -2.24   0.025    -.6454693   -.0436362
 mshr_lag4_hiw_tfnd |  -.1626056   .1633443    -1.00   0.320    -.4827546    .1575433
 mshr_lag5_hiw_tfnd |   .0941217   .1665833     0.57   0.572    -.2323755    .4206189
mshr_lead4_low_tfnd |   .1172332   .1168338     1.00   0.316    -.1117568    .3462233
mshr_lead3_low_tfnd |   .1641956   .1077222     1.52   0.127    -.0469361    .3753273
mshr_lead2_low_tfnd |   .1753556   .1086649     1.61   0.107    -.0376236    .3883348
 mshr_lag0_low_tfnd |   .2969239   .1437718     2.07   0.039     .0151364    .5787114
 mshr_lag1_low_tfnd |   .2704865   .1500935     1.80   0.072    -.0236914    .5646644
 mshr_lag2_low_tfnd |   .1573855   .1628094     0.97   0.334    -.1617151    .4764861
 mshr_lag3_low_tfnd |   .0315492   .1756213     0.18   0.857    -.3126622    .3757606
 mshr_lag4_low_tfnd |  -.0084742   .1893643    -0.04   0.964    -.3796214    .3626731
 mshr_lag5_low_tfnd |  -.0104958   .1891703    -0.06   0.956    -.3812628    .3602711
        PT_hiw_tfnd |   .1267858   .0513546     2.47   0.014     .0261326    .2274391
              _cons |   .7263128   .0282461    25.71   0.000     .6709514    .7816742
-------------------------------------------------------------------------------------

Absorbed degrees of freedom:
-----------------------------------------------------+
 Absorbed FE | Categories  - Redundant  = Num. Coefs |
-------------+---------------------------------------|
     athr_id |      6315        6315           0    *|
        year |        10           1           9     |
-----------------------------------------------------+
* = FE nested within cluster; treated as redundant for DoF computation
N = 32,280; 3,228 balanced groups of size 10
N = 32,280; 14 unbalanced groups of sizes 710 to 3,960

                        (sum) ppr_cnt
-------------------------------------------------------------
      Percentiles      Smallest
 1%            0              0
 5%            0              0
10%            0              0       Obs              12,912
25%            1              0       Sum of wgt.      12,912

50%            2                      Mean            2.22359
                        Largest       Std. dev.      1.908923
75%            3             16
90%            5             17       Variance       3.643985
95%            6             17       Skewness       1.921225
99%            9             17       Kurtosis       9.123695
(76,530 observations deleted)

                             ub
-------------------------------------------------------------
      Percentiles      Smallest
 1%    -.8030984      -.8030984
 5%    -.8030984       -.411097
10%    -.6070977      -.0000874       Obs                  10
25%    -.0000874              0       Sum of wgt.          10

50%     .1348425                      Mean           .0911829
                        Largest       Std. dev.      .4301759
75%     .3947145       .3826286
90%     .5395417       .3947145       Variance       .1850513
95%     .6227791       .4563043       Skewness      -.8704722
99%     .6227791       .6227791       Kurtosis       2.944417

                             lb
-------------------------------------------------------------
      Percentiles      Smallest
 1%    -2.653168      -2.653168
 5%    -2.653168       -1.92507
10%    -2.289119      -1.709046       Obs                  10
25%    -1.709046      -1.666344       Sum of wgt.          10

50%     -1.38013                      Mean          -1.353852
                        Largest       Std. dev.      .7210998
75%    -1.019673      -1.090419
90%    -.3572715      -1.019673       Variance       .5199849
95%            0       -.714543       Skewness       .1067457
99%            0              0       Kurtosis       2.979824
(9 missing values generated)
(9 real changes made)
(7 real changes made)
(1 real change made)
file ../output/figures/all_jrnls/es_ppml/es_ppr_cnt_r1_r2_public_hiw_tfnd_ppml_medpi_mshrctrl.pdf saved as PDF format
file ../temp/es_ppr_cnt_r1_r2_public_hiw_tfnd_ppml_medpi_mshrctrl.dta saved
N = 30,870; 3,087 balanced groups of size 10
N = 30,870; 95 unbalanced groups of sizes 10 to 1,510

                        (sum) ppr_cnt
-------------------------------------------------------------
      Percentiles      Smallest
 1%            0              0
 5%            0              0
10%            0              0       Obs              12,348
25%            1              0       Sum of wgt.      12,348

50%            2                      Mean           2.086249
                        Largest       Std. dev.      1.794522
75%            3             16
90%            4             17       Variance       3.220308
95%            5             18       Skewness       2.037706
99%            9             21       Kurtosis       10.65077
(76,530 observations deleted)

                             ub
-------------------------------------------------------------
      Percentiles      Smallest
 1%            0              0
 5%            0       .2245598
10%     .1122799       .2380915       Obs                  10
25%     .2380915       .5002736       Sum of wgt.          10

50%     .6634509                      Mean            .613685
                        Largest       Std. dev.      .3836398
75%     .8070096       .7560837
90%     1.141965       .8070096       Variance       .1471795
95%     1.246341       1.037589       Skewness      -.0097768
99%     1.246341       1.246341       Kurtosis       2.160846

                             lb
-------------------------------------------------------------
      Percentiles      Smallest
 1%    -1.499311      -1.499311
 5%    -1.499311       -1.45509
10%      -1.4772      -1.399765       Obs                  10
25%    -1.399765      -1.328448       Sum of wgt.          10

50%    -1.180925                      Mean          -1.040751
                        Largest       Std. dev.      .4629475
75%    -.7464011      -.8886791
90%    -.3639849      -.7464011       Variance       .2143204
95%            0      -.7279697       Skewness       1.111474
99%            0              0       Kurtosis       3.465601
(9 missing values generated)
(9 real changes made)
(7 real changes made)
(1 real change made)
file ../output/figures/all_jrnls/es_ppml/es_ppr_cnt_r1_r2_public_low_tfnd_ppml_medpi_mshrctrl.pdf saved as PDF format
file ../temp/es_ppr_cnt_r1_r2_public_low_tfnd_ppml_medpi_mshrctrl.dta saved
(13,450 missing values generated)
(13,450 missing values generated)
(13,450 missing values generated)
(13,450 missing values generated)
(13,450 missing values generated)
Iteration 1:   deviance = 7.0684e+04  eps = .         iters = 3    tol = 1.0e-04  min(eta) =  -1.54  P   
Iteration 2:   deviance = 6.8739e+04  eps = 2.83e-02  iters = 2    tol = 1.0e-04  min(eta) =  -1.86      
Iteration 3:   deviance = 6.8723e+04  eps = 2.41e-04  iters = 2    tol = 1.0e-04  min(eta) =  -1.93      
Iteration 4:   deviance = 6.8723e+04  eps = 1.24e-07  iters = 2    tol = 1.0e-04  min(eta) =  -1.93      
Iteration 5:   deviance = 6.8723e+04  eps = 4.30e-13  iters = 2    tol = 1.0e-05  min(eta) =  -1.93   S  
Iteration 6:   deviance = 6.8723e+04  eps = 1.95e-16  iters = 2    tol = 1.0e-08  min(eta) =  -1.93   S O
------------------------------------------------------------------------------------------------------------
(legend: p: exact partial-out   s: exact solver   h: step-halving   o: epsilon below tolerance)
Converged in 6 iterations and 13 HDFE sub-iterations (tol = 1.0e-08)

HDFE PPML regression                              No. of obs      =     63,090
Absorbing 2 HDFE groups                           Residual df     =      6,308
Statistics robust to heteroskedasticity           Wald chi2(5)    =      11.64
Deviance             =  68722.88638               Prob > chi2     =     0.0401
Log pseudolikelihood = -94857.21518               Pseudo R2       =     0.1942

Number of clusters (athr_id)=      6,309
                            (Std. err. adjusted for 6,309 clusters in athr_id)
------------------------------------------------------------------------------
             |               Robust
     ppr_cnt | Coefficient  std. err.      z    P>|z|     [95% conf. interval]
-------------+----------------------------------------------------------------
   Z_hiw_lsf |   -.609799   .2499095    -2.44   0.015    -1.099613   -.1199854
   Z_low_lsf |  -.0529863   .2629998    -0.20   0.840    -.5684564    .4624837
   S_hiw_lsf |  -.1285898   .1022054    -1.26   0.208    -.3289086    .0717291
   S_low_lsf |  -.0196464   .1116323    -0.18   0.860    -.2384416    .1991488
  PT_hiw_lsf |   .0844712   .0509094     1.66   0.097    -.0153093    .1842518
       _cons |   .7598989   .0189504    40.10   0.000     .7227568    .7970411
------------------------------------------------------------------------------

Absorbed degrees of freedom:
-----------------------------------------------------+
 Absorbed FE | Categories  - Redundant  = Num. Coefs |
-------------+---------------------------------------|
     athr_id |      6309        6309           0    *|
        year |        10           1           9     |
-----------------------------------------------------+
* = FE nested within cluster; treated as redundant for DoF computation
N = 31,600; 3,160 balanced groups of size 10
N = 31,600; 13 unbalanced groups of sizes 1,200 to 3,960
pooled-DiD int PPML all_jrnls_r1_r2_public ppr_cnt hiw_lsf med_pi: b= -0.6098 (se=  0.2499)   N=    63090 PIs=3160 Insts=13
N = 31,490; 3,149 balanced groups of size 10
N = 31,490; 95 unbalanced groups of sizes 10 to 1,610
pooled-DiD int PPML all_jrnls_r1_r2_public ppr_cnt low_lsf med_pi: b= -0.0530 (se=  0.2630)   N=    63090 PIs=3149 Insts=95
Iteration 1:   deviance = 7.0644e+04  eps = .         iters = 3    tol = 1.0e-04  min(eta) =  -1.56  P   
Iteration 2:   deviance = 6.8697e+04  eps = 2.83e-02  iters = 2    tol = 1.0e-04  min(eta) =  -1.89      
Iteration 3:   deviance = 6.8680e+04  eps = 2.43e-04  iters = 2    tol = 1.0e-04  min(eta) =  -1.95      
Iteration 4:   deviance = 6.8680e+04  eps = 1.26e-07  iters = 2    tol = 1.0e-04  min(eta) =  -1.95      
Iteration 5:   deviance = 6.8680e+04  eps = 4.49e-13  iters = 2    tol = 1.0e-05  min(eta) =  -1.95   S  
Iteration 6:   deviance = 6.8680e+04  eps = 0.00e+00  iters = 2    tol = 1.0e-08  min(eta) =  -1.95   S O
------------------------------------------------------------------------------------------------------------
(legend: p: exact partial-out   s: exact solver   h: step-halving   o: epsilon below tolerance)
Converged in 6 iterations and 13 HDFE sub-iterations (tol = 1.0e-08)

HDFE PPML regression                              No. of obs      =     63,090
Absorbing 2 HDFE groups                           Residual df     =      6,308
Statistics robust to heteroskedasticity           Wald chi2(37)   =      51.72
Deviance             =  68680.49069               Prob > chi2     =     0.0547
Log pseudolikelihood = -94836.01734               Pseudo R2       =     0.1944

Number of clusters (athr_id)=      6,309
                                  (Std. err. adjusted for 6,309 clusters in athr_id)
------------------------------------------------------------------------------------
                   |               Robust
           ppr_cnt | Coefficient  std. err.      z    P>|z|     [95% conf. interval]
-------------------+----------------------------------------------------------------
 int_lead4_hiw_lsf |  -.5316113   .3958033    -1.34   0.179    -1.307371    .2441488
 int_lead3_hiw_lsf |  -.9248561   .3914997    -2.36   0.018    -1.692181   -.1575308
 int_lead2_hiw_lsf |  -.2544123   .3524835    -0.72   0.470    -.9452673    .4364427
  int_lag0_hiw_lsf |  -.6780037   .3947955    -1.72   0.086    -1.451789    .0957813
  int_lag1_hiw_lsf |   -1.25158   .4094163    -3.06   0.002    -2.054021   -.4491383
  int_lag2_hiw_lsf |  -.7783363   .4544857    -1.71   0.087    -1.669112    .1124392
  int_lag3_hiw_lsf |  -.9154186   .4889085    -1.87   0.061    -1.873662    .0428243
  int_lag4_hiw_lsf |  -1.015261   .4984554    -2.04   0.042    -1.992215   -.0383061
  int_lag5_hiw_lsf |   -1.70375   .5019438    -3.39   0.001    -2.687542   -.7199583
 int_lead4_low_lsf |  -.1256423   .3963457    -0.32   0.751    -.9024655     .651181
 int_lead3_low_lsf |  -.3349341    .361774    -0.93   0.355    -1.043998      .37413
 int_lead2_low_lsf |   .2133646   .3626352     0.59   0.556    -.4973873    .9241166
  int_lag0_low_lsf |  -.2180226   .4150117    -0.53   0.599    -1.031431    .5953854
  int_lag1_low_lsf |   .0822885   .4288092     0.19   0.848    -.7581621     .922739
  int_lag2_low_lsf |  -.0664001    .489907    -0.14   0.892      -1.0266       .8938
  int_lag3_low_lsf |  -.2692909   .5019408    -0.54   0.592    -1.253077     .714495
  int_lag4_low_lsf |  -.1184341   .5089096    -0.23   0.816    -1.115879    .8790104
  int_lag5_low_lsf |  -.1055415   .5069627    -0.21   0.835     -1.09917    .8880871
mshr_lead4_hiw_lsf |   .1258986   .1201806     1.05   0.295    -.1096511    .3614482
mshr_lead3_hiw_lsf |   .0866032   .1149746     0.75   0.451    -.1387427    .3119492
mshr_lead2_hiw_lsf |   .0264545   .1067736     0.25   0.804     -.182818    .2357269
 mshr_lag0_hiw_lsf |  -.0285135   .1397586    -0.20   0.838    -.3024353    .2454083
 mshr_lag1_hiw_lsf |   .1226864   .1381282     0.89   0.374    -.1480399    .3934128
 mshr_lag2_hiw_lsf |  -.1817497   .1549735    -1.17   0.241    -.4854921    .1219928
 mshr_lag3_hiw_lsf |  -.2783312   .1591705    -1.75   0.080    -.5902997    .0336373
 mshr_lag4_hiw_lsf |  -.1667421   .1675427    -1.00   0.320    -.4951198    .1616357
 mshr_lag5_hiw_lsf |   .0815583   .1712952     0.48   0.634    -.2541742    .4172908
mshr_lead4_low_lsf |   .1091189   .1150516     0.95   0.343    -.1163781     .334616
mshr_lead3_low_lsf |   .1442415   .1064939     1.35   0.176    -.0644828    .3529658
mshr_lead2_low_lsf |   .1430411   .1065344     1.34   0.179    -.0657624    .3518446
 mshr_lag0_low_lsf |   .2054407   .1384836     1.48   0.138    -.0659822    .4768636
 mshr_lag1_low_lsf |   .2156994   .1459077     1.48   0.139    -.0702745    .5016733
 mshr_lag2_low_lsf |   .0767587   .1550408     0.50   0.621    -.2271156    .3806331
 mshr_lag3_low_lsf |  -.0655809   .1685005    -0.39   0.697    -.3958358     .264674
 mshr_lag4_low_lsf |  -.0435484    .181647    -0.24   0.811      -.39957    .3124731
 mshr_lag5_low_lsf |   .0174768   .1817209     0.10   0.923    -.3386896    .3736431
        PT_hiw_lsf |   .0847401   .0509577     1.66   0.096    -.0151351    .1846152
             _cons |   .7421281   .0275778    26.91   0.000     .6880766    .7961796
------------------------------------------------------------------------------------

Absorbed degrees of freedom:
-----------------------------------------------------+
 Absorbed FE | Categories  - Redundant  = Num. Coefs |
-------------+---------------------------------------|
     athr_id |      6309        6309           0    *|
        year |        10           1           9     |
-----------------------------------------------------+
* = FE nested within cluster; treated as redundant for DoF computation
N = 31,600; 3,160 balanced groups of size 10
N = 31,600; 13 unbalanced groups of sizes 1,200 to 3,960

                        (sum) ppr_cnt
-------------------------------------------------------------
      Percentiles      Smallest
 1%            0              0
 5%            0              0
10%            0              0       Obs              12,640
25%            1              0       Sum of wgt.      12,640

50%            2                      Mean            2.16962
                        Largest       Std. dev.      1.865404
75%            3             16
90%            4             17       Variance       3.479732
95%            6             17       Skewness         1.9415
99%            9             17       Kurtosis       9.407497
(76,530 observations deleted)

                             ub
-------------------------------------------------------------
      Percentiles      Smallest
 1%    -.7199402      -.7199402
 5%    -.7199402      -.4491235
10%    -.5845319      -.1575167       Obs                  10
25%    -.1575167      -.0382882       Sum of wgt.          10

50%      .021421                      Mean          -.0433157
                        Largest       Std. dev.      .3335513
75%     .1124556       .0957955
90%     .3403092       .1124556       Variance       .1112565
95%     .4364554        .244163       Skewness      -.7470621
99%     .4364554       .4364554       Kurtosis       2.969469

                             lb
-------------------------------------------------------------
      Percentiles      Smallest
 1%     -2.68756       -2.68756
 5%     -2.68756      -2.054035
10%    -2.370798      -1.992233       Obs                  10
25%    -1.992233      -1.873679       Sum of wgt.          10

50%    -1.680662                      Mean           -1.56733
                        Largest       Std. dev.      .7239192
75%    -1.307386      -1.451803
90%      -.47264      -1.307386       Variance       .5240591
95%            0        -.94528       Skewness       .7657628
99%            0              0       Kurtosis       3.534017
(9 missing values generated)
(9 real changes made)
(7 real changes made)
(1 real change made)
file ../output/figures/all_jrnls/es_ppml/es_ppr_cnt_r1_r2_public_hiw_lsf_ppml_medpi_mshrctrl.pdf saved as PDF format
file ../temp/es_ppr_cnt_r1_r2_public_hiw_lsf_ppml_medpi_mshrctrl.dta saved
N = 31,490; 3,149 balanced groups of size 10
N = 31,490; 95 unbalanced groups of sizes 10 to 1,610

                        (sum) ppr_cnt
-------------------------------------------------------------
      Percentiles      Smallest
 1%            0              0
 5%            0              0
10%            0              0       Obs              12,596
25%            1              0       Sum of wgt.      12,596

50%            2                      Mean           2.144808
                        Largest       Std. dev.      1.845692
75%            3             16
90%            4             17       Variance        3.40658
95%            6             18       Skewness       2.015011
99%            9             21       Kurtosis       10.22841
(76,530 observations deleted)

                             ub
-------------------------------------------------------------
      Percentiles      Smallest
 1%            0              0
 5%            0        .374143
10%     .1870715       .5954004       Obs                  10
25%     .5954004       .6511953       Sum of wgt.          10

50%     .7967709                      Mean           .6843087
                        Largest       Std. dev.      .3003901
75%     .8938177       .8881053
90%      .923442       .8938177       Variance       .0902342
95%     .9241296       .9227544       Skewness      -1.290252
99%     .9241296       .9241296       Kurtosis       3.642562

                             lb
-------------------------------------------------------------
      Percentiles      Smallest
 1%    -1.253095      -1.253095
 5%    -1.253095      -1.115897
10%    -1.184496      -1.099188       Obs                  10
25%    -1.099188      -1.044011       Sum of wgt.          10

50%    -1.029032                      Mean          -.8728312
                        Largest       Std. dev.      .3726538
75%    -.7581775      -.9024798
90%    -.2487002      -.7581775       Variance       .1388708
95%            0      -.4974003       Skewness       1.416214
99%            0              0       Kurtosis       4.029897
(9 missing values generated)
(9 real changes made)
(7 real changes made)
(1 real change made)
file ../output/figures/all_jrnls/es_ppml/es_ppr_cnt_r1_r2_public_low_lsf_ppml_medpi_mshrctrl.pdf saved as PDF format
file ../temp/es_ppr_cnt_r1_r2_public_low_lsf_ppml_medpi_mshrctrl.dta saved
(1,790 missing values generated)
(1,790 missing values generated)
(1,790 missing values generated)
(1,790 missing values generated)
(1,790 missing values generated)
Iteration 1:   deviance = 8.3209e+04  eps = .         iters = 3    tol = 1.0e-04  min(eta) =  -1.54  P   
Iteration 2:   deviance = 8.0908e+04  eps = 2.84e-02  iters = 2    tol = 1.0e-04  min(eta) =  -1.84      
Iteration 3:   deviance = 8.0889e+04  eps = 2.44e-04  iters = 2    tol = 1.0e-04  min(eta) =  -1.90      
Iteration 4:   deviance = 8.0889e+04  eps = 1.23e-07  iters = 2    tol = 1.0e-04  min(eta) =  -1.90      
Iteration 5:   deviance = 8.0889e+04  eps = 4.46e-13  iters = 2    tol = 1.0e-05  min(eta) =  -1.90   S  
Iteration 6:   deviance = 8.0889e+04  eps = 1.64e-16  iters = 2    tol = 1.0e-08  min(eta) =  -1.90   S O
------------------------------------------------------------------------------------------------------------
(legend: p: exact partial-out   s: exact solver   h: step-halving   o: epsilon below tolerance)
Converged in 6 iterations and 13 HDFE sub-iterations (tol = 1.0e-08)

HDFE PPML regression                              No. of obs      =     74,750
Absorbing 2 HDFE groups                           Residual df     =      7,474
Statistics robust to heteroskedasticity           Wald chi2(5)    =      15.93
Deviance             =   80888.7515               Prob > chi2     =     0.0071
Log pseudolikelihood = -111463.4354               Pseudo R2       =     0.1940

Number of clusters (athr_id)=      7,475
                            (Std. err. adjusted for 7,475 clusters in athr_id)
------------------------------------------------------------------------------
             |               Robust
     ppr_cnt | Coefficient  std. err.      z    P>|z|     [95% conf. interval]
-------------+----------------------------------------------------------------
 Z_hiw_endow |  -.5458118   .2230201    -2.45   0.014    -.9829232   -.1087004
 Z_low_endow |  -.1265717   .2536431    -0.50   0.618    -.6237031    .3705598
 S_hiw_endow |  -.1204479   .0918066    -1.31   0.190    -.3003855    .0594897
 S_low_endow |   .0859042   .1064389     0.81   0.420    -.1227122    .2945206
PT_hiw_endow |      .1191   .0469435     2.54   0.011     .0270925    .2111076
       _cons |   .7259496    .017634    41.17   0.000     .6913877    .7605116
------------------------------------------------------------------------------

Absorbed degrees of freedom:
-----------------------------------------------------+
 Absorbed FE | Categories  - Redundant  = Num. Coefs |
-------------+---------------------------------------|
     athr_id |      7475        7475           0    *|
        year |        10           1           9     |
-----------------------------------------------------+
* = FE nested within cluster; treated as redundant for DoF computation
N = 37,900; 3,790 balanced groups of size 10
N = 37,900; 28 unbalanced groups of sizes 50 to 3,960
pooled-DiD int PPML all_jrnls_r1_r2_public ppr_cnt hiw_endow med_pi: b= -0.5458 (se=  0.2230)   N=    74750 PIs=3790 Insts=28
N = 36,850; 3,685 balanced groups of size 10
N = 36,850; 106 unbalanced groups of sizes 10 to 2,740
pooled-DiD int PPML all_jrnls_r1_r2_public ppr_cnt low_endow med_pi: b= -0.1266 (se=  0.2536)   N=    74750 PIs=3685 Insts=106
Iteration 1:   deviance = 8.3160e+04  eps = .         iters = 3    tol = 1.0e-04  min(eta) =  -1.58  P   
Iteration 2:   deviance = 8.0858e+04  eps = 2.85e-02  iters = 2    tol = 1.0e-04  min(eta) =  -1.89      
Iteration 3:   deviance = 8.0839e+04  eps = 2.44e-04  iters = 2    tol = 1.0e-04  min(eta) =  -1.96      
Iteration 4:   deviance = 8.0839e+04  eps = 1.23e-07  iters = 2    tol = 1.0e-04  min(eta) =  -1.96      
Iteration 5:   deviance = 8.0839e+04  eps = 4.40e-13  iters = 2    tol = 1.0e-05  min(eta) =  -1.96   S  
Iteration 6:   deviance = 8.0839e+04  eps = 1.64e-16  iters = 2    tol = 1.0e-08  min(eta) =  -1.96   S O
------------------------------------------------------------------------------------------------------------
(legend: p: exact partial-out   s: exact solver   h: step-halving   o: epsilon below tolerance)
Converged in 6 iterations and 13 HDFE sub-iterations (tol = 1.0e-08)

HDFE PPML regression                              No. of obs      =     74,750
Absorbing 2 HDFE groups                           Residual df     =      7,474
Statistics robust to heteroskedasticity           Wald chi2(37)   =      63.79
Deviance             =  80838.71143               Prob > chi2     =     0.0040
Log pseudolikelihood = -111438.4153               Pseudo R2       =     0.1942

Number of clusters (athr_id)=      7,475
                                    (Std. err. adjusted for 7,475 clusters in athr_id)
--------------------------------------------------------------------------------------
                     |               Robust
             ppr_cnt | Coefficient  std. err.      z    P>|z|     [95% conf. interval]
---------------------+----------------------------------------------------------------
 int_lead4_hiw_endow |  -.4249568   .3570592    -1.19   0.234     -1.12478    .2748664
 int_lead3_hiw_endow |  -.8830601   .3497226    -2.53   0.012    -1.568504   -.1976164
 int_lead2_hiw_endow |  -.1463527   .3191781    -0.46   0.647    -.7719303    .4792248
  int_lag0_hiw_endow |  -.4651447   .3563065    -1.31   0.192    -1.163493    .2332032
  int_lag1_hiw_endow |  -1.199273   .3524814    -3.40   0.001    -1.890124   -.5084225
  int_lag2_hiw_endow |  -.4462038   .3950578    -1.13   0.259    -1.220503    .3280953
  int_lag3_hiw_endow |  -1.206175   .4324665    -2.79   0.005    -2.053794   -.3585563
  int_lag4_hiw_endow |   -.871884   .4561767    -1.91   0.056    -1.765974     .022206
  int_lag5_hiw_endow |  -1.397511   .4524243    -3.09   0.002    -2.284246   -.5107756
 int_lead4_low_endow |   .0861318     .38088     0.23   0.821    -.6603794    .8326429
 int_lead3_low_endow |  -.0830487   .3473804    -0.24   0.811    -.7639017    .5978043
 int_lead2_low_endow |   .0789356   .3508895     0.22   0.822    -.6087951    .7666663
  int_lag0_low_endow |  -.4627522   .3900191    -1.19   0.235    -1.227176    .3016711
  int_lag1_low_endow |   .4886024   .4113543     1.19   0.235    -.3176373    1.294842
  int_lag2_low_endow |   .0959991   .4719009     0.20   0.839    -.8289096    1.020908
  int_lag3_low_endow |  -.0775644   .4781036    -0.16   0.871     -1.01463    .8595016
  int_lag4_low_endow |  -.3370489   .4964931    -0.68   0.497    -1.310157    .6360597
  int_lag5_low_endow |   -.443812    .495898    -0.89   0.371    -1.415754    .5281302
mshr_lead4_hiw_endow |   .1475353   .1079597     1.37   0.172    -.0640618    .3591324
mshr_lead3_hiw_endow |   .0574743   .1035293     0.56   0.579    -.1454395    .2603881
mshr_lead2_hiw_endow |   .0783157   .0985199     0.79   0.427    -.1147797    .2714111
 mshr_lag0_hiw_endow |  -.0422293   .1273474    -0.33   0.740    -.2918257    .2073671
 mshr_lag1_hiw_endow |   .1330001   .1255014     1.06   0.289     -.112978    .3789783
 mshr_lag2_hiw_endow |  -.1450921   .1358758    -1.07   0.286    -.4114037    .1212196
 mshr_lag3_hiw_endow |  -.2012478   .1421593    -1.42   0.157    -.4798749    .0773794
 mshr_lag4_hiw_endow |  -.0894131   .1507782    -0.59   0.553    -.3849329    .2061066
 mshr_lag5_hiw_endow |   .0114283   .1568064     0.07   0.942    -.2959066    .3187631
mshr_lead4_low_endow |   .0515653   .1081995     0.48   0.634    -.1605018    .2636325
mshr_lead3_low_endow |   .0843315   .0994848     0.85   0.397     -.110655    .2793181
mshr_lead2_low_endow |   .1279285   .1006068     1.27   0.204    -.0692573    .3251143
 mshr_lag0_low_endow |   .3209516   .1295918     2.48   0.013     .0669564    .5749469
 mshr_lag1_low_endow |   .2320411   .1361277     1.70   0.088    -.0347644    .4988465
 mshr_lag2_low_endow |   .0303782   .1493941     0.20   0.839    -.2624289    .3231853
 mshr_lag3_low_endow |   .0651593   .1603621     0.41   0.685    -.2491446    .3794632
 mshr_lag4_low_endow |   .0935093   .1719791     0.54   0.587    -.2435636    .4305822
 mshr_lag5_low_endow |    .098492   .1704505     0.58   0.563    -.2355849    .4325689
        PT_hiw_endow |   .1189469   .0469793     2.53   0.011     .0268691    .2110247
               _cons |    .709684   .0253298    28.02   0.000     .6600385    .7593295
--------------------------------------------------------------------------------------

Absorbed degrees of freedom:
-----------------------------------------------------+
 Absorbed FE | Categories  - Redundant  = Num. Coefs |
-------------+---------------------------------------|
     athr_id |      7475        7475           0    *|
        year |        10           1           9     |
-----------------------------------------------------+
* = FE nested within cluster; treated as redundant for DoF computation
N = 37,900; 3,790 balanced groups of size 10
N = 37,900; 28 unbalanced groups of sizes 50 to 3,960

                        (sum) ppr_cnt
-------------------------------------------------------------
      Percentiles      Smallest
 1%            0              0
 5%            0              0
10%            0              0       Obs              15,160
25%            1              0       Sum of wgt.      15,160

50%            2                      Mean           2.146636
                        Largest       Std. dev.      1.835095
75%            3             16
90%            4             16       Variance       3.367572
95%            6             16       Skewness       1.904511
99%            9             17       Kurtosis       8.987401
(76,530 observations deleted)

                             ub
-------------------------------------------------------------
      Percentiles      Smallest
 1%    -.5107593      -.5107593
 5%    -.5107593      -.5084098
10%    -.5095845      -.3585409       Obs                  10
25%    -.3585409      -.1976038       Sum of wgt.          10

50%     .0111112                      Mean           -.023765
                        Largest       Std. dev.      .3573159
75%     .2748792        .233216
90%     .4036729       .2748792       Variance       .1276747
95%     .4792363       .3281095       Skewness      -.1477616
99%     .4792363       .4792363       Kurtosis       1.640109

                             lb
-------------------------------------------------------------
      Percentiles      Smallest
 1%    -2.284262      -2.284262
 5%    -2.284262      -2.053809
10%    -2.169036      -1.890137       Obs                  10
25%    -1.890137       -1.76599       Sum of wgt.          10

50%    -1.394517                      Mean          -1.384347
                        Largest       Std. dev.      .6772376
75%    -1.124793      -1.163505
90%    -.3859709      -1.124793       Variance       .4586508
95%            0      -.7719418       Skewness       .6392178
99%            0              0       Kurtosis       2.796771
(9 missing values generated)
(9 real changes made)
(7 real changes made)
(1 real change made)
file ../output/figures/all_jrnls/es_ppml/es_ppr_cnt_r1_r2_public_hiw_endow_ppml_medpi_mshrctrl.pdf saved as PDF format
file ../temp/es_ppr_cnt_r1_r2_public_hiw_endow_ppml_medpi_mshrctrl.dta saved
N = 36,850; 3,685 balanced groups of size 10
N = 36,850; 106 unbalanced groups of sizes 10 to 2,740

                        (sum) ppr_cnt
-------------------------------------------------------------
      Percentiles      Smallest
 1%            0              0
 5%            0              0
10%            0              0       Obs              14,740
25%            1              0       Sum of wgt.      14,740

50%            2                      Mean           2.092877
                        Largest       Std. dev.      1.824066
75%            3             17
90%            4             17       Variance       3.327217
95%            6             18       Skewness       2.127553
99%            9             21       Kurtosis       11.29656
(76,530 observations deleted)

                             ub
-------------------------------------------------------------
      Percentiles      Smallest
 1%            0              0
 5%            0       .3016852
10%     .1508426       .5281481       Obs                  10
25%     .5281481       .5978168       Sum of wgt.          10

50%     .7013782                      Mean           .6838364
                        Largest       Std. dev.      .3643015
75%     .8595188       .8326566
90%     1.157891       .8595188       Variance       .1327156
95%     1.294857       1.020925       Skewness      -.2529037
99%     1.294857       1.294857       Kurtosis       2.764753

                             lb
-------------------------------------------------------------
      Percentiles      Smallest
 1%    -1.415772      -1.415772
 5%    -1.415772      -1.310175
10%    -1.362974       -1.22719       Obs                  10
25%     -1.22719      -1.014647       Sum of wgt.          10

50%    -.7964204                      Mean          -.8147478
                        Largest       Std. dev.      .4468018
75%    -.6088077      -.6603931
90%     -.158826      -.6088077       Variance       .1996319
95%            0      -.3176521       Skewness       .3405578
99%            0              0       Kurtosis       2.246994
(9 missing values generated)
(9 real changes made)
(7 real changes made)
(1 real change made)
file ../output/figures/all_jrnls/es_ppml/es_ppr_cnt_r1_r2_public_low_endow_ppml_medpi_mshrctrl.pdf saved as PDF format
file ../temp/es_ppr_cnt_r1_r2_public_low_endow_ppml_medpi_mshrctrl.dta saved
(13,390 missing values generated)
(13,390 missing values generated)
(13,390 missing values generated)
(13,390 missing values generated)
(13,390 missing values generated)
(13,390 missing values generated)
(13,390 missing values generated)
(13,390 missing values generated)
(13,390 missing values generated)
(13,390 missing values generated)
(13,390 missing values generated)
(13,390 missing values generated)
Iteration 1:   deviance = 7.0576e+04  eps = .         iters = 3    tol = 1.0e-04  min(eta) =  -1.56  P   
Iteration 2:   deviance = 6.8641e+04  eps = 2.82e-02  iters = 2    tol = 1.0e-04  min(eta) =  -1.88      
Iteration 3:   deviance = 6.8625e+04  eps = 2.37e-04  iters = 2    tol = 1.0e-04  min(eta) =  -1.94      
Iteration 4:   deviance = 6.8625e+04  eps = 1.25e-07  iters = 2    tol = 1.0e-04  min(eta) =  -1.94      
Iteration 5:   deviance = 6.8625e+04  eps = 5.90e-13  iters = 2    tol = 1.0e-05  min(eta) =  -1.94   S  
Iteration 6:   deviance = 6.8625e+04  eps = 1.95e-16  iters = 2    tol = 1.0e-08  min(eta) =  -1.94   S O
------------------------------------------------------------------------------------------------------------
(legend: p: exact partial-out   s: exact solver   h: step-halving   o: epsilon below tolerance)
Converged in 6 iterations and 13 HDFE sub-iterations (tol = 1.0e-08)

HDFE PPML regression                              No. of obs      =     63,150
Absorbing 2 HDFE groups                           Residual df     =      6,314
Statistics robust to heteroskedasticity           Wald chi2(11)   =      86.59
Deviance             =  68625.12499               Prob > chi2     =     0.0000
Log pseudolikelihood = -94856.58999               Pseudo R2       =     0.1949

Number of clusters (athr_id)=      6,315
                            (Std. err. adjusted for 6,315 clusters in athr_id)
------------------------------------------------------------------------------
             |               Robust
     ppr_cnt | Coefficient  std. err.      z    P>|z|     [95% conf. interval]
-------------+----------------------------------------------------------------
 Z_y_hi_tfnd |  -.9553521   .3230974    -2.96   0.003    -1.588611   -.3220928
 Z_y_lo_tfnd |  -.1206667   .3743792    -0.32   0.747    -.8544364     .613103
 Z_o_hi_tfnd |  -.2065668   .3349487    -0.62   0.537    -.8630542    .4499205
 Z_o_lo_tfnd |  -.0729043   .4349976    -0.17   0.867    -.9254839    .7796752
 S_y_hi_tfnd |  -.0828091    .151339    -0.55   0.584    -.3794281      .21381
 S_y_lo_tfnd |   -.109824   .1761941    -0.62   0.533     -.455158    .2355101
 S_o_hi_tfnd |  -.2685016   .1267309    -2.12   0.034    -.5168896   -.0201136
 S_o_lo_tfnd |   .1297509   .1483514     0.87   0.382    -.1610125    .4205143
PT_y_hi_tfnd |   .2883223    .072744     3.96   0.000     .1457467    .4308979
PT_y_lo_tfnd |   .1753053   .0778374     2.25   0.024     .0227468    .3278638
PT_o_hi_tfnd |    .159634   .0665887     2.40   0.017     .0291225    .2901455
       _cons |   .7044302   .0257879    27.32   0.000      .653887    .7549735
------------------------------------------------------------------------------

Absorbed degrees of freedom:
-----------------------------------------------------+
 Absorbed FE | Categories  - Redundant  = Num. Coefs |
-------------+---------------------------------------|
     athr_id |      6315        6315           0    *|
        year |        10           1           9     |
-----------------------------------------------------+
* = FE nested within cluster; treated as redundant for DoF computation
N = 14,530; 1,453 balanced groups of size 10
N = 14,530; 14 unbalanced groups of sizes 490 to 1,980
joint-ae PPML all_jrnls_r1_r2_public ppr_cnt y_hi_tfnd: b= -0.9554 (se=  0.3231)   N=    63150 PIs=1453 Insts=14
N = 15,630; 1,563 balanced groups of size 10
N = 15,630; 91 unbalanced groups of sizes 10 to 760
joint-ae PPML all_jrnls_r1_r2_public ppr_cnt y_lo_tfnd: b= -0.1207 (se=  0.3744)   N=    63150 PIs=1563 Insts=91
N = 17,750; 1,775 balanced groups of size 10
N = 17,750; 14 unbalanced groups of sizes 220 to 2,120
joint-ae PPML all_jrnls_r1_r2_public ppr_cnt o_hi_tfnd: b= -0.2066 (se=  0.3349)   N=    63150 PIs=1775 Insts=14
N = 15,240; 1,524 balanced groups of size 10
N = 15,240; 84 unbalanced groups of sizes 10 to 960
joint-ae PPML all_jrnls_r1_r2_public ppr_cnt o_lo_tfnd: b= -0.0729 (se=  0.4350)   N=    63150 PIs=1524 Insts=84

 ( 1)  Z_y_hi_tfnd - Z_y_lo_tfnd = 0

------------------------------------------------------------------------------
     ppr_cnt | Coefficient  Std. err.      z    P>|z|     [95% conf. interval]
-------------+----------------------------------------------------------------
         (1) |  -.8346854   .4945217    -1.69   0.091     -1.80393    .1345593
------------------------------------------------------------------------------
joint-ae DIFF all_jrnls_r1_r2_public ppr_cnt y_tfnd: b= -0.8347 (se=  0.4945) p=0.0914

 ( 1)  Z_o_hi_tfnd - Z_o_lo_tfnd = 0

------------------------------------------------------------------------------
     ppr_cnt | Coefficient  Std. err.      z    P>|z|     [95% conf. interval]
-------------+----------------------------------------------------------------
         (1) |  -.1336625   .5490114    -0.24   0.808    -1.209705    .9423801
------------------------------------------------------------------------------
joint-ae DIFF all_jrnls_r1_r2_public ppr_cnt o_tfnd: b= -0.1337 (se=  0.5490) p=0.8076
(13,450 missing values generated)
(13,450 missing values generated)
(13,450 missing values generated)
(13,450 missing values generated)
(13,450 missing values generated)
(13,450 missing values generated)
(13,450 missing values generated)
(13,450 missing values generated)
(13,450 missing values generated)
(13,450 missing values generated)
(13,450 missing values generated)
(13,450 missing values generated)
Iteration 1:   deviance = 7.0543e+04  eps = .         iters = 3    tol = 1.0e-04  min(eta) =  -1.56  P   
Iteration 2:   deviance = 6.8609e+04  eps = 2.82e-02  iters = 2    tol = 1.0e-04  min(eta) =  -1.88      
Iteration 3:   deviance = 6.8592e+04  eps = 2.38e-04  iters = 2    tol = 1.0e-04  min(eta) =  -1.94      
Iteration 4:   deviance = 6.8592e+04  eps = 1.27e-07  iters = 2    tol = 1.0e-04  min(eta) =  -1.94      
Iteration 5:   deviance = 6.8592e+04  eps = 5.65e-13  iters = 2    tol = 1.0e-05  min(eta) =  -1.94   S  
Iteration 6:   deviance = 6.8592e+04  eps = 0.00e+00  iters = 2    tol = 1.0e-08  min(eta) =  -1.94   S O
------------------------------------------------------------------------------------------------------------
(legend: p: exact partial-out   s: exact solver   h: step-halving   o: epsilon below tolerance)
Converged in 6 iterations and 13 HDFE sub-iterations (tol = 1.0e-08)

HDFE PPML regression                              No. of obs      =     63,090
Absorbing 2 HDFE groups                           Residual df     =      6,308
Statistics robust to heteroskedasticity           Wald chi2(11)   =      78.09
Deviance             =  68592.18808               Prob > chi2     =     0.0000
Log pseudolikelihood = -94791.86603               Pseudo R2       =     0.1948

Number of clusters (athr_id)=      6,309
                            (Std. err. adjusted for 6,309 clusters in athr_id)
------------------------------------------------------------------------------
             |               Robust
     ppr_cnt | Coefficient  std. err.      z    P>|z|     [95% conf. interval]
-------------+----------------------------------------------------------------
  Z_y_hi_lsf |  -.8824217   .3577979    -2.47   0.014    -1.583693   -.1811507
  Z_y_lo_lsf |  -.3119347   .3382162    -0.92   0.356    -.9748261    .3509568
  Z_o_hi_lsf |  -.4085179   .3414653    -1.20   0.232    -1.077778    .2607418
  Z_o_lo_lsf |   .2255038   .4166216     0.54   0.588    -.5910595    1.042067
  S_y_hi_lsf |  -.1986603   .1567529    -1.27   0.205    -.5058903    .1085697
  S_y_lo_lsf |  -.0077484   .1669658    -0.05   0.963    -.3349954    .3194985
  S_o_hi_lsf |  -.1383123   .1317372    -1.05   0.294    -.3965124    .1198879
  S_o_lo_lsf |  -.0786866   .1422496    -0.55   0.580    -.3574906    .2001175
 PT_y_hi_lsf |   .2467323   .0731554     3.37   0.001     .1033504    .3901142
 PT_y_lo_lsf |   .0857372   .0751205     1.14   0.254    -.0614964    .2329707
 PT_o_hi_lsf |   .0437182   .0663437     0.66   0.510     -.086313    .1737494
       _cons |   .7409297   .0251212    29.49   0.000      .691693    .7901664
------------------------------------------------------------------------------

Absorbed degrees of freedom:
-----------------------------------------------------+
 Absorbed FE | Categories  - Redundant  = Num. Coefs |
-------------+---------------------------------------|
     athr_id |      6309        6309           0    *|
        year |        10           1           9     |
-----------------------------------------------------+
* = FE nested within cluster; treated as redundant for DoF computation
N = 13,920; 1,392 balanced groups of size 10
N = 13,920; 13 unbalanced groups of sizes 490 to 1,980
joint-ae PPML all_jrnls_r1_r2_public ppr_cnt y_hi_lsf: b= -0.8824 (se=  0.3578)   N=    63090 PIs=1392 Insts=13
N = 16,190; 1,619 balanced groups of size 10
N = 16,190; 91 unbalanced groups of sizes 10 to 770
joint-ae PPML all_jrnls_r1_r2_public ppr_cnt y_lo_lsf: b= -0.3119 (se=  0.3382)   N=    63090 PIs=1619 Insts=91
N = 17,680; 1,768 balanced groups of size 10
N = 17,680; 13 unbalanced groups of sizes 530 to 2,120
joint-ae PPML all_jrnls_r1_r2_public ppr_cnt o_hi_lsf: b= -0.4085 (se=  0.3415)   N=    63090 PIs=1768 Insts=13
N = 15,300; 1,530 balanced groups of size 10
N = 15,300; 84 unbalanced groups of sizes 10 to 960
joint-ae PPML all_jrnls_r1_r2_public ppr_cnt o_lo_lsf: b=  0.2255 (se=  0.4166)   N=    63090 PIs=1530 Insts=84

 ( 1)  Z_y_hi_lsf - Z_y_lo_lsf = 0

------------------------------------------------------------------------------
     ppr_cnt | Coefficient  Std. err.      z    P>|z|     [95% conf. interval]
-------------+----------------------------------------------------------------
         (1) |   -.570487    .492351    -1.16   0.247    -1.535477    .3945032
------------------------------------------------------------------------------
joint-ae DIFF all_jrnls_r1_r2_public ppr_cnt y_lsf: b= -0.5705 (se=  0.4924) p=0.2466

 ( 1)  Z_o_hi_lsf - Z_o_lo_lsf = 0

------------------------------------------------------------------------------
     ppr_cnt | Coefficient  Std. err.      z    P>|z|     [95% conf. interval]
-------------+----------------------------------------------------------------
         (1) |  -.6340217   .5386763    -1.18   0.239    -1.689808    .4217643
------------------------------------------------------------------------------
joint-ae DIFF all_jrnls_r1_r2_public ppr_cnt o_lsf: b= -0.6340 (se=  0.5387) p=0.2392
(1,790 missing values generated)
(1,790 missing values generated)
(1,790 missing values generated)
(1,790 missing values generated)
(1,790 missing values generated)
(1,790 missing values generated)
(1,790 missing values generated)
(1,790 missing values generated)
(1,790 missing values generated)
(1,790 missing values generated)
(1,790 missing values generated)
(1,790 missing values generated)
Iteration 1:   deviance = 8.3074e+04  eps = .         iters = 3    tol = 1.0e-04  min(eta) =  -1.55  P   
Iteration 2:   deviance = 8.0781e+04  eps = 2.84e-02  iters = 2    tol = 1.0e-04  min(eta) =  -1.88      
Iteration 3:   deviance = 8.0761e+04  eps = 2.42e-04  iters = 2    tol = 1.0e-04  min(eta) =  -1.94      
Iteration 4:   deviance = 8.0761e+04  eps = 1.27e-07  iters = 2    tol = 1.0e-04  min(eta) =  -1.94      
Iteration 5:   deviance = 8.0761e+04  eps = 6.07e-13  iters = 2    tol = 1.0e-05  min(eta) =  -1.94   S  
Iteration 6:   deviance = 8.0761e+04  eps = 0.00e+00  iters = 2    tol = 1.0e-08  min(eta) =  -1.94   S O
------------------------------------------------------------------------------------------------------------
(legend: p: exact partial-out   s: exact solver   h: step-halving   o: epsilon below tolerance)
Converged in 6 iterations and 13 HDFE sub-iterations (tol = 1.0e-08)

HDFE PPML regression                              No. of obs      =     74,750
Absorbing 2 HDFE groups                           Residual df     =      7,474
Statistics robust to heteroskedasticity           Wald chi2(11)   =      82.27
Deviance             =  80761.38607               Prob > chi2     =     0.0000
Log pseudolikelihood = -111399.7527               Pseudo R2       =     0.1945

Number of clusters (athr_id)=      7,475
                             (Std. err. adjusted for 7,475 clusters in athr_id)
-------------------------------------------------------------------------------
              |               Robust
      ppr_cnt | Coefficient  std. err.      z    P>|z|     [95% conf. interval]
--------------+----------------------------------------------------------------
 Z_y_hi_endow |  -1.024073   .3024537    -3.39   0.001    -1.616872   -.4312749
 Z_y_lo_endow |  -.3264801   .3450989    -0.95   0.344    -1.002862    .3499014
 Z_o_hi_endow |  -.0349553   .3315286    -0.11   0.916    -.6847394    .6148287
 Z_o_lo_endow |  -.0203639   .3748536    -0.05   0.957    -.7550635    .7143357
 S_y_hi_endow |  -.0644271   .1412605    -0.46   0.648    -.3412927    .2124385
 S_y_lo_endow |  -.0626696   .1626559    -0.39   0.700    -.3814692      .25613
 S_o_hi_endow |  -.2555333   .1211381    -2.11   0.035    -.4929595    -.018107
 S_o_lo_endow |    .208029   .1356262     1.53   0.125    -.0577935    .4738515
PT_y_hi_endow |   .2789721   .0673708     4.14   0.000     .1469278    .4110164
PT_y_lo_endow |   .1970696   .0703417     2.80   0.005     .0592024    .3349368
PT_o_hi_endow |   .1737423   .0613109     2.83   0.005     .0535752    .2939094
        _cons |   .6794223   .0232442    29.23   0.000     .6338645    .7249802
-------------------------------------------------------------------------------

Absorbed degrees of freedom:
-----------------------------------------------------+
 Absorbed FE | Categories  - Redundant  = Num. Coefs |
-------------+---------------------------------------|
     athr_id |      7475        7475           0    *|
        year |        10           1           9     |
-----------------------------------------------------+
* = FE nested within cluster; treated as redundant for DoF computation
N = 17,560; 1,756 balanced groups of size 10
N = 17,560; 28 unbalanced groups of sizes 20 to 1,980
joint-ae PPML all_jrnls_r1_r2_public ppr_cnt y_hi_endow: b= -1.0241 (se=  0.3025)   N=    74750 PIs=1756 Insts=28
N = 18,390; 1,839 balanced groups of size 10
N = 18,390; 102 unbalanced groups of sizes 10 to 1,150
joint-ae PPML all_jrnls_r1_r2_public ppr_cnt y_lo_endow: b= -0.3265 (se=  0.3451)   N=    74750 PIs=1839 Insts=102
N = 20,340; 2,034 balanced groups of size 10
N = 20,340; 28 unbalanced groups of sizes 10 to 2,120
joint-ae PPML all_jrnls_r1_r2_public ppr_cnt o_hi_endow: b= -0.0350 (se=  0.3315)   N=    74750 PIs=2034 Insts=28
N = 18,460; 1,846 balanced groups of size 10
N = 18,460; 94 unbalanced groups of sizes 10 to 1,590
joint-ae PPML all_jrnls_r1_r2_public ppr_cnt o_lo_endow: b= -0.0204 (se=  0.3749)   N=    74750 PIs=1846 Insts=94

 ( 1)  Z_y_hi_endow - Z_y_lo_endow = 0

------------------------------------------------------------------------------
     ppr_cnt | Coefficient  Std. err.      z    P>|z|     [95% conf. interval]
-------------+----------------------------------------------------------------
         (1) |  -.6975932   .4588807    -1.52   0.128    -1.596983    .2017965
------------------------------------------------------------------------------
joint-ae DIFF all_jrnls_r1_r2_public ppr_cnt y_endow: b= -0.6976 (se=  0.4589) p=0.1285

 ( 1)  Z_o_hi_endow - Z_o_lo_endow = 0

------------------------------------------------------------------------------
     ppr_cnt | Coefficient  Std. err.      z    P>|z|     [95% conf. interval]
-------------+----------------------------------------------------------------
         (1) |  -.0145914   .5004262    -0.03   0.977    -.9954088     .966226
------------------------------------------------------------------------------
joint-ae DIFF all_jrnls_r1_r2_public ppr_cnt o_endow: b= -0.0146 (se=  0.5004) p=0.9767
(13,390 missing values generated)
(13,390 missing values generated)
(13,390 missing values generated)
(13,390 missing values generated)
(13,390 missing values generated)
(13,390 missing values generated)
(13,390 missing values generated)
(13,390 missing values generated)
(13,390 missing values generated)
(13,390 missing values generated)
(13,390 missing values generated)
(13,390 missing values generated)
Iteration 1:   deviance = 7.0647e+04  eps = .         iters = 3    tol = 1.0e-04  min(eta) =  -1.51  P   
Iteration 2:   deviance = 6.8633e+04  eps = 2.94e-02  iters = 3    tol = 1.0e-04  min(eta) =  -1.87      
Iteration 3:   deviance = 6.8615e+04  eps = 2.59e-04  iters = 2    tol = 1.0e-04  min(eta) =  -1.93      
Iteration 4:   deviance = 6.8615e+04  eps = 1.07e-07  iters = 2    tol = 1.0e-04  min(eta) =  -1.94      
Iteration 5:   deviance = 6.8615e+04  eps = 1.58e-13  iters = 2    tol = 1.0e-05  min(eta) =  -1.94   S  
Iteration 6:   deviance = 6.8615e+04  eps = 0.00e+00  iters = 2    tol = 1.0e-08  min(eta) =  -1.94   S O
------------------------------------------------------------------------------------------------------------
(legend: p: exact partial-out   s: exact solver   h: step-halving   o: epsilon below tolerance)
Converged in 6 iterations and 14 HDFE sub-iterations (tol = 1.0e-08)

HDFE PPML regression                              No. of obs      =     63,150
Absorbing 2 HDFE groups                           Residual df     =      6,314
Statistics robust to heteroskedasticity           Wald chi2(11)   =     102.86
Deviance             =  68615.17818               Prob > chi2     =     0.0000
Log pseudolikelihood = -94851.61658               Pseudo R2       =     0.1949

Number of clusters (athr_id)=      6,315
                             (Std. err. adjusted for 6,315 clusters in athr_id)
-------------------------------------------------------------------------------
              |               Robust
      ppr_cnt | Coefficient  std. err.      z    P>|z|     [95% conf. interval]
--------------+----------------------------------------------------------------
 Z_hp_hi_tfnd |  -.6894231   .2618802    -2.63   0.008    -1.202699   -.1761474
 Z_hp_lo_tfnd |   .2902525   .3524937     0.82   0.410    -.4006224    .9811275
 Z_lp_hi_tfnd |  -.0639961   .5005968    -0.13   0.898    -1.045148    .9171556
 Z_lp_lo_tfnd |  -.7119459   .4445158    -1.60   0.109    -1.583181    .1592891
 S_hp_hi_tfnd |  -.1101463   .1129868    -0.97   0.330    -.3315964    .1113039
 S_hp_lo_tfnd |   .1781809   .1458603     1.22   0.222    -.1077002    .4640619
 S_lp_hi_tfnd |  -.0926027   .2056223    -0.45   0.652    -.4956151    .3104096
 S_lp_lo_tfnd |  -.2705988     .17765    -1.52   0.128    -.6187864    .0775887
PT_hp_hi_tfnd |  -.1368571   .0714044    -1.92   0.055     -.276807    .0030929
PT_hp_lo_tfnd |  -.3176375   .0770979    -4.12   0.000    -.4687466   -.1665284
PT_lp_hi_tfnd |   .0009865   .0852817     0.01   0.991    -.1661625    .1681356
        _cons |   .8530798   .0298028    28.62   0.000     .7946674    .9114923
-------------------------------------------------------------------------------

Absorbed degrees of freedom:
-----------------------------------------------------+
 Absorbed FE | Categories  - Redundant  = Num. Coefs |
-------------+---------------------------------------|
     athr_id |      6315        6315           0    *|
        year |        10           1           9     |
-----------------------------------------------------+
* = FE nested within cluster; treated as redundant for DoF computation
N = 18,490; 1,849 balanced groups of size 10
N = 18,490; 14 unbalanced groups of sizes 470 to 2,220
joint-ae-prppr PPML all_jrnls_r1_r2_public ppr_cnt hp_hi_tfnd: b= -0.6894 (se=  0.2619)   N=    63150 PIs=1849 Insts=14
N = 16,080; 1,608 balanced groups of size 10
N = 16,080; 91 unbalanced groups of sizes 10 to 950
joint-ae-prppr PPML all_jrnls_r1_r2_public ppr_cnt hp_lo_tfnd: b=  0.2903 (se=  0.3525)   N=    63150 PIs=1608 Insts=91
N = 13,790; 1,379 balanced groups of size 10
N = 13,790; 14 unbalanced groups of sizes 240 to 1,740
joint-ae-prppr PPML all_jrnls_r1_r2_public ppr_cnt lp_hi_tfnd: b= -0.0640 (se=  0.5006)   N=    63150 PIs=1379 Insts=14
N = 14,790; 1,479 balanced groups of size 10
N = 14,790; 90 unbalanced groups of sizes 10 to 740
joint-ae-prppr PPML all_jrnls_r1_r2_public ppr_cnt lp_lo_tfnd: b= -0.7119 (se=  0.4445)   N=    63150 PIs=1479 Insts=90

 ( 1)  Z_hp_hi_tfnd - Z_lp_hi_tfnd = 0

------------------------------------------------------------------------------
     ppr_cnt | Coefficient  Std. err.      z    P>|z|     [95% conf. interval]
-------------+----------------------------------------------------------------
         (1) |   -.625427   .5649587    -1.11   0.268    -1.732726    .4818718
------------------------------------------------------------------------------
joint-ae-prppr DIFF all_jrnls_r1_r2_public ppr_cnt hires_tfnd (hp-lp): b= -0.6254 se=  0.5650 t= -1.11 p=0.2683 CI95=[-1.733, 0.482]

 ( 1)  Z_hp_lo_tfnd - Z_lp_lo_tfnd = 0

------------------------------------------------------------------------------
     ppr_cnt | Coefficient  Std. err.      z    P>|z|     [95% conf. interval]
-------------+----------------------------------------------------------------
         (1) |   1.002198   .5673148     1.77   0.077    -.1097182    2.114115
------------------------------------------------------------------------------
joint-ae-prppr DIFF all_jrnls_r1_r2_public ppr_cnt lores_tfnd (hp-lp): b=  1.0022 se=  0.5673 t=  1.77 p=0.0773 CI95=[-0.110, 2.114]
(13,450 missing values generated)
(13,450 missing values generated)
(13,450 missing values generated)
(13,450 missing values generated)
(13,450 missing values generated)
(13,450 missing values generated)
(13,450 missing values generated)
(13,450 missing values generated)
(13,450 missing values generated)
(13,450 missing values generated)
(13,450 missing values generated)
(13,450 missing values generated)
Iteration 1:   deviance = 7.0623e+04  eps = .         iters = 3    tol = 1.0e-04  min(eta) =  -1.50  P   
Iteration 2:   deviance = 6.8607e+04  eps = 2.94e-02  iters = 3    tol = 1.0e-04  min(eta) =  -1.85      
Iteration 3:   deviance = 6.8589e+04  eps = 2.60e-04  iters = 2    tol = 1.0e-04  min(eta) =  -1.92      
Iteration 4:   deviance = 6.8589e+04  eps = 1.09e-07  iters = 2    tol = 1.0e-04  min(eta) =  -1.92      
Iteration 5:   deviance = 6.8589e+04  eps = 1.71e-13  iters = 2    tol = 1.0e-05  min(eta) =  -1.92   S  
Iteration 6:   deviance = 6.8589e+04  eps = 1.95e-16  iters = 2    tol = 1.0e-08  min(eta) =  -1.92   S O
------------------------------------------------------------------------------------------------------------
(legend: p: exact partial-out   s: exact solver   h: step-halving   o: epsilon below tolerance)
Converged in 6 iterations and 14 HDFE sub-iterations (tol = 1.0e-08)

HDFE PPML regression                              No. of obs      =     63,090
Absorbing 2 HDFE groups                           Residual df     =      6,308
Statistics robust to heteroskedasticity           Wald chi2(11)   =      91.84
Deviance             =  68589.14428               Prob > chi2     =     0.0000
Log pseudolikelihood = -94790.34413               Pseudo R2       =     0.1948

Number of clusters (athr_id)=      6,309
                            (Std. err. adjusted for 6,309 clusters in athr_id)
------------------------------------------------------------------------------
             |               Robust
     ppr_cnt | Coefficient  std. err.      z    P>|z|     [95% conf. interval]
-------------+----------------------------------------------------------------
 Z_hp_hi_lsf |  -.7540252   .2874497    -2.62   0.009    -1.317416   -.1906341
 Z_hp_lo_lsf |   .2317249   .3163635     0.73   0.464    -.3883361     .851786
 Z_lp_hi_lsf |  -.0818105   .5020439    -0.16   0.871    -1.065799    .9021775
 Z_lp_lo_lsf |  -.7068958   .4447964    -1.59   0.112    -1.578681    .1648891
 S_hp_hi_lsf |  -.0426999   .1210404    -0.35   0.724    -.2799348     .194535
 S_hp_lo_lsf |   .0736494    .135127     0.55   0.586    -.1911947    .3384936
 S_lp_hi_lsf |  -.2191954   .1862637    -1.18   0.239    -.5842655    .1458748
 S_lp_lo_lsf |  -.1785551   .1892494    -0.94   0.345    -.5494771     .192367
PT_hp_hi_lsf |  -.1492919   .0746498    -2.00   0.046    -.2956028    -.002981
PT_hp_lo_lsf |  -.2462495   .0773776    -3.18   0.001    -.3979068   -.0945923
PT_lp_hi_lsf |   .0455591     .08467     0.54   0.591    -.1203911    .2115093
       _cons |   .8440592   .0311647    27.08   0.000     .7829775     .905141
------------------------------------------------------------------------------

Absorbed degrees of freedom:
-----------------------------------------------------+
 Absorbed FE | Categories  - Redundant  = Num. Coefs |
-------------+---------------------------------------|
     athr_id |      6309        6309           0    *|
        year |        10           1           9     |
-----------------------------------------------------+
* = FE nested within cluster; treated as redundant for DoF computation
N = 17,520; 1,752 balanced groups of size 10
N = 17,520; 13 unbalanced groups of sizes 600 to 2,220
joint-ae-prppr PPML all_jrnls_r1_r2_public ppr_cnt hp_hi_lsf: b= -0.7540 (se=  0.2874)   N=    63090 PIs=1752 Insts=13
N = 17,040; 1,704 balanced groups of size 10
N = 17,040; 91 unbalanced groups of sizes 10 to 1,100
joint-ae-prppr PPML all_jrnls_r1_r2_public ppr_cnt hp_lo_lsf: b=  0.2317 (se=  0.3164)   N=    63090 PIs=1704 Insts=91
N = 14,080; 1,408 balanced groups of size 10
N = 14,080; 13 unbalanced groups of sizes 570 to 1,740
joint-ae-prppr PPML all_jrnls_r1_r2_public ppr_cnt lp_hi_lsf: b= -0.0818 (se=  0.5020)   N=    63090 PIs=1408 Insts=13
N = 14,450; 1,445 balanced groups of size 10
N = 14,450; 90 unbalanced groups of sizes 10 to 740
joint-ae-prppr PPML all_jrnls_r1_r2_public ppr_cnt lp_lo_lsf: b= -0.7069 (se=  0.4448)   N=    63090 PIs=1445 Insts=90

 ( 1)  Z_hp_hi_lsf - Z_lp_hi_lsf = 0

------------------------------------------------------------------------------
     ppr_cnt | Coefficient  Std. err.      z    P>|z|     [95% conf. interval]
-------------+----------------------------------------------------------------
         (1) |  -.6722146   .5785114    -1.16   0.245    -1.806076    .4616469
------------------------------------------------------------------------------
joint-ae-prppr DIFF all_jrnls_r1_r2_public ppr_cnt hires_lsf (hp-lp): b= -0.6722 se=  0.5785 t= -1.16 p=0.2452 CI95=[-1.806, 0.462]

 ( 1)  Z_hp_lo_lsf - Z_lp_lo_lsf = 0

------------------------------------------------------------------------------
     ppr_cnt | Coefficient  Std. err.      z    P>|z|     [95% conf. interval]
-------------+----------------------------------------------------------------
         (1) |   .9386207   .5458293     1.72   0.086    -.1311852    2.008427
------------------------------------------------------------------------------
joint-ae-prppr DIFF all_jrnls_r1_r2_public ppr_cnt lores_lsf (hp-lp): b=  0.9386 se=  0.5458 t=  1.72 p=0.0855 CI95=[-0.131, 2.008]
(1,790 missing values generated)
(1,790 missing values generated)
(1,790 missing values generated)
(1,790 missing values generated)
(1,790 missing values generated)
(1,790 missing values generated)
(1,790 missing values generated)
(1,790 missing values generated)
(1,790 missing values generated)
(1,790 missing values generated)
(1,790 missing values generated)
(1,790 missing values generated)
Iteration 1:   deviance = 8.3177e+04  eps = .         iters = 3    tol = 1.0e-04  min(eta) =  -1.49  P   
Iteration 2:   deviance = 8.0792e+04  eps = 2.95e-02  iters = 3    tol = 1.0e-04  min(eta) =  -1.83      
Iteration 3:   deviance = 8.0771e+04  eps = 2.64e-04  iters = 2    tol = 1.0e-04  min(eta) =  -1.89      
Iteration 4:   deviance = 8.0771e+04  eps = 1.11e-07  iters = 2    tol = 1.0e-04  min(eta) =  -1.89      
Iteration 5:   deviance = 8.0771e+04  eps = 1.81e-13  iters = 2    tol = 1.0e-05  min(eta) =  -1.89   S  
Iteration 6:   deviance = 8.0771e+04  eps = 0.00e+00  iters = 2    tol = 1.0e-08  min(eta) =  -1.89   S O
------------------------------------------------------------------------------------------------------------
(legend: p: exact partial-out   s: exact solver   h: step-halving   o: epsilon below tolerance)
Converged in 6 iterations and 14 HDFE sub-iterations (tol = 1.0e-08)

HDFE PPML regression                              No. of obs      =     74,750
Absorbing 2 HDFE groups                           Residual df     =      7,474
Statistics robust to heteroskedasticity           Wald chi2(11)   =      83.61
Deviance             =  80770.83549               Prob > chi2     =     0.0000
Log pseudolikelihood = -111404.4774               Pseudo R2       =     0.1944

Number of clusters (athr_id)=      7,475
                              (Std. err. adjusted for 7,475 clusters in athr_id)
--------------------------------------------------------------------------------
               |               Robust
       ppr_cnt | Coefficient  std. err.      z    P>|z|     [95% conf. interval]
---------------+----------------------------------------------------------------
 Z_hp_hi_endow |  -.6587127   .2605291    -2.53   0.011     -1.16934   -.1480851
 Z_hp_lo_endow |   .0595967   .3068399     0.19   0.846    -.5417984    .6609919
 Z_lp_hi_endow |  -.1616347   .4278584    -0.38   0.706    -1.000222    .6769522
 Z_lp_lo_endow |  -.4428326    .425209    -1.04   0.298    -1.276227    .3905617
 S_hp_hi_endow |  -.0855297   .1076106    -0.79   0.427    -.2964425    .1253831
 S_hp_lo_endow |   .2193122   .1338592     1.64   0.101     -.043047    .4816714
 S_lp_hi_endow |  -.1180747   .1774668    -0.67   0.506    -.4659032    .2297538
 S_lp_lo_endow |  -.1505566   .1604999    -0.94   0.348    -.4651306    .1640175
PT_hp_hi_endow |   -.101373   .0658874    -1.54   0.124      -.23051     .027764
PT_hp_lo_endow |  -.2717918   .0699593    -3.89   0.000    -.4089094   -.1346742
PT_lp_hi_endow |    .012366   .0768479     0.16   0.872     -.138253    .1629851
         _cons |   .8168059   .0270951    30.15   0.000     .7637005    .8699113
--------------------------------------------------------------------------------

Absorbed degrees of freedom:
-----------------------------------------------------+
 Absorbed FE | Categories  - Redundant  = Num. Coefs |
-------------+---------------------------------------|
     athr_id |      7475        7475           0    *|
        year |        10           1           9     |
-----------------------------------------------------+
* = FE nested within cluster; treated as redundant for DoF computation
N = 20,810; 2,081 balanced groups of size 10
N = 20,810; 27 unbalanced groups of sizes 10 to 2,220
joint-ae-prppr PPML all_jrnls_r1_r2_public ppr_cnt hp_hi_endow: b= -0.6587 (se=  0.2605)   N=    74750 PIs=2081 Insts=27
N = 19,160; 1,916 balanced groups of size 10
N = 19,160; 100 unbalanced groups of sizes 10 to 1,600
joint-ae-prppr PPML all_jrnls_r1_r2_public ppr_cnt hp_lo_endow: b=  0.0596 (se=  0.3068)   N=    74750 PIs=1916 Insts=100
N = 17,090; 1,709 balanced groups of size 10
N = 17,090; 28 unbalanced groups of sizes 50 to 1,740
joint-ae-prppr PPML all_jrnls_r1_r2_public ppr_cnt lp_hi_endow: b= -0.1616 (se=  0.4279)   N=    74750 PIs=1709 Insts=28
N = 17,690; 1,769 balanced groups of size 10
N = 17,690; 101 unbalanced groups of sizes 10 to 1,220
joint-ae-prppr PPML all_jrnls_r1_r2_public ppr_cnt lp_lo_endow: b= -0.4428 (se=  0.4252)   N=    74750 PIs=1769 Insts=101

 ( 1)  Z_hp_hi_endow - Z_lp_hi_endow = 0

------------------------------------------------------------------------------
     ppr_cnt | Coefficient  Std. err.      z    P>|z|     [95% conf. interval]
-------------+----------------------------------------------------------------
         (1) |   -.497078   .5009373    -0.99   0.321    -1.478897    .4847411
------------------------------------------------------------------------------
joint-ae-prppr DIFF all_jrnls_r1_r2_public ppr_cnt hires_endow (hp-lp): b= -0.4971 se=  0.5009 t= -0.99 p=0.3211 CI95=[-1.479, 0.485]

 ( 1)  Z_hp_lo_endow - Z_lp_lo_endow = 0

------------------------------------------------------------------------------
     ppr_cnt | Coefficient  Std. err.      z    P>|z|     [95% conf. interval]
-------------+----------------------------------------------------------------
         (1) |   .5024294     .52436     0.96   0.338    -.5252974    1.530156
------------------------------------------------------------------------------
joint-ae-prppr DIFF all_jrnls_r1_r2_public ppr_cnt lores_endow (hp-lp): b=  0.5024 se=  0.5244 t=  0.96 p=0.3380 CI95=[-0.525, 1.530]
Iteration 1:   deviance = 8.5116e+04  eps = .         iters = 3    tol = 1.0e-04  min(eta) =  -1.50  P   
Iteration 2:   deviance = 8.2681e+04  eps = 2.95e-02  iters = 3    tol = 1.0e-04  min(eta) =  -1.83      
Iteration 3:   deviance = 8.2659e+04  eps = 2.61e-04  iters = 2    tol = 1.0e-04  min(eta) =  -1.90      
Iteration 4:   deviance = 8.2659e+04  eps = 1.12e-07  iters = 2    tol = 1.0e-04  min(eta) =  -1.90      
Iteration 5:   deviance = 8.2659e+04  eps = 2.22e-13  iters = 2    tol = 1.0e-05  min(eta) =  -1.90   S  
Iteration 6:   deviance = 8.2659e+04  eps = 0.00e+00  iters = 2    tol = 1.0e-08  min(eta) =  -1.90   S O
------------------------------------------------------------------------------------------------------------
(legend: p: exact partial-out   s: exact solver   h: step-halving   o: epsilon below tolerance)
Converged in 6 iterations and 14 HDFE sub-iterations (tol = 1.0e-08)

HDFE PPML regression                              No. of obs      =     76,540
Absorbing 2 HDFE groups                           Residual df     =      7,653
Statistics robust to heteroskedasticity           Wald chi2(11)   =     142.99
Deviance             =  82659.14754               Prob > chi2     =     0.0000
Log pseudolikelihood = -114015.8422               Pseudo R2       =     0.1944

Number of clusters (athr_id)=      7,654
                            (Std. err. adjusted for 7,654 clusters in athr_id)
------------------------------------------------------------------------------
             |               Robust
     ppr_cnt | Coefficient  std. err.      z    P>|z|     [95% conf. interval]
-------------+----------------------------------------------------------------
      Z_y_hp |  -.6982683   .2715545    -2.57   0.010    -1.230505   -.1660312
      Z_y_lp |   -.691934   .4117622    -1.68   0.093    -1.498973    .1151052
      Z_o_hp |   .0167441    .292129     0.06   0.954    -.5558181    .5893064
      Z_o_lp |  -.0392134   .4342616    -0.09   0.928    -.8903504    .8119236
      S_y_hp |   .0408066   .1312701     0.31   0.756    -.2164781    .2980913
      S_y_lp |  -.2261554    .178322    -1.27   0.205    -.5756602    .1233494
      S_o_hp |   .0067731   .1086839     0.06   0.950    -.2062435    .2197897
      S_o_lp |  -.0993071   .1479562    -0.67   0.502    -.3892959    .1906817
     PT_y_hp |  -.0245931   .0677948    -0.36   0.717    -.1574685    .1082822
     PT_y_lp |   .2109615    .074855     2.82   0.005     .0642484    .3576747
     PT_o_hp |  -.1295632   .0624283    -2.08   0.038    -.2519204   -.0072059
       _cons |   .7706355   .0252193    30.56   0.000     .7212065    .8200644
------------------------------------------------------------------------------

Absorbed degrees of freedom:
-----------------------------------------------------+
 Absorbed FE | Categories  - Redundant  = Num. Coefs |
-------------+---------------------------------------|
     athr_id |      7654        7654           0    *|
        year |        10           1           9     |
-----------------------------------------------------+
* = FE nested within cluster; treated as redundant for DoF computation
N = 18,950; 1,895 balanced groups of size 10
N = 18,950; 122 unbalanced groups of sizes 10 to 1,100
joint-agepr PPML all_jrnls_r1_r2_public ppr_cnt y_hp: b= -0.6983 (se=  0.2716)   N=    76540 PIs=1895 Insts=122
N = 17,920; 1,792 balanced groups of size 10
N = 17,920; 126 unbalanced groups of sizes 10 to 880
joint-agepr PPML all_jrnls_r1_r2_public ppr_cnt y_lp: b= -0.6919 (se=  0.4118)   N=    76540 PIs=1792 Insts=126
N = 22,040; 2,204 balanced groups of size 10
N = 22,040; 112 unbalanced groups of sizes 10 to 1,170
joint-agepr PPML all_jrnls_r1_r2_public ppr_cnt o_hp: b=  0.0167 (se=  0.2921)   N=    76540 PIs=2204 Insts=112
N = 17,630; 1,763 balanced groups of size 10
N = 17,630; 117 unbalanced groups of sizes 10 to 950
joint-agepr PPML all_jrnls_r1_r2_public ppr_cnt o_lp: b= -0.0392 (se=  0.4343)   N=    76540 PIs=1763 Insts=117
Iteration 1:   deviance = 8.5133e+04  eps = .         iters = 3    tol = 1.0e-04  min(eta) =  -1.55  P   
Iteration 2:   deviance = 8.2788e+04  eps = 2.83e-02  iters = 2    tol = 1.0e-04  min(eta) =  -1.86      
Iteration 3:   deviance = 8.2769e+04  eps = 2.40e-04  iters = 2    tol = 1.0e-04  min(eta) =  -1.92      
Iteration 4:   deviance = 8.2769e+04  eps = 1.23e-07  iters = 2    tol = 1.0e-04  min(eta) =  -1.92      
Iteration 5:   deviance = 8.2769e+04  eps = 5.27e-13  iters = 2    tol = 1.0e-05  min(eta) =  -1.92   S  
Iteration 6:   deviance = 8.2769e+04  eps = 0.00e+00  iters = 1    tol = 1.0e-08  min(eta) =  -1.92   S  
Iteration 7:   deviance = 8.2769e+04  eps = 0.00e+00  iters = 1    tol = 1.0e-09  min(eta) =  -1.92   S O
------------------------------------------------------------------------------------------------------------
(legend: p: exact partial-out   s: exact solver   h: step-halving   o: epsilon below tolerance)
Converged in 7 iterations and 13 HDFE sub-iterations (tol = 1.0e-08)

HDFE PPML regression                              No. of obs      =     76,540
Absorbing 2 HDFE groups                           Residual df     =      7,653
Statistics robust to heteroskedasticity           Wald chi2(5)    =      66.30
Deviance             =  82768.53633               Prob > chi2     =     0.0000
Log pseudolikelihood = -114070.5366               Pseudo R2       =     0.1940

Number of clusters (athr_id)=      7,654
                            (Std. err. adjusted for 7,654 clusters in athr_id)
------------------------------------------------------------------------------
             |               Robust
     ppr_cnt | Coefficient  std. err.      z    P>|z|     [95% conf. interval]
-------------+----------------------------------------------------------------
     Z_young |  -.7247686   .2277992    -3.18   0.001    -1.171247   -.2782904
       Z_old |  -.0250747   .2456905    -0.10   0.919    -.5066193    .4564699
     S_young |  -.0753558   .1066406    -0.71   0.480    -.2843674    .1336559
       S_old |  -.0398224    .089315    -0.45   0.656    -.2148767    .1352318
    PT_young |   .1496319    .046671     3.21   0.001     .0581584    .2411054
       _cons |   .7262847   .0149155    48.69   0.000      .697051    .7555185
------------------------------------------------------------------------------

Absorbed degrees of freedom:
-----------------------------------------------------+
 Absorbed FE | Categories  - Redundant  = Num. Coefs |
-------------+---------------------------------------|
     athr_id |      7654        7654           0    *|
        year |        10           1           9     |
-----------------------------------------------------+
* = FE nested within cluster; treated as redundant for DoF computation
Warning: Variance matrix is nonsymmetric or highly singular.
N = 36,870; 3,687 balanced groups of size 10
N = 36,870; 132 unbalanced groups of sizes 10 to 1,980
file ../output/figures/all_jrnls/ppml_pdid_het_bs/ppml_pdid_ppr_cnt_young_mshrctrl_r1_r2_public.pdf saved as PDF format
Warning: Variance matrix is nonsymmetric or highly singular.
N = 39,670; 3,967 balanced groups of size 10
N = 39,670; 124 unbalanced groups of sizes 10 to 2,120
file ../output/figures/all_jrnls/ppml_pdid_het_bs/ppml_pdid_ppr_cnt_old_mshrctrl_r1_r2_public.pdf saved as PDF format
(46,670 missing values generated)
(46,670 missing values generated)
(46,670 missing values generated)
(46,670 missing values generated)
(46,670 missing values generated)
Iteration 1:   deviance = 3.2722e+04  eps = .         iters = 3    tol = 1.0e-04  min(eta) =  -1.52  P   
Iteration 2:   deviance = 3.1898e+04  eps = 2.58e-02  iters = 2    tol = 1.0e-04  min(eta) =  -1.86      
Iteration 3:   deviance = 3.1893e+04  eps = 1.78e-04  iters = 2    tol = 1.0e-04  min(eta) =  -1.93      
Iteration 4:   deviance = 3.1893e+04  eps = 4.17e-08  iters = 2    tol = 1.0e-04  min(eta) =  -1.93      
Iteration 5:   deviance = 3.1893e+04  eps = 2.78e-14  iters = 1    tol = 1.0e-05  min(eta) =  -1.93   S  
Iteration 6:   deviance = 3.1893e+04  eps = 0.00e+00  iters = 2    tol = 1.0e-09  min(eta) =  -1.93   S O
------------------------------------------------------------------------------------------------------------
(legend: p: exact partial-out   s: exact solver   h: step-halving   o: epsilon below tolerance)
Converged in 6 iterations and 12 HDFE sub-iterations (tol = 1.0e-08)

HDFE PPML regression                              No. of obs      =     29,870
Absorbing 2 HDFE groups                           Residual df     =      2,986
Statistics robust to heteroskedasticity           Wald chi2(5)    =      45.39
Deviance             =  31892.57942               Prob > chi2     =     0.0000
Log pseudolikelihood = -46009.98613               Pseudo R2       =     0.1901

Number of clusters (athr_id)=      2,987
                            (Std. err. adjusted for 2,987 clusters in athr_id)
------------------------------------------------------------------------------
             |               Robust
     ppr_cnt | Coefficient  std. err.      z    P>|z|     [95% conf. interval]
-------------+----------------------------------------------------------------
 Z_young_nih |  -.4411524   .3142032    -1.40   0.160    -1.056979    .1746746
   Z_old_nih |    .620947   .3440118     1.81   0.071    -.0533038    1.295198
 S_young_nih |  -.2162756    .149116    -1.45   0.147    -.5085375    .0759863
   S_old_nih |  -.1178765   .1364153    -0.86   0.388    -.3852456    .1494927
PT_young_nih |   .2007747   .0665544     3.02   0.003     .0703305    .3312189
       _cons |   .7937389   .0225056    35.27   0.000     .7496288    .8378491
------------------------------------------------------------------------------

Absorbed degrees of freedom:
-----------------------------------------------------+
 Absorbed FE | Categories  - Redundant  = Num. Coefs |
-------------+---------------------------------------|
     athr_id |      2987        2987           0    *|
        year |        10           1           9     |
-----------------------------------------------------+
* = FE nested within cluster; treated as redundant for DoF computation
(46,670 missing values generated)
(46,670 missing values generated)
(46,670 missing values generated)
Warning: Variance matrix is nonsymmetric or highly singular.
N = 13,950; 1,395 balanced groups of size 10
N = 13,950; 106 unbalanced groups of sizes 10 to 1,200
file ../output/figures/all_jrnls/ppml_pdid_het_bs/ppml_pdid_ppr_cnt_young_nih_mshrctrl_r1_r2_public.pdf saved as PDF format
Warning: Variance matrix is nonsymmetric or highly singular.
N = 15,920; 1,592 balanced groups of size 10
N = 15,920; 96 unbalanced groups of sizes 10 to 1,340
file ../output/figures/all_jrnls/ppml_pdid_het_bs/ppml_pdid_ppr_cnt_old_nih_mshrctrl_r1_r2_public.pdf saved as PDF format
Iteration 1:   deviance = 8.5235e+04  eps = .         iters = 4    tol = 1.0e-04  min(eta) =  -1.56  P   
Iteration 2:   deviance = 8.2885e+04  eps = 2.84e-02  iters = 2    tol = 1.0e-04  min(eta) =  -1.90      
Iteration 3:   deviance = 8.2865e+04  eps = 2.41e-04  iters = 2    tol = 1.0e-04  min(eta) =  -1.96      
Iteration 4:   deviance = 8.2865e+04  eps = 1.16e-07  iters = 2    tol = 1.0e-04  min(eta) =  -1.96      
Iteration 5:   deviance = 8.2865e+04  eps = 3.70e-13  iters = 2    tol = 1.0e-05  min(eta) =  -1.96   S  
Iteration 6:   deviance = 8.2865e+04  eps = 1.59e-16  iters = 2    tol = 1.0e-08  min(eta) =  -1.96   S O
------------------------------------------------------------------------------------------------------------
(legend: p: exact partial-out   s: exact solver   h: step-halving   o: epsilon below tolerance)
Converged in 6 iterations and 14 HDFE sub-iterations (tol = 1.0e-08)

HDFE PPML regression                              No. of obs      =     76,540
Absorbing 2 HDFE groups                           Residual df     =      7,653
Statistics robust to heteroskedasticity           Wald chi2(5)    =      16.98
Deviance             =  82864.97637               Prob > chi2     =     0.0045
Log pseudolikelihood = -114118.7566               Pseudo R2       =     0.1937

Number of clusters (athr_id)=      7,654
                            (Std. err. adjusted for 7,654 clusters in athr_id)
------------------------------------------------------------------------------
             |               Robust
     ppr_cnt | Coefficient  std. err.      z    P>|z|     [95% conf. interval]
-------------+----------------------------------------------------------------
        Z_r1 |  -.3584165   .1735185    -2.07   0.039    -.6985066   -.0183264
        Z_r2 |  -.4942035   .6319195    -0.78   0.434    -1.732743    .7443359
        S_r1 |  -.0265518   .0717743    -0.37   0.711    -.1672269    .1141233
        S_r2 |   .1116233   .2856259     0.39   0.696    -.4481932    .6714399
       PT_r1 |   .1572261   .1037717     1.52   0.130    -.0461628    .3606149
       _cons |   .6810863   .0508259    13.40   0.000     .5814693    .7807032
------------------------------------------------------------------------------

Absorbed degrees of freedom:
-----------------------------------------------------+
 Absorbed FE | Categories  - Redundant  = Num. Coefs |
-------------+---------------------------------------|
     athr_id |      7654        7654           0    *|
        year |        10           1           9     |
-----------------------------------------------------+
* = FE nested within cluster; treated as redundant for DoF computation
Warning: Variance matrix is nonsymmetric or highly singular.
N = 71,960; 7,196 balanced groups of size 10
N = 71,960; 81 unbalanced groups of sizes 10 to 3,960
file ../output/figures/all_jrnls/ppml_pdid_het_bs/ppml_pdid_ppr_cnt_r1_mshrctrl_r1_r2_public.pdf saved as PDF format
Warning: Variance matrix is nonsymmetric or highly singular.
N = 4,580; 458 balanced groups of size 10
N = 4,580; 55 unbalanced groups of sizes 10 to 610
file ../output/figures/all_jrnls/ppml_pdid_het_bs/ppml_pdid_ppr_cnt_r2_mshrctrl_r1_r2_public.pdf saved as PDF format
Iteration 1:   deviance = 8.5235e+04  eps = .         iters = 3    tol = 1.0e-04  min(eta) =  -1.48  P   
Iteration 2:   deviance = 8.2793e+04  eps = 2.95e-02  iters = 3    tol = 1.0e-04  min(eta) =  -1.81      
Iteration 3:   deviance = 8.2771e+04  eps = 2.63e-04  iters = 2    tol = 1.0e-04  min(eta) =  -1.88      
Iteration 4:   deviance = 8.2771e+04  eps = 1.10e-07  iters = 2    tol = 1.0e-04  min(eta) =  -1.88      
Iteration 5:   deviance = 8.2771e+04  eps = 1.71e-13  iters = 2    tol = 1.0e-05  min(eta) =  -1.88   S  
Iteration 6:   deviance = 8.2771e+04  eps = 1.60e-16  iters = 2    tol = 1.0e-08  min(eta) =  -1.88   S O
------------------------------------------------------------------------------------------------------------
(legend: p: exact partial-out   s: exact solver   h: step-halving   o: epsilon below tolerance)
Converged in 6 iterations and 14 HDFE sub-iterations (tol = 1.0e-08)

HDFE PPML regression                              No. of obs      =     76,540
Absorbing 2 HDFE groups                           Residual df     =      7,653
Statistics robust to heteroskedasticity           Wald chi2(5)    =      71.16
Deviance             =  82771.30497               Prob > chi2     =     0.0000
Log pseudolikelihood = -114071.9209               Pseudo R2       =     0.1940

Number of clusters (athr_id)=      7,654
                               (Std. err. adjusted for 7,654 clusters in athr_id)
---------------------------------------------------------------------------------
                |               Robust
        ppr_cnt | Coefficient  std. err.      z    P>|z|     [95% conf. interval]
----------------+----------------------------------------------------------------
 Z_high_pre_ppr |  -.3414078   .1997002    -1.71   0.087     -.732813    .0499973
  Z_low_pre_ppr |  -.3305983   .3004682    -1.10   0.271    -.9195051    .2583084
 S_high_pre_ppr |   .0497103   .0850172     0.58   0.559    -.1169204    .2163409
  S_low_pre_ppr |  -.1309916   .1170333    -1.12   0.263    -.3603726    .0983894
PT_high_pre_ppr |  -.1858511   .0474066    -3.92   0.000    -.2787664   -.0929358
          _cons |   .8197995   .0188025    43.60   0.000     .7829472    .8566517
---------------------------------------------------------------------------------

Absorbed degrees of freedom:
-----------------------------------------------------+
 Absorbed FE | Categories  - Redundant  = Num. Coefs |
-------------+---------------------------------------|
     athr_id |      7654        7654           0    *|
        year |        10           1           9     |
-----------------------------------------------------+
* = FE nested within cluster; treated as redundant for DoF computation
Warning: Variance matrix is nonsymmetric or highly singular.
N = 40,990; 4,099 balanced groups of size 10
N = 40,990; 129 unbalanced groups of sizes 10 to 2,220
file ../output/figures/all_jrnls/ppml_pdid_het_bs/ppml_pdid_ppr_cnt_high_pre_ppr_mshrctrl_r1_r2_public.pdf saved as PDF format
Warning: Variance matrix is nonsymmetric or highly singular.
N = 35,550; 3,555 balanced groups of size 10
N = 35,550; 131 unbalanced groups of sizes 10 to 1,740
file ../output/figures/all_jrnls/ppml_pdid_het_bs/ppml_pdid_ppr_cnt_low_pre_ppr_mshrctrl_r1_r2_public.pdf saved as PDF format
Iteration 1:   deviance = 8.5245e+04  eps = .         iters = 3    tol = 1.0e-04  min(eta) =  -1.54  P   
Iteration 2:   deviance = 8.2894e+04  eps = 2.84e-02  iters = 2    tol = 1.0e-04  min(eta) =  -1.86      
Iteration 3:   deviance = 8.2873e+04  eps = 2.42e-04  iters = 2    tol = 1.0e-04  min(eta) =  -1.92      
Iteration 4:   deviance = 8.2873e+04  eps = 1.22e-07  iters = 2    tol = 1.0e-04  min(eta) =  -1.92      
Iteration 5:   deviance = 8.2873e+04  eps = 4.55e-13  iters = 2    tol = 1.0e-05  min(eta) =  -1.92   S O
------------------------------------------------------------------------------------------------------------
(legend: p: exact partial-out   s: exact solver   h: step-halving   o: epsilon below tolerance)
Converged in 5 iterations and 11 HDFE sub-iterations (tol = 1.0e-08)

HDFE PPML regression                              No. of obs      =     76,540
Absorbing 2 HDFE groups                           Residual df     =      7,653
Statistics robust to heteroskedasticity           Wald chi2(5)    =      11.36
Deviance             =  82873.47123               Prob > chi2     =     0.0447
Log pseudolikelihood =  -114123.004               Pseudo R2       =     0.1936

Number of clusters (athr_id)=      7,654
                            (Std. err. adjusted for 7,654 clusters in athr_id)
------------------------------------------------------------------------------
             |               Robust
     ppr_cnt | Coefficient  std. err.      z    P>|z|     [95% conf. interval]
-------------+----------------------------------------------------------------
  Z_big_team |  -.4714191   .2496305    -1.89   0.059     -.960686    .0178477
Z_small_team |  -.2812401   .2259531    -1.24   0.213    -.7241002    .1616199
  S_big_team |   .0275475   .1085109     0.25   0.800    -.1851298    .2402249
S_small_team |  -.0494619   .0903135    -0.55   0.584     -.226473    .1275493
 PT_big_team |   .0200261   .0468996     0.43   0.669    -.0718955    .1119476
       _cons |   .7501049   .0156529    47.92   0.000     .7194259     .780784
------------------------------------------------------------------------------

Absorbed degrees of freedom:
-----------------------------------------------------+
 Absorbed FE | Categories  - Redundant  = Num. Coefs |
-------------+---------------------------------------|
     athr_id |      7654        7654           0    *|
        year |        10           1           9     |
-----------------------------------------------------+
* = FE nested within cluster; treated as redundant for DoF computation
Warning: Variance matrix is nonsymmetric or highly singular.
N = 38,270; 3,827 balanced groups of size 10
N = 38,270; 126 unbalanced groups of sizes 10 to 2,140
file ../output/figures/all_jrnls/ppml_pdid_het_bs/ppml_pdid_ppr_cnt_big_team_mshrctrl_r1_r2_public.pdf saved as PDF format
Warning: Variance matrix is nonsymmetric or highly singular.
N = 38,270; 3,827 balanced groups of size 10
N = 38,270; 134 unbalanced groups of sizes 10 to 1,820
file ../output/figures/all_jrnls/ppml_pdid_het_bs/ppml_pdid_ppr_cnt_small_team_mshrctrl_r1_r2_public.pdf saved as PDF format
(46,790 missing values generated)
(46,790 missing values generated)
(46,790 missing values generated)
(46,790 missing values generated)
(46,790 missing values generated)
Iteration 1:   deviance = 3.2648e+04  eps = .         iters = 3    tol = 1.0e-04  min(eta) =  -1.50  P   
Iteration 2:   deviance = 3.1824e+04  eps = 2.59e-02  iters = 2    tol = 1.0e-04  min(eta) =  -1.84      
Iteration 3:   deviance = 3.1818e+04  eps = 1.81e-04  iters = 2    tol = 1.0e-04  min(eta) =  -1.92      
Iteration 4:   deviance = 3.1818e+04  eps = 4.49e-08  iters = 2    tol = 1.0e-04  min(eta) =  -1.92      
Iteration 5:   deviance = 3.1818e+04  eps = 3.09e-14  iters = 2    tol = 1.0e-05  min(eta) =  -1.92   S O
------------------------------------------------------------------------------------------------------------
(legend: p: exact partial-out   s: exact solver   h: step-halving   o: epsilon below tolerance)
Converged in 5 iterations and 11 HDFE sub-iterations (tol = 1.0e-08)

HDFE PPML regression                              No. of obs      =     29,750
Absorbing 2 HDFE groups                           Residual df     =      2,974
Statistics robust to heteroskedasticity           Wald chi2(5)    =       6.15
Deviance             =  31817.98911               Prob > chi2     =     0.2921
Log pseudolikelihood = -45877.05727               Pseudo R2       =     0.1896

Number of clusters (athr_id)=      2,975
                            (Std. err. adjusted for 2,975 clusters in athr_id)
------------------------------------------------------------------------------
             |               Robust
     ppr_cnt | Coefficient  std. err.      z    P>|z|     [95% conf. interval]
-------------+----------------------------------------------------------------
 Z_high_nihg |   .2658528   .2679673     0.99   0.321    -.2593535    .7910591
  Z_low_nihg |  -.3747003   .4524048    -0.83   0.408    -1.261397    .5119969
 S_high_nihg |  -.2048683   .1138199    -1.80   0.072    -.4279513    .0182146
  S_low_nihg |    .048381   .2050789     0.24   0.813    -.3535663    .4503282
PT_high_nihg |   .0873597   .0754561     1.16   0.247    -.0605316     .235251
       _cons |   .8081031   .0334707    24.14   0.000     .7425017    .8737045
------------------------------------------------------------------------------

Absorbed degrees of freedom:
-----------------------------------------------------+
 Absorbed FE | Categories  - Redundant  = Num. Coefs |
-------------+---------------------------------------|
     athr_id |      2975        2975           0    *|
        year |        10           1           9     |
-----------------------------------------------------+
* = FE nested within cluster; treated as redundant for DoF computation
(46,790 missing values generated)
(46,790 missing values generated)
(46,790 missing values generated)
Warning: Variance matrix is nonsymmetric or highly singular.
N = 18,750; 1,875 balanced groups of size 10
N = 18,750; 94 unbalanced groups of sizes 10 to 1,770
file ../output/figures/all_jrnls/ppml_pdid_het_bs/ppml_pdid_ppr_cnt_high_nihg_mshrctrl_r1_r2_public.pdf saved as PDF format
Warning: Variance matrix is nonsymmetric or highly singular.
N = 11,000; 1,100 balanced groups of size 10
N = 11,000; 105 unbalanced groups of sizes 10 to 750
file ../output/figures/all_jrnls/ppml_pdid_het_bs/ppml_pdid_ppr_cnt_low_nihg_mshrctrl_r1_r2_public.pdf saved as PDF format
(46,790 missing values generated)
(46,790 missing values generated)
(46,790 missing values generated)
(46,790 missing values generated)
(46,790 missing values generated)
Iteration 1:   deviance = 3.2641e+04  eps = .         iters = 3    tol = 1.0e-04  min(eta) =  -1.49  P   
Iteration 2:   deviance = 3.1817e+04  eps = 2.59e-02  iters = 2    tol = 1.0e-04  min(eta) =  -1.84      
Iteration 3:   deviance = 3.1811e+04  eps = 1.80e-04  iters = 2    tol = 1.0e-04  min(eta) =  -1.91      
Iteration 4:   deviance = 3.1811e+04  eps = 4.47e-08  iters = 2    tol = 1.0e-04  min(eta) =  -1.91      
Iteration 5:   deviance = 3.1811e+04  eps = 3.07e-14  iters = 2    tol = 1.0e-05  min(eta) =  -1.91   S  
Iteration 6:   deviance = 3.1811e+04  eps = 0.00e+00  iters = 2    tol = 1.0e-09  min(eta) =  -1.91   S O
------------------------------------------------------------------------------------------------------------
(legend: p: exact partial-out   s: exact solver   h: step-halving   o: epsilon below tolerance)
Converged in 6 iterations and 13 HDFE sub-iterations (tol = 1.0e-08)

HDFE PPML regression                              No. of obs      =     29,750
Absorbing 2 HDFE groups                           Residual df     =      2,974
Statistics robust to heteroskedasticity           Wald chi2(5)    =      10.35
Deviance             =  31810.82623               Prob > chi2     =     0.0658
Log pseudolikelihood = -45873.47583               Pseudo R2       =     0.1897

Number of clusters (athr_id)=      2,975
                            (Std. err. adjusted for 2,975 clusters in athr_id)
------------------------------------------------------------------------------
             |               Robust
     ppr_cnt | Coefficient  std. err.      z    P>|z|     [95% conf. interval]
-------------+----------------------------------------------------------------
 Z_high_nihd |   .1478527   .2919846     0.51   0.613    -.4244266     .720132
  Z_low_nihd |  -.0751999   .3811365    -0.20   0.844    -.8222138     .671814
 S_high_nihd |  -.2801677   .1282839    -2.18   0.029    -.5315996   -.0287358
  S_low_nihd |    .082721   .1608885     0.51   0.607    -.2326146    .3980566
PT_high_nihd |   .1558512   .0672735     2.32   0.021     .0239975    .2877049
       _cons |    .792481    .026767    29.61   0.000     .7400186    .8449435
------------------------------------------------------------------------------

Absorbed degrees of freedom:
-----------------------------------------------------+
 Absorbed FE | Categories  - Redundant  = Num. Coefs |
-------------+---------------------------------------|
     athr_id |      2975        2975           0    *|
        year |        10           1           9     |
-----------------------------------------------------+
* = FE nested within cluster; treated as redundant for DoF computation
(46,790 missing values generated)
(46,790 missing values generated)
(46,790 missing values generated)
Warning: Variance matrix is nonsymmetric or highly singular.
N = 14,880; 1,488 balanced groups of size 10
N = 14,880; 82 unbalanced groups of sizes 10 to 1,530
file ../output/figures/all_jrnls/ppml_pdid_het_bs/ppml_pdid_ppr_cnt_high_nihd_mshrctrl_r1_r2_public.pdf saved as PDF format
Warning: Variance matrix is nonsymmetric or highly singular.
N = 14,870; 1,487 balanced groups of size 10
N = 14,870; 108 unbalanced groups of sizes 10 to 990
file ../output/figures/all_jrnls/ppml_pdid_het_bs/ppml_pdid_ppr_cnt_low_nihd_mshrctrl_r1_r2_public.pdf saved as PDF format
(13,390 missing values generated)
(13,390 missing values generated)
(13,390 missing values generated)
(13,390 missing values generated)
(13,390 missing values generated)
Iteration 1:   deviance = 7.0720e+04  eps = .         iters = 3    tol = 1.0e-04  min(eta) =  -1.54  P   
Iteration 2:   deviance = 6.8775e+04  eps = 2.83e-02  iters = 2    tol = 1.0e-04  min(eta) =  -1.85      
Iteration 3:   deviance = 6.8759e+04  eps = 2.41e-04  iters = 2    tol = 1.0e-04  min(eta) =  -1.91      
Iteration 4:   deviance = 6.8759e+04  eps = 1.23e-07  iters = 2    tol = 1.0e-04  min(eta) =  -1.91      
Iteration 5:   deviance = 6.8759e+04  eps = 4.30e-13  iters = 2    tol = 1.0e-05  min(eta) =  -1.91   S  
Iteration 6:   deviance = 6.8759e+04  eps = 0.00e+00  iters = 2    tol = 1.0e-08  min(eta) =  -1.91   S O
------------------------------------------------------------------------------------------------------------
(legend: p: exact partial-out   s: exact solver   h: step-halving   o: epsilon below tolerance)
Converged in 6 iterations and 13 HDFE sub-iterations (tol = 1.0e-08)

HDFE PPML regression                              No. of obs      =     63,150
Absorbing 2 HDFE groups                           Residual df     =      6,314
Statistics robust to heteroskedasticity           Wald chi2(5)    =      18.57
Deviance             =  68758.86447               Prob > chi2     =     0.0023
Log pseudolikelihood = -94923.45973               Pseudo R2       =     0.1943

Number of clusters (athr_id)=      6,315
                            (Std. err. adjusted for 6,315 clusters in athr_id)
------------------------------------------------------------------------------
             |               Robust
     ppr_cnt | Coefficient  std. err.      z    P>|z|     [95% conf. interval]
-------------+----------------------------------------------------------------
  Z_hiw_tfnd |   -.553923   .2321943    -2.39   0.017    -1.009016   -.0988305
  Z_low_tfnd |   -.042359   .2851239    -0.15   0.882    -.6011915    .5164736
  S_hiw_tfnd |  -.1522271   .0985936    -1.54   0.123    -.3454671    .0410128
  S_low_tfnd |   .0251965   .1171624     0.22   0.830    -.2044376    .2548305
 PT_hiw_tfnd |   .1264089   .0512996     2.46   0.014     .0258634    .2269543
       _cons |   .7459131   .0196994    37.86   0.000      .707303    .7845232
------------------------------------------------------------------------------

Absorbed degrees of freedom:
-----------------------------------------------------+
 Absorbed FE | Categories  - Redundant  = Num. Coefs |
-------------+---------------------------------------|
     athr_id |      6315        6315           0    *|
        year |        10           1           9     |
-----------------------------------------------------+
* = FE nested within cluster; treated as redundant for DoF computation
(13,390 missing values generated)
(13,390 missing values generated)
(13,390 missing values generated)
Warning: Variance matrix is nonsymmetric or highly singular.
N = 32,280; 3,228 balanced groups of size 10
N = 32,280; 14 unbalanced groups of sizes 710 to 3,960
file ../output/figures/all_jrnls/ppml_pdid_het_bs/ppml_pdid_ppr_cnt_hiw_tfnd_mshrctrl_r1_r2_public.pdf saved as PDF format
Warning: Variance matrix is nonsymmetric or highly singular.
N = 30,870; 3,087 balanced groups of size 10
N = 30,870; 95 unbalanced groups of sizes 10 to 1,510
file ../output/figures/all_jrnls/ppml_pdid_het_bs/ppml_pdid_ppr_cnt_low_tfnd_mshrctrl_r1_r2_public.pdf saved as PDF format
(13,450 missing values generated)
(13,450 missing values generated)
(13,450 missing values generated)
(13,450 missing values generated)
(13,450 missing values generated)
Iteration 1:   deviance = 7.0684e+04  eps = .         iters = 3    tol = 1.0e-04  min(eta) =  -1.54  P   
Iteration 2:   deviance = 6.8739e+04  eps = 2.83e-02  iters = 2    tol = 1.0e-04  min(eta) =  -1.86      
Iteration 3:   deviance = 6.8723e+04  eps = 2.41e-04  iters = 2    tol = 1.0e-04  min(eta) =  -1.93      
Iteration 4:   deviance = 6.8723e+04  eps = 1.24e-07  iters = 2    tol = 1.0e-04  min(eta) =  -1.93      
Iteration 5:   deviance = 6.8723e+04  eps = 4.30e-13  iters = 2    tol = 1.0e-05  min(eta) =  -1.93   S  
Iteration 6:   deviance = 6.8723e+04  eps = 1.95e-16  iters = 2    tol = 1.0e-08  min(eta) =  -1.93   S O
------------------------------------------------------------------------------------------------------------
(legend: p: exact partial-out   s: exact solver   h: step-halving   o: epsilon below tolerance)
Converged in 6 iterations and 13 HDFE sub-iterations (tol = 1.0e-08)

HDFE PPML regression                              No. of obs      =     63,090
Absorbing 2 HDFE groups                           Residual df     =      6,308
Statistics robust to heteroskedasticity           Wald chi2(5)    =      11.64
Deviance             =  68722.88638               Prob > chi2     =     0.0401
Log pseudolikelihood = -94857.21518               Pseudo R2       =     0.1942

Number of clusters (athr_id)=      6,309
                            (Std. err. adjusted for 6,309 clusters in athr_id)
------------------------------------------------------------------------------
             |               Robust
     ppr_cnt | Coefficient  std. err.      z    P>|z|     [95% conf. interval]
-------------+----------------------------------------------------------------
   Z_hiw_lsf |   -.609799   .2499095    -2.44   0.015    -1.099613   -.1199854
   Z_low_lsf |  -.0529863   .2629998    -0.20   0.840    -.5684564    .4624837
   S_hiw_lsf |  -.1285898   .1022054    -1.26   0.208    -.3289086    .0717291
   S_low_lsf |  -.0196464   .1116323    -0.18   0.860    -.2384416    .1991488
  PT_hiw_lsf |   .0844712   .0509094     1.66   0.097    -.0153093    .1842518
       _cons |   .7598989   .0189504    40.10   0.000     .7227568    .7970411
------------------------------------------------------------------------------

Absorbed degrees of freedom:
-----------------------------------------------------+
 Absorbed FE | Categories  - Redundant  = Num. Coefs |
-------------+---------------------------------------|
     athr_id |      6309        6309           0    *|
        year |        10           1           9     |
-----------------------------------------------------+
* = FE nested within cluster; treated as redundant for DoF computation
(13,450 missing values generated)
(13,450 missing values generated)
(13,450 missing values generated)
Warning: Variance matrix is nonsymmetric or highly singular.
N = 31,600; 3,160 balanced groups of size 10
N = 31,600; 13 unbalanced groups of sizes 1,200 to 3,960
file ../output/figures/all_jrnls/ppml_pdid_het_bs/ppml_pdid_ppr_cnt_hiw_lsf_mshrctrl_r1_r2_public.pdf saved as PDF format
Warning: Variance matrix is nonsymmetric or highly singular.
N = 31,490; 3,149 balanced groups of size 10
N = 31,490; 95 unbalanced groups of sizes 10 to 1,610
file ../output/figures/all_jrnls/ppml_pdid_het_bs/ppml_pdid_ppr_cnt_low_lsf_mshrctrl_r1_r2_public.pdf saved as PDF format
(1,790 missing values generated)
(1,790 missing values generated)
(1,790 missing values generated)
(1,790 missing values generated)
(1,790 missing values generated)
Iteration 1:   deviance = 8.3209e+04  eps = .         iters = 3    tol = 1.0e-04  min(eta) =  -1.54  P   
Iteration 2:   deviance = 8.0908e+04  eps = 2.84e-02  iters = 2    tol = 1.0e-04  min(eta) =  -1.84      
Iteration 3:   deviance = 8.0889e+04  eps = 2.44e-04  iters = 2    tol = 1.0e-04  min(eta) =  -1.90      
Iteration 4:   deviance = 8.0889e+04  eps = 1.23e-07  iters = 2    tol = 1.0e-04  min(eta) =  -1.90      
Iteration 5:   deviance = 8.0889e+04  eps = 4.46e-13  iters = 2    tol = 1.0e-05  min(eta) =  -1.90   S  
Iteration 6:   deviance = 8.0889e+04  eps = 1.64e-16  iters = 2    tol = 1.0e-08  min(eta) =  -1.90   S O
------------------------------------------------------------------------------------------------------------
(legend: p: exact partial-out   s: exact solver   h: step-halving   o: epsilon below tolerance)
Converged in 6 iterations and 13 HDFE sub-iterations (tol = 1.0e-08)

HDFE PPML regression                              No. of obs      =     74,750
Absorbing 2 HDFE groups                           Residual df     =      7,474
Statistics robust to heteroskedasticity           Wald chi2(5)    =      15.93
Deviance             =   80888.7515               Prob > chi2     =     0.0071
Log pseudolikelihood = -111463.4354               Pseudo R2       =     0.1940

Number of clusters (athr_id)=      7,475
                            (Std. err. adjusted for 7,475 clusters in athr_id)
------------------------------------------------------------------------------
             |               Robust
     ppr_cnt | Coefficient  std. err.      z    P>|z|     [95% conf. interval]
-------------+----------------------------------------------------------------
 Z_hiw_endow |  -.5458118   .2230201    -2.45   0.014    -.9829232   -.1087004
 Z_low_endow |  -.1265717   .2536431    -0.50   0.618    -.6237031    .3705598
 S_hiw_endow |  -.1204479   .0918066    -1.31   0.190    -.3003855    .0594897
 S_low_endow |   .0859042   .1064389     0.81   0.420    -.1227122    .2945206
PT_hiw_endow |      .1191   .0469435     2.54   0.011     .0270925    .2111076
       _cons |   .7259496    .017634    41.17   0.000     .6913877    .7605116
------------------------------------------------------------------------------

Absorbed degrees of freedom:
-----------------------------------------------------+
 Absorbed FE | Categories  - Redundant  = Num. Coefs |
-------------+---------------------------------------|
     athr_id |      7475        7475           0    *|
        year |        10           1           9     |
-----------------------------------------------------+
* = FE nested within cluster; treated as redundant for DoF computation
(1,790 missing values generated)
(1,790 missing values generated)
(1,790 missing values generated)
Warning: Variance matrix is nonsymmetric or highly singular.
N = 37,900; 3,790 balanced groups of size 10
N = 37,900; 28 unbalanced groups of sizes 50 to 3,960
file ../output/figures/all_jrnls/ppml_pdid_het_bs/ppml_pdid_ppr_cnt_hiw_endow_mshrctrl_r1_r2_public.pdf saved as PDF format
Warning: Variance matrix is nonsymmetric or highly singular.
N = 36,850; 3,685 balanced groups of size 10
N = 36,850; 106 unbalanced groups of sizes 10 to 2,740
file ../output/figures/all_jrnls/ppml_pdid_het_bs/ppml_pdid_ppr_cnt_low_endow_mshrctrl_r1_r2_public.pdf saved as PDF format
(40 observations deleted)
(20 missing values generated)
(6 observations deleted)
(note:  named style cme not found in class gsize, default attributes used)
(note:  named style o not found in class gsize, default attributes used)
(note:  named style cme not found in class gsize, default attributes used)
(note:  named style o not found in class gsize, default attributes used)
(note:  named style cme not found in class gsize, default attributes used)
(note:  named style o not found in class gsize, default attributes used)
(note:  named style vsma not found in class gsize, default attributes used)
file ../output/figures/all_jrnls/coefplot_evavg/ppml_het_coefplot_ppr_cnt_med_pi_pi_r1_r2_public.pdf saved as PDF format
wrote ../output/figures/all_jrnls/coefplot_evavg/ppml_het_coefplot_ppr_cnt_med_pi_pi_r1_r2_public.pdf
(40 observations deleted)
(20 missing values generated)
(16 observations deleted)
(note:  named style cme not found in class gsize, default attributes used)
(note:  named style o not found in class gsize, default attributes used)
(note:  named style cme not found in class gsize, default attributes used)
(note:  named style o not found in class gsize, default attributes used)
(note:  named style cme not found in class gsize, default attributes used)
(note:  named style o not found in class gsize, default attributes used)
(note:  named style vsma not found in class gsize, default attributes used)
file ../output/figures/all_jrnls/coefplot_evavg/ppml_het_coefplot_ppr_cnt_med_pi_ic_fund_r1_r2_public.pdf saved as PDF format
wrote ../output/figures/all_jrnls/coefplot_evavg/ppml_het_coefplot_ppr_cnt_med_pi_ic_fund_r1_r2_public.pdf
(40 observations deleted)
(20 missing values generated)
(18 observations deleted)
(note:  named style cme not found in class gsize, default attributes used)
(note:  named style o not found in class gsize, default attributes used)
(note:  named style cme not found in class gsize, default attributes used)
(note:  named style o not found in class gsize, default attributes used)
(note:  named style cme not found in class gsize, default attributes used)
(note:  named style o not found in class gsize, default attributes used)
(note:  named style vsma not found in class gsize, default attributes used)
file ../output/figures/all_jrnls/coefplot_evavg/ppml_het_coefplot_ppr_cnt_med_pi_ic_expx_r1_r2_public.pdf saved as PDF format
wrote ../output/figures/all_jrnls/coefplot_evavg/ppml_het_coefplot_ppr_cnt_med_pi_ic_expx_r1_r2_public.pdf
(40 observations deleted)
(20 missing values generated)
(0 observations deleted)
(note:  named style cme not found in class gsize, default attributes used)
(note:  named style o not found in class gsize, default attributes used)
(note:  named style cme not found in class gsize, default attributes used)
(note:  named style o not found in class gsize, default attributes used)
(note:  named style cme not found in class gsize, default attributes used)
(note:  named style o not found in class gsize, default attributes used)
(note:  named style vsma not found in class gsize, default attributes used)
file ../output/figures/all_jrnls/coefplot_evavg/ppml_het_coefplot_ppr_cnt_med_pi_all_r1_r2_public.pdf saved as PDF format
wrote ../output/figures/all_jrnls/coefplot_evavg/ppml_het_coefplot_ppr_cnt_med_pi_all_r1_r2_public.pdf
(48 observations deleted)
(12 missing values generated)
(note:  named style cme not found in class gsize, default attributes used)
(note:  named style o not found in class gsize, default attributes used)
(note:  named style cme not found in class gsize, default attributes used)
(note:  named style o not found in class gsize, default attributes used)
(note:  named style cme not found in class gsize, default attributes used)
(note:  named style o not found in class gsize, default attributes used)
(note:  named style vsma not found in class gsize, default attributes used)
file ../output/figures/all_jrnls/coefplot_evavg/ppml_het_coefplot_ppr_cnt_joint_ae_paired_r1_r2_public.pdf saved as PDF format
wrote joint_ae_paired coefplot for ppr_cnt mshrctrl
(48 observations deleted)
(12 missing values generated)
(note:  named style cme not found in class gsize, default attributes used)
(note:  named style o not found in class gsize, default attributes used)
(note:  named style cme not found in class gsize, default attributes used)
(note:  named style o not found in class gsize, default attributes used)
(note:  named style cme not found in class gsize, default attributes used)
(note:  named style o not found in class gsize, default attributes used)
(note:  named style vsma not found in class gsize, default attributes used)
file ../output/figures/all_jrnls/coefplot_evavg/ppml_het_coefplot_ppr_cnt_joint_ae_prppr_paired_r1_r2_public.pdf saved as PDF format
wrote joint_ae_prppr_paired coefplot for ppr_cnt mshrctrl
(56 observations deleted)
(note:  named style cme not found in class gsize, default attributes used)
(note:  named style o not found in class gsize, default attributes used)
(note:  named style cme not found in class gsize, default attributes used)
(note:  named style o not found in class gsize, default attributes used)
(note:  named style cme not found in class gsize, default attributes used)
(note:  named style o not found in class gsize, default attributes used)
(note:  named style vsma not found in class gsize, default attributes used)
file ../output/figures/all_jrnls/coefplot_evavg/ppml_het_coefplot_ppr_cnt_joint_agepr_r1_r2_public.pdf saved as PDF format
wrote joint_agepr coefplot for ppr_cnt mshrctrl
file ../temp/phet_results_all_jrnls_r1_r2_public.dta saved
file ../output/tables/all_jrnls/phet_results_r1_r2_public.txt saved

. 
end of do-file


. [?1l>